shelter_id,shelter_name,district,state,hazard_type,latitude,longitude,capacity_people,current_occupancy,vulnerable_ratio,days_isolated,road_access,power_backup_hours,food_rations_kg,water_liters,medical_kits,blankets_count,target_shortage_score,target_urgency_class,target_action_code
SH-DAR-0001,Darbhanga Sector-8 Relief Center,Darbhanga,Bihar,flood,26.01664,86.02066,300,194,0.416,4.47,1,15.7,176.3,394.6,3.2,130.7,91.97,CRITICAL_DEFICIT,0
SH-IDU-0002,Idukki Sector-19 Relief Center,Idukki,Kerala,flood,9.78664,76.94003,300,167,0.222,1.22,1,10.5,653.8,1830.5,8.6,388.4,48.13,DEFICIT,1
SH-BAL-0003,Balasore Sector-6 Relief Center,Balasore,Odisha,cyclone,21.17712,87.1865,150,76,0.389,2.11,1,28.7,162.3,402.9,2.8,86.1,81.13,CRITICAL_DEFICIT,0
SH-KUT-0004,Kutch Sector-11 Relief Center,Kutch,Gujarat,earthquake,23.56447,70.01262,150,105,0.339,0.25,1,45.8,172.0,416.0,3.1,168.7,85.94,CRITICAL_DEFICIT,0
SH-VIS-0005,Visakhapatnam Sector-14 Relief Center,Visakhapatnam,Andhra Pradesh,cyclone,17.77715,83.60301,300,20,0.306,5.95,1,50.6,15.0,30.5,0.2,14.3,93.4,CRITICAL_DEFICIT,0
SH-KUT-0006,Kutch Sector-12 Relief Center,Kutch,Gujarat,earthquake,23.58112,69.78066,150,69,0.186,4.26,0,24.1,110.4,198.8,1.6,106.2,100.0,CRITICAL_DEFICIT,0
SH-KAZ-0007,Kaziranga Sector-17 Relief Center,Kaziranga,Assam,flood,26.65283,92.80647,150,96,0.205,2.85,1,59.4,143.8,309.4,2.0,125.0,78.23,CRITICAL_DEFICIT,0
SH-DHU-0008,Dhubri Sector-11 Relief Center,Dhubri,Assam,flood,26.372,90.32228,800,358,0.149,4.15,1,31.7,2586.3,6886.4,32.4,1795.7,0.0,BALANCED,2
SH-IDU-0009,Idukki Sector-16 Relief Center,Idukki,Kerala,flood,10.05278,76.67328,300,57,0.236,3.24,0,28.5,85.5,159.1,2.0,63.1,100.0,CRITICAL_DEFICIT,0
SH-VIS-0010,Visakhapatnam Sector-18 Relief Center,Visakhapatnam,Andhra Pradesh,cyclone,17.82852,83.17737,150,135,0.096,2.62,0,38.8,38.4,76.9,0.5,37.7,100.0,CRITICAL_DEFICIT,0
SH-KUT-0011,Kutch Sector-2 Relief Center,Kutch,Gujarat,earthquake,23.96133,69.85227,300,205,0.648,13.03,0,34.9,908.1,1903.7,24.9,649.1,68.66,DEFICIT,1
SH-UTT-0012,Uttarkashi Sector-1 Relief Center,Uttarkashi,Uttarakhand,earthquake,30.61368,78.62966,300,308,0.133,0.38,1,30.4,1248.5,2667.7,16.7,1089.9,53.78,DEFICIT,1
SH-VIS-0013,Visakhapatnam Sector-7 Relief Center,Visakhapatnam,Andhra Pradesh,cyclone,17.851,82.85952,300,160,0.166,2.16,1,65.7,149.2,250.1,1.6,131.6,87.45,CRITICAL_DEFICIT,0
SH-KAZ-0014,Kaziranga Sector-8 Relief Center,Kaziranga,Assam,flood,26.07962,93.27761,500,540,0.416,9.31,0,42.9,474.1,826.5,6.4,462.3,100.0,CRITICAL_DEFICIT,0
SH-DAR-0015,Darbhanga Sector-1 Relief Center,Darbhanga,Bihar,flood,26.59952,85.72245,150,105,0.069,2.02,1,0.0,104.2,172.4,1.1,37.9,89.99,CRITICAL_DEFICIT,0
SH-PUR-0016,Puri Sector-4 Relief Center,Puri,Odisha,cyclone,19.98827,85.98117,150,54,0.288,4.85,0,20.4,114.3,278.8,2.0,87.1,90.41,CRITICAL_DEFICIT,0
SH-PUR-0017,Puri Sector-12 Relief Center,Puri,Odisha,cyclone,19.9338,85.94796,300,263,0.131,2.48,0,38.6,206.2,553.4,4.1,204.9,100.0,CRITICAL_DEFICIT,0
SH-SOU-0018,South 24 Parganas Sector-5 Relief Center,South 24 Parganas,West Bengal,cyclone,22.45462,88.39471,150,106,0.075,0.26,1,31.1,394.7,917.2,3.9,155.7,51.08,DEFICIT,1
SH-UTT-0019,Uttarkashi Sector-4 Relief Center,Uttarkashi,Uttarakhand,earthquake,31.02803,78.13623,1200,601,0.186,2.91,0,25.0,961.8,2104.9,21.5,414.6,97.4,CRITICAL_DEFICIT,0
SH-KUT-0020,Kutch Sector-17 Relief Center,Kutch,Gujarat,earthquake,23.37168,69.50783,1200,609,0.412,0.03,1,29.8,2359.9,7033.4,45.8,1236.1,50.8,DEFICIT,1
SH-KAT-0021,Katihar Sector-12 Relief Center,Katihar,Bihar,flood,24.91301,87.85728,2000,206,0.216,0.45,1,7.8,900.8,2680.4,10.3,537.2,48.86,DEFICIT,1
SH-KAT-0022,Katihar Sector-4 Relief Center,Katihar,Bihar,flood,25.19089,87.7676,300,366,0.252,6.75,0,50.6,89.0,192.3,2.0,88.2,100.0,CRITICAL_DEFICIT,0
SH-WAY-0023,Wayanad Sector-3 Relief Center,Wayanad,Kerala,flood,11.41106,76.10337,150,128,0.181,3.54,1,38.5,101.6,201.7,1.4,47.9,94.18,CRITICAL_DEFICIT,0
SH-BAL-0024,Balasore Sector-2 Relief Center,Balasore,Odisha,cyclone,21.617,86.70653,300,113,0.155,1.36,0,48.2,228.2,661.3,4.1,225.2,94.77,CRITICAL_DEFICIT,0
SH-CHA-0025,Chamoli Sector-6 Relief Center,Chamoli,Uttarakhand,earthquake,30.7415,79.3903,300,143,0.05,0.17,1,21.4,241.7,465.5,3.7,135.6,75.47,CRITICAL_DEFICIT,0
SH-CHA-0026,Chamoli Sector-8 Relief Center,Chamoli,Uttarakhand,earthquake,30.93104,79.41915,500,192,0.362,1.07,1,14.5,350.4,746.9,9.5,146.9,78.46,CRITICAL_DEFICIT,0
SH-IDU-0027,Idukki Sector-15 Relief Center,Idukki,Kerala,flood,9.55932,77.10965,300,258,0.208,3.19,1,10.0,66.0,171.4,1.5,55.0,95.57,CRITICAL_DEFICIT,0
SH-WAY-0028,Wayanad Sector-7 Relief Center,Wayanad,Kerala,flood,11.27063,75.93923,300,291,0.146,0.23,1,35.8,575.2,1287.2,6.6,300.6,80.66,CRITICAL_DEFICIT,0
SH-BAL-0029,Balasore Sector-6 Relief Center,Balasore,Odisha,cyclone,21.16599,86.91069,500,162,0.189,10.1,1,9.0,173.2,492.7,3.7,87.5,89.52,CRITICAL_DEFICIT,0
SH-WAY-0030,Wayanad Sector-19 Relief Center,Wayanad,Kerala,flood,11.44101,76.2035,800,689,0.163,6.72,1,26.5,1175.3,2667.2,20.3,821.9,81.71,CRITICAL_DEFICIT,0
SH-SOU-0031,South 24 Parganas Sector-17 Relief Center,South 24 Parganas,West Bengal,cyclone,21.88205,88.75152,150,25,0.397,11.76,1,51.1,26.3,69.6,0.4,22.5,92.31,CRITICAL_DEFICIT,0
SH-UTT-0032,Uttarkashi Sector-5 Relief Center,Uttarkashi,Uttarakhand,earthquake,30.90089,78.35578,150,95,0.211,2.45,1,16.8,176.3,375.7,2.8,121.3,73.07,CRITICAL_DEFICIT,0
SH-VIS-0033,Visakhapatnam Sector-15 Relief Center,Visakhapatnam,Andhra Pradesh,cyclone,18.04492,82.84885,800,629,0.397,0.57,1,37.0,1247.5,2217.4,27.3,730.9,91.39,CRITICAL_DEFICIT,0
SH-KUT-0034,Kutch Sector-4 Relief Center,Kutch,Gujarat,earthquake,23.50029,69.60505,500,447,0.55,2.19,1,14.8,948.6,1753.0,24.7,636.1,83.58,CRITICAL_DEFICIT,0
SH-UTT-0035,Uttarkashi Sector-16 Relief Center,Uttarkashi,Uttarakhand,earthquake,30.73853,78.21652,500,453,0.207,6.49,0,14.8,162.3,455.6,2.0,153.7,100.0,CRITICAL_DEFICIT,0
SH-KAT-0036,Katihar Sector-9 Relief Center,Katihar,Bihar,flood,25.82765,87.17575,150,165,0.307,6.27,0,38.5,57.7,114.2,1.2,25.6,100.0,CRITICAL_DEFICIT,0
SH-IDU-0037,Idukki Sector-8 Relief Center,Idukki,Kerala,flood,10.07587,76.91378,300,103,0.316,1.6,1,14.2,34.3,77.8,0.7,21.5,100.0,CRITICAL_DEFICIT,0
SH-SOU-0038,South 24 Parganas Sector-7 Relief Center,South 24 Parganas,West Bengal,cyclone,21.61685,88.61506,500,284,0.291,0.55,1,0.0,478.3,1162.6,12.0,337.0,83.62,CRITICAL_DEFICIT,0
SH-KAT-0039,Katihar Sector-11 Relief Center,Katihar,Bihar,flood,25.70995,87.74934,1200,988,0.072,0.33,0,37.9,1923.5,5593.9,31.2,1071.8,88.53,CRITICAL_DEFICIT,0
SH-DAR-0040,Darbhanga Sector-6 Relief Center,Darbhanga,Bihar,flood,26.42634,86.08089,500,166,0.319,1.59,1,6.4,300.3,802.3,6.9,180.7,81.56,CRITICAL_DEFICIT,0
SH-KAN-0041,Kangra Sector-13 Relief Center,Kangra,Himachal Pradesh,earthquake,31.79976,76.27371,500,351,0.479,3.18,1,11.8,95.3,191.3,2.6,47.7,100.0,CRITICAL_DEFICIT,0
SH-IDU-0042,Idukki Sector-14 Relief Center,Idukki,Kerala,flood,10.42389,76.94147,150,136,0.481,3.17,1,9.6,242.5,621.3,7.5,199.2,83.83,CRITICAL_DEFICIT,0
SH-CHA-0043,Chamoli Sector-2 Relief Center,Chamoli,Uttarakhand,earthquake,30.04321,79.42115,150,55,0.447,2.97,1,13.9,93.5,164.7,2.8,39.7,88.03,CRITICAL_DEFICIT,0
SH-UTT-0044,Uttarkashi Sector-8 Relief Center,Uttarkashi,Uttarakhand,earthquake,30.88197,78.70154,500,245,0.334,2.77,1,42.5,529.1,1275.9,10.4,286.7,76.28,CRITICAL_DEFICIT,0
SH-VIS-0045,Visakhapatnam Sector-7 Relief Center,Visakhapatnam,Andhra Pradesh,cyclone,17.53998,83.20861,300,155,0.354,1.45,1,23.1,312.9,747.0,7.2,258.2,69.39,CRITICAL_DEFICIT,0
SH-UTT-0046,Uttarkashi Sector-3 Relief Center,Uttarkashi,Uttarakhand,earthquake,30.90919,78.45597,150,132,0.251,1.85,1,20.4,39.1,80.1,0.9,31.7,94.77,CRITICAL_DEFICIT,0
SH-DHU-0047,Dhubri Sector-17 Relief Center,Dhubri,Assam,flood,26.17986,89.96553,300,172,0.052,3.4,1,27.7,351.4,687.5,6.4,145.3,77.4,CRITICAL_DEFICIT,0
SH-WAY-0048,Wayanad Sector-6 Relief Center,Wayanad,Kerala,flood,11.56012,76.27084,800,368,0.072,14.02,0,0.0,695.0,1862.8,6.5,646.3,90.29,CRITICAL_DEFICIT,0
SH-KAT-0049,Katihar Sector-9 Relief Center,Katihar,Bihar,flood,25.83552,87.4184,150,84,0.333,2.97,1,8.6,179.1,320.1,4.7,178.1,84.95,CRITICAL_DEFICIT,0
SH-VIS-0050,Visakhapatnam Sector-13 Relief Center,Visakhapatnam,Andhra Pradesh,cyclone,17.69577,83.54947,300,73,0.347,2.85,1,33.1,236.4,677.6,6.2,83.4,60.49,DEFICIT,1
SH-CHA-0051,Chamoli Sector-18 Relief Center,Chamoli,Uttarakhand,earthquake,30.45968,79.38491,800,535,0.261,2.51,1,25.6,1690.9,4563.2,32.4,1649.1,64.62,DEFICIT,1
SH-KAN-0052,Kangra Sector-4 Relief Center,Kangra,Himachal Pradesh,earthquake,31.73943,76.46171,150,133,0.339,9.08,0,26.3,425.0,1145.2,5.3,147.9,76.08,CRITICAL_DEFICIT,0
SH-VIS-0053,Visakhapatnam Sector-4 Relief Center,Visakhapatnam,Andhra Pradesh,cyclone,17.17799,83.19025,300,73,0.174,0.8,0,13.8,63.9,188.9,1.0,48.5,100.0,CRITICAL_DEFICIT,0
SH-VIS-0054,Visakhapatnam Sector-6 Relief Center,Visakhapatnam,Andhra Pradesh,cyclone,17.51382,82.93935,150,47,0.192,5.07,0,23.5,200.6,541.3,3.8,84.4,64.15,DEFICIT,1
SH-WAY-0055,Wayanad Sector-9 Relief Center,Wayanad,Kerala,flood,11.80825,75.77547,150,113,0.198,0.19,1,0.0,211.5,431.9,4.2,191.8,77.64,CRITICAL_DEFICIT,0
SH-PUR-0056,Puri Sector-15 Relief Center,Puri,Odisha,cyclone,19.80157,85.87189,300,91,0.632,0.08,1,24.7,69.9,169.6,2.1,60.6,95.87,CRITICAL_DEFICIT,0
SH-PUR-0057,Puri Sector-9 Relief Center,Puri,Odisha,cyclone,19.70225,85.88384,150,103,0.233,5.63,0,14.4,378.9,960.2,7.0,311.1,66.8,DEFICIT,1
SH-KUT-0058,Kutch Sector-14 Relief Center,Kutch,Gujarat,earthquake,23.61273,69.4703,300,221,0.551,9.2,0,37.6,213.2,369.8,3.2,107.7,100.0,CRITICAL_DEFICIT,0
SH-IDU-0059,Idukki Sector-4 Relief Center,Idukki,Kerala,flood,9.82172,76.8602,500,209,0.324,2.28,0,17.3,938.0,1904.9,16.5,552.7,70.55,CRITICAL_DEFICIT,0
SH-PUR-0060,Puri Sector-16 Relief Center,Puri,Odisha,cyclone,19.7818,85.93161,500,207,0.05,2.25,1,21.5,650.6,1656.6,7.9,389.9,63.85,DEFICIT,1
SH-SOU-0061,South 24 Parganas Sector-11 Relief Center,South 24 Parganas,West Bengal,cyclone,22.5196,88.53087,800,727,0.05,0.73,1,1.3,681.9,1454.4,10.0,582.7,87.77,CRITICAL_DEFICIT,0
SH-KAZ-0062,Kaziranga Sector-18 Relief Center,Kaziranga,Assam,flood,27.02529,93.10634,2000,1900,0.34,1.27,1,7.9,5749.5,11991.9,159.5,4140.1,68.45,DEFICIT,1
SH-DAR-0063,Darbhanga Sector-13 Relief Center,Darbhanga,Bihar,flood,25.73563,85.67402,150,139,0.391,0.74,1,13.3,1386.1,2298.0,23.3,1229.8,11.35,BALANCED,2
SH-CHA-0064,Chamoli Sector-1 Relief Center,Chamoli,Uttarakhand,earthquake,30.54975,79.37689,500,318,0.377,5.03,0,4.0,997.2,2031.7,14.3,764.8,85.72,CRITICAL_DEFICIT,0
SH-KUT-0065,Kutch Sector-11 Relief Center,Kutch,Gujarat,earthquake,23.69898,69.78531,300,350,0.65,2.27,1,43.3,507.7,1246.5,9.8,386.7,88.47,CRITICAL_DEFICIT,0
SH-DHU-0066,Dhubri Sector-6 Relief Center,Dhubri,Assam,flood,26.42581,89.98899,1200,1430,0.172,1.84,0,29.9,2982.5,5169.0,68.2,2295.9,92.76,CRITICAL_DEFICIT,0
SH-KUT-0067,Kutch Sector-4 Relief Center,Kutch,Gujarat,earthquake,23.61319,69.67121,300,112,0.102,1.33,1,37.9,108.1,204.0,1.7,87.1,91.29,CRITICAL_DEFICIT,0
SH-IDU-0068,Idukki Sector-7 Relief Center,Idukki,Kerala,flood,9.61509,76.94504,800,843,0.122,2.6,1,31.4,881.9,2391.0,14.5,444.3,90.73,CRITICAL_DEFICIT,0
SH-SOU-0069,South 24 Parganas Sector-18 Relief Center,South 24 Parganas,West Bengal,cyclone,21.90696,88.99749,500,377,0.1,0.94,1,0.0,358.0,713.5,6.1,133.3,89.08,CRITICAL_DEFICIT,0
SH-DAR-0070,Darbhanga Sector-7 Relief Center,Darbhanga,Bihar,flood,25.98148,85.69088,500,380,0.177,2.59,1,28.5,647.6,1369.2,11.9,406.9,83.01,CRITICAL_DEFICIT,0
SH-UTT-0071,Uttarkashi Sector-6 Relief Center,Uttarkashi,Uttarakhand,earthquake,30.96815,78.49385,300,80,0.135,1.01,1,47.6,69.4,154.4,1.4,23.2,92.67,CRITICAL_DEFICIT,0
SH-UTT-0072,Uttarkashi Sector-13 Relief Center,Uttarkashi,Uttarakhand,earthquake,30.7218,78.5313,150,100,0.263,2.34,1,18.8,85.7,181.6,1.3,57.7,91.56,CRITICAL_DEFICIT,0
SH-VIS-0073,Visakhapatnam Sector-4 Relief Center,Visakhapatnam,Andhra Pradesh,cyclone,17.41096,82.68028,800,711,0.606,2.47,1,55.9,188.7,524.6,4.1,65.8,100.0,CRITICAL_DEFICIT,0
SH-CHA-0074,Chamoli Sector-18 Relief Center,Chamoli,Uttarakhand,earthquake,30.16386,79.65577,500,272,0.643,1.75,1,17.3,66.1,120.5,2.4,46.3,100.0,CRITICAL_DEFICIT,0
SH-UTT-0075,Uttarkashi Sector-18 Relief Center,Uttarkashi,Uttarakhand,earthquake,30.74292,77.94153,300,216,0.082,3.51,0,13.2,161.3,440.3,2.0,72.9,100.0,CRITICAL_DEFICIT,0
SH-UTT-0076,Uttarkashi Sector-8 Relief Center,Uttarkashi,Uttarakhand,earthquake,31.10709,78.77247,800,108,0.133,0.54,1,45.7,448.6,739.7,6.7,293.5,61.51,DEFICIT,1
SH-KAZ-0077,Kaziranga Sector-7 Relief Center,Kaziranga,Assam,flood,26.67424,93.51301,500,482,0.121,0.77,1,37.2,1890.0,5361.4,27.2,1834.8,45.45,DEFICIT,1
SH-PUR-0078,Puri Sector-16 Relief Center,Puri,Odisha,cyclone,20.09908,85.55099,300,128,0.237,1.83,1,25.6,392.0,686.8,8.3,149.5,77.34,CRITICAL_DEFICIT,0
SH-KAT-0079,Katihar Sector-14 Relief Center,Katihar,Bihar,flood,24.94562,87.61804,2000,547,0.161,3.81,1,20.2,5693.5,16440.0,80.8,2373.2,1.57,SURPLUS,3
SH-CHA-0080,Chamoli Sector-16 Relief Center,Chamoli,Uttarakhand,earthquake,30.43725,79.39465,800,277,0.295,2.37,0,15.3,287.9,730.5,4.6,252.6,100.0,CRITICAL_DEFICIT,0
SH-DAR-0081,Darbhanga Sector-15 Relief Center,Darbhanga,Bihar,flood,26.06671,86.02917,300,87,0.258,10.44,0,31.2,288.9,676.4,6.8,237.4,71.88,CRITICAL_DEFICIT,0
SH-CHA-0082,Chamoli Sector-3 Relief Center,Chamoli,Uttarakhand,earthquake,30.62386,79.54054,300,260,0.146,0.71,1,47.2,239.2,636.1,4.2,109.7,88.22,CRITICAL_DEFICIT,0
SH-WAY-0083,Wayanad Sector-4 Relief Center,Wayanad,Kerala,flood,11.85704,75.57869,150,47,0.168,14.02,1,55.1,329.1,717.8,5.1,262.3,13.54,BALANCED,2
SH-DHU-0084,Dhubri Sector-17 Relief Center,Dhubri,Assam,flood,25.91665,89.679,300,324,0.35,4.09,1,23.9,80.0,168.2,2.0,64.4,100.0,CRITICAL_DEFICIT,0
SH-SOU-0085,South 24 Parganas Sector-4 Relief Center,South 24 Parganas,West Bengal,cyclone,21.44181,88.74283,150,41,0.291,0.48,1,0.1,184.0,492.9,4.2,177.9,43.62,DEFICIT,1
SH-DHU-0086,Dhubri Sector-18 Relief Center,Dhubri,Assam,flood,25.89849,89.6943,150,70,0.3,1.43,0,40.4,24.4,70.9,0.6,8.2,100.0,CRITICAL_DEFICIT,0
SH-WAY-0087,Wayanad Sector-4 Relief Center,Wayanad,Kerala,flood,11.77409,75.85753,150,150,0.467,4.79,1,43.0,125.0,339.3,1.9,61.4,100.0,CRITICAL_DEFICIT,0
SH-KAT-0088,Katihar Sector-16 Relief Center,Katihar,Bihar,flood,25.28832,87.60612,1200,942,0.092,8.94,0,9.4,754.6,1497.7,14.7,533.9,100.0,CRITICAL_DEFICIT,0
SH-PUR-0089,Puri Sector-7 Relief Center,Puri,Odisha,cyclone,20.06652,85.26016,500,203,0.25,2.63,1,24.4,748.8,1277.6,16.9,350.1,64.85,DEFICIT,1
SH-DAR-0090,Darbhanga Sector-4 Relief Center,Darbhanga,Bihar,flood,26.18631,86.15827,500,121,0.175,3.7,1,22.9,829.4,1932.7,9.6,639.6,8.62,BALANCED,2
SH-WAY-0091,Wayanad Sector-5 Relief Center,Wayanad,Kerala,flood,11.48206,76.08068,1200,1270,0.423,6.17,0,32.7,4413.4,12504.9,127.5,2285.9,71.21,CRITICAL_DEFICIT,0
SH-KAT-0092,Katihar Sector-8 Relief Center,Katihar,Bihar,flood,26.19002,87.6173,800,248,0.168,10.36,0,4.9,1625.4,3024.1,16.5,1148.4,48.62,DEFICIT,1
SH-PUR-0093,Puri Sector-3 Relief Center,Puri,Odisha,cyclone,19.6825,85.5169,150,96,0.451,1.11,1,15.0,93.7,261.5,1.4,46.2,95.37,CRITICAL_DEFICIT,0
SH-SOU-0094,South 24 Parganas Sector-18 Relief Center,South 24 Parganas,West Bengal,cyclone,22.1975,88.64797,500,296,0.327,2.82,1,15.6,304.3,593.8,7.7,158.1,93.07,CRITICAL_DEFICIT,0
SH-VIS-0095,Visakhapatnam Sector-6 Relief Center,Visakhapatnam,Andhra Pradesh,cyclone,17.71839,83.70323,300,312,0.241,0.46,1,0.4,239.1,528.7,5.4,156.1,91.47,CRITICAL_DEFICIT,0
SH-PUR-0096,Puri Sector-16 Relief Center,Puri,Odisha,cyclone,19.75803,85.93662,500,362,0.458,1.49,1,0.0,1126.3,2196.6,30.0,825.1,72.41,CRITICAL_DEFICIT,0
SH-CHA-0097,Chamoli Sector-9 Relief Center,Chamoli,Uttarakhand,earthquake,30.66058,79.75515,2000,714,0.081,2.69,1,22.9,2704.5,4541.0,52.4,1018.1,60.07,DEFICIT,1
SH-PUR-0098,Puri Sector-19 Relief Center,Puri,Odisha,cyclone,19.53339,85.80372,800,946,0.093,1.21,1,31.6,1868.7,4376.7,31.4,711.3,75.2,CRITICAL_DEFICIT,0
SH-WAY-0099,Wayanad Sector-19 Relief Center,Wayanad,Kerala,flood,11.88704,76.18351,300,84,0.45,0.62,1,18.4,324.1,761.9,6.0,309.3,51.7,DEFICIT,1
SH-WAY-0100,Wayanad Sector-17 Relief Center,Wayanad,Kerala,flood,11.54021,76.34543,150,180,0.262,1.32,0,37.9,183.0,543.5,4.3,61.2,100.0,CRITICAL_DEFICIT,0
SH-CHA-0101,Chamoli Sector-4 Relief Center,Chamoli,Uttarakhand,earthquake,30.32875,79.47144,300,54,0.237,7.11,0,4.4,78.2,197.3,1.9,58.0,100.0,CRITICAL_DEFICIT,0
SH-UTT-0102,Uttarkashi Sector-2 Relief Center,Uttarkashi,Uttarakhand,earthquake,30.83971,78.16668,300,172,0.31,0.61,1,42.9,257.3,615.7,6.5,187.0,82.77,CRITICAL_DEFICIT,0
SH-UTT-0103,Uttarkashi Sector-12 Relief Center,Uttarkashi,Uttarakhand,earthquake,30.85882,78.55757,1200,331,0.416,0.46,1,6.6,105.1,265.4,2.0,40.1,99.46,CRITICAL_DEFICIT,0
SH-KAN-0104,Kangra Sector-5 Relief Center,Kangra,Himachal Pradesh,earthquake,31.88342,76.32119,300,139,0.11,6.5,0,0.0,41.5,75.3,0.8,24.1,100.0,CRITICAL_DEFICIT,0
SH-UTT-0105,Uttarkashi Sector-4 Relief Center,Uttarkashi,Uttarakhand,earthquake,30.90104,78.35195,2000,790,0.65,4.56,1,33.8,713.1,1841.0,14.8,632.6,98.31,CRITICAL_DEFICIT,0
SH-SOU-0106,South 24 Parganas Sector-3 Relief Center,South 24 Parganas,West Bengal,cyclone,22.37556,88.08642,150,58,0.204,3.28,1,32.2,333.9,822.7,6.3,190.0,27.96,BALANCED,2
SH-UTT-0107,Uttarkashi Sector-9 Relief Center,Uttarkashi,Uttarakhand,earthquake,30.55717,78.45432,800,597,0.05,3.59,1,0.0,1231.7,3703.1,16.3,1090.1,82.5,CRITICAL_DEFICIT,0
SH-SOU-0108,South 24 Parganas Sector-9 Relief Center,South 24 Parganas,West Bengal,cyclone,22.10854,88.89021,150,86,0.478,0.08,0,64.3,174.6,366.7,4.7,119.7,97.75,CRITICAL_DEFICIT,0
SH-KAN-0109,Kangra Sector-7 Relief Center,Kangra,Himachal Pradesh,earthquake,32.33808,76.39737,150,106,0.288,0.28,1,6.7,321.9,663.7,6.4,242.9,70.6,CRITICAL_DEFICIT,0
SH-KUT-0110,Kutch Sector-16 Relief Center,Kutch,Gujarat,earthquake,23.74125,70.01185,500,532,0.09,0.87,1,44.7,850.1,1428.5,9.9,519.2,86.57,CRITICAL_DEFICIT,0
SH-WAY-0111,Wayanad Sector-10 Relief Center,Wayanad,Kerala,flood,10.93052,76.17796,800,695,0.237,0.32,0,11.5,721.1,2009.4,15.3,370.9,100.0,CRITICAL_DEFICIT,0
SH-PUR-0112,Puri Sector-6 Relief Center,Puri,Odisha,cyclone,19.65695,85.83504,800,338,0.216,1.37,1,26.7,2441.3,4384.1,27.3,1732.7,25.95,BALANCED,2
SH-DHU-0113,Dhubri Sector-1 Relief Center,Dhubri,Assam,flood,26.12332,90.21555,300,246,0.287,5.02,0,6.5,77.8,210.9,0.9,70.5,100.0,CRITICAL_DEFICIT,0
SH-SOU-0114,South 24 Parganas Sector-9 Relief Center,South 24 Parganas,West Bengal,cyclone,21.80368,88.44343,800,410,0.287,3.34,0,21.0,132.0,302.0,2.7,51.5,100.0,CRITICAL_DEFICIT,0
SH-PUR-0115,Puri Sector-12 Relief Center,Puri,Odisha,cyclone,19.73581,85.84143,150,48,0.321,0.78,1,45.5,264.6,579.5,6.3,168.4,32.27,BALANCED,2
SH-UTT-0116,Uttarkashi Sector-6 Relief Center,Uttarkashi,Uttarakhand,earthquake,30.54699,78.37598,300,130,0.078,1.99,0,57.1,496.7,1388.2,8.0,262.0,63.58,DEFICIT,1
SH-KAT-0117,Katihar Sector-15 Relief Center,Katihar,Bihar,flood,25.45472,87.54579,150,28,0.174,3.75,1,48.3,110.0,317.7,2.4,59.8,52.41,DEFICIT,1
SH-UTT-0118,Uttarkashi Sector-15 Relief Center,Uttarkashi,Uttarakhand,earthquake,30.74195,78.71612,1200,661,0.337,7.92,0,61.6,595.0,1538.1,7.9,307.3,100.0,CRITICAL_DEFICIT,0
SH-IDU-0119,Idukki Sector-3 Relief Center,Idukki,Kerala,flood,10.19261,76.93846,150,33,0.315,1.44,1,30.0,10.4,31.2,0.2,8.9,99.66,CRITICAL_DEFICIT,0
SH-BAL-0120,Balasore Sector-10 Relief Center,Balasore,Odisha,cyclone,21.63642,86.89044,300,174,0.054,0.03,1,30.4,183.3,358.1,2.9,88.2,91.53,CRITICAL_DEFICIT,0
SH-KAT-0121,Katihar Sector-3 Relief Center,Katihar,Bihar,flood,25.44108,87.41972,800,207,0.082,2.43,0,11.9,191.8,424.9,3.7,179.3,100.0,CRITICAL_DEFICIT,0
SH-PUR-0122,Puri Sector-13 Relief Center,Puri,Odisha,cyclone,20.00002,85.88468,150,73,0.537,5.85,0,27.1,145.2,404.6,4.6,101.1,92.95,CRITICAL_DEFICIT,0
SH-VIS-0123,Visakhapatnam Sector-14 Relief Center,Visakhapatnam,Andhra Pradesh,cyclone,17.48863,83.11098,150,100,0.427,3.69,0,41.2,103.5,247.2,1.9,63.9,100.0,CRITICAL_DEFICIT,0
SH-DHU-0124,Dhubri Sector-7 Relief Center,Dhubri,Assam,flood,25.38111,89.75759,300,192,0.239,3.12,0,11.8,163.9,474.6,3.7,162.2,100.0,CRITICAL_DEFICIT,0
SH-DHU-0125,Dhubri Sector-10 Relief Center,Dhubri,Assam,flood,26.37629,89.88583,500,145,0.404,3.13,0,0.0,43.7,102.6,0.8,41.8,100.0,CRITICAL_DEFICIT,0
SH-DAR-0126,Darbhanga Sector-7 Relief Center,Darbhanga,Bihar,flood,26.37611,86.09582,800,582,0.175,1.43,1,15.9,520.1,1218.5,8.0,487.7,90.95,CRITICAL_DEFICIT,0
SH-PUR-0127,Puri Sector-4 Relief Center,Puri,Odisha,cyclone,19.73269,85.81613,300,205,0.555,8.14,0,0.0,1917.2,5491.7,58.4,1504.6,17.2,SURPLUS,3
SH-KAZ-0128,Kaziranga Sector-7 Relief Center,Kaziranga,Assam,flood,26.83123,93.43608,300,330,0.373,1.33,0,19.7,683.8,1696.6,11.3,390.2,91.11,CRITICAL_DEFICIT,0
SH-KAZ-0129,Kaziranga Sector-15 Relief Center,Kaziranga,Assam,flood,26.42394,93.06304,300,135,0.345,0.98,0,48.0,733.2,1659.6,20.5,294.8,50.05,DEFICIT,1
SH-WAY-0130,Wayanad Sector-9 Relief Center,Wayanad,Kerala,flood,11.69508,76.35455,150,124,0.121,0.39,1,62.0,130.6,225.8,1.9,104.1,88.39,CRITICAL_DEFICIT,0
SH-BAL-0131,Balasore Sector-16 Relief Center,Balasore,Odisha,cyclone,21.47061,87.21098,300,135,0.241,2.47,1,49.7,926.6,2732.3,13.1,757.1,15.66,BALANCED,2
SH-KAZ-0132,Kaziranga Sector-3 Relief Center,Kaziranga,Assam,flood,26.75191,93.16521,800,417,0.284,3.02,1,0.0,1762.9,3002.8,44.5,622.3,59.33,DEFICIT,1
SH-KAN-0133,Kangra Sector-18 Relief Center,Kangra,Himachal Pradesh,earthquake,31.63044,76.67284,300,277,0.455,0.73,0,47.9,276.3,616.7,4.7,239.4,100.0,CRITICAL_DEFICIT,0
SH-PUR-0134,Puri Sector-2 Relief Center,Puri,Odisha,cyclone,19.71629,85.90715,500,478,0.584,0.06,1,39.5,707.7,1642.4,23.7,285.6,85.89,CRITICAL_DEFICIT,0
SH-BAL-0135,Balasore Sector-16 Relief Center,Balasore,Odisha,cyclone,21.85431,87.09782,300,129,0.199,3.39,1,0.0,985.0,1906.8,21.3,844.7,13.76,BALANCED,2
SH-IDU-0136,Idukki Sector-19 Relief Center,Idukki,Kerala,flood,10.21166,76.92355,800,160,0.602,0.88,1,5.0,313.6,681.1,7.9,194.3,84.76,CRITICAL_DEFICIT,0
SH-DHU-0137,Dhubri Sector-1 Relief Center,Dhubri,Assam,flood,26.12338,90.00223,300,260,0.43,0.93,1,27.8,212.2,446.4,5.6,151.7,95.23,CRITICAL_DEFICIT,0
SH-PUR-0138,Puri Sector-10 Relief Center,Puri,Odisha,cyclone,19.86911,86.16663,300,237,0.136,9.84,0,29.3,985.8,2923.2,19.3,730.4,59.9,DEFICIT,1
SH-CHA-0139,Chamoli Sector-15 Relief Center,Chamoli,Uttarakhand,earthquake,30.41157,79.13625,800,825,0.339,0.57,1,28.8,1675.4,3685.5,33.3,573.4,73.12,CRITICAL_DEFICIT,0
SH-KAN-0140,Kangra Sector-19 Relief Center,Kangra,Himachal Pradesh,earthquake,32.40916,76.15477,300,90,0.315,11.32,1,10.5,352.1,923.5,6.2,204.1,51.33,DEFICIT,1
SH-CHA-0141,Chamoli Sector-11 Relief Center,Chamoli,Uttarakhand,earthquake,30.74535,79.5695,800,271,0.05,1.08,1,36.0,259.8,550.4,3.4,114.1,86.24,CRITICAL_DEFICIT,0
SH-DAR-0142,Darbhanga Sector-4 Relief Center,Darbhanga,Bihar,flood,25.83879,86.38925,800,726,0.087,2.29,0,31.2,2785.6,6829.9,29.7,1752.8,66.85,DEFICIT,1
SH-DAR-0143,Darbhanga Sector-6 Relief Center,Darbhanga,Bihar,flood,26.43128,86.041,300,230,0.156,4.34,1,35.1,494.0,1351.1,9.9,411.0,74.82,CRITICAL_DEFICIT,0
SH-PUR-0144,Puri Sector-6 Relief Center,Puri,Odisha,cyclone,19.69848,85.8146,300,234,0.443,2.75,1,37.4,1041.5,2906.5,30.6,995.4,47.74,DEFICIT,1
SH-CHA-0145,Chamoli Sector-13 Relief Center,Chamoli,Uttarakhand,earthquake,30.51515,79.40643,300,36,0.238,0.04,1,28.3,27.6,64.9,0.3,26.5,94.07,CRITICAL_DEFICIT,0
SH-DHU-0146,Dhubri Sector-4 Relief Center,Dhubri,Assam,flood,26.08303,90.23547,2000,555,0.516,1.05,1,35.3,820.5,1862.6,22.1,644.1,89.67,CRITICAL_DEFICIT,0
SH-BAL-0147,Balasore Sector-9 Relief Center,Balasore,Odisha,cyclone,21.36355,86.95186,150,133,0.05,2.89,1,20.8,257.2,747.8,4.1,249.2,71.01,CRITICAL_DEFICIT,0
SH-KUT-0148,Kutch Sector-6 Relief Center,Kutch,Gujarat,earthquake,23.79403,69.57195,500,384,0.195,2.39,1,39.0,822.9,2131.3,12.8,713.2,78.69,CRITICAL_DEFICIT,0
SH-WAY-0149,Wayanad Sector-8 Relief Center,Wayanad,Kerala,flood,11.74869,76.33709,1200,549,0.63,2.01,0,2.5,812.4,2398.7,13.9,508.3,100.0,CRITICAL_DEFICIT,0
SH-SOU-0150,South 24 Parganas Sector-8 Relief Center,South 24 Parganas,West Bengal,cyclone,22.11976,88.66246,150,32,0.152,0.47,0,39.3,28.6,77.8,0.4,15.5,100.0,CRITICAL_DEFICIT,0
SH-UTT-0151,Uttarkashi Sector-17 Relief Center,Uttarkashi,Uttarakhand,earthquake,30.70293,77.99134,300,177,0.137,12.0,0,27.1,780.7,1292.4,12.8,505.3,71.81,CRITICAL_DEFICIT,0
SH-WAY-0152,Wayanad Sector-19 Relief Center,Wayanad,Kerala,flood,10.85421,75.76477,500,383,0.325,1.8,0,48.2,819.1,2406.9,19.4,425.6,91.08,CRITICAL_DEFICIT,0
SH-VIS-0153,Visakhapatnam Sector-6 Relief Center,Visakhapatnam,Andhra Pradesh,cyclone,17.63186,83.329,1200,753,0.122,3.97,1,8.8,2508.1,4862.7,51.4,1253.5,65.45,DEFICIT,1
SH-SOU-0154,South 24 Parganas Sector-4 Relief Center,South 24 Parganas,West Bengal,cyclone,22.229,88.21277,300,148,0.204,5.98,0,12.0,294.2,544.1,5.1,182.4,94.86,CRITICAL_DEFICIT,0
SH-KAN-0155,Kangra Sector-16 Relief Center,Kangra,Himachal Pradesh,earthquake,32.44688,76.775,300,123,0.574,0.44,1,55.0,198.2,337.4,5.8,80.8,86.66,CRITICAL_DEFICIT,0
SH-KAN-0156,Kangra Sector-10 Relief Center,Kangra,Himachal Pradesh,earthquake,32.28744,76.48937,300,266,0.152,0.17,1,26.0,1007.4,2738.7,13.0,567.5,52.84,DEFICIT,1
SH-UTT-0157,Uttarkashi Sector-6 Relief Center,Uttarkashi,Uttarakhand,earthquake,30.77576,78.86027,300,253,0.407,1.07,1,12.0,70.2,198.2,1.0,69.8,100.0,CRITICAL_DEFICIT,0
SH-PUR-0158,Puri Sector-12 Relief Center,Puri,Odisha,cyclone,19.97362,85.78357,150,157,0.405,0.15,0,0.4,129.7,232.6,3.8,111.0,100.0,CRITICAL_DEFICIT,0
SH-VIS-0159,Visakhapatnam Sector-15 Relief Center,Visakhapatnam,Andhra Pradesh,cyclone,17.84566,82.93915,300,134,0.23,4.44,1,28.1,120.3,246.9,2.3,74.9,97.37,CRITICAL_DEFICIT,0
SH-DHU-0160,Dhubri Sector-6 Relief Center,Dhubri,Assam,flood,25.56931,90.31765,1200,1295,0.203,1.28,1,21.8,2297.4,4134.3,55.3,1094.6,84.47,CRITICAL_DEFICIT,0
SH-WAY-0161,Wayanad Sector-8 Relief Center,Wayanad,Kerala,flood,11.73308,76.19855,150,53,0.359,0.13,1,32.1,195.4,381.1,4.4,98.1,57.62,DEFICIT,1
SH-DHU-0162,Dhubri Sector-3 Relief Center,Dhubri,Assam,flood,26.27786,89.91087,300,251,0.619,0.63,1,0.0,1063.1,2308.8,26.4,569.3,55.43,DEFICIT,1
SH-WAY-0163,Wayanad Sector-6 Relief Center,Wayanad,Kerala,flood,11.7977,76.2921,150,100,0.445,6.97,0,20.3,28.3,67.9,0.6,25.1,100.0,CRITICAL_DEFICIT,0
SH-PUR-0164,Puri Sector-6 Relief Center,Puri,Odisha,cyclone,20.11281,86.23021,500,299,0.27,2.04,1,18.7,588.0,1749.2,8.6,543.4,81.13,CRITICAL_DEFICIT,0
SH-VIS-0165,Visakhapatnam Sector-18 Relief Center,Visakhapatnam,Andhra Pradesh,cyclone,18.04416,83.15054,500,168,0.242,1.19,0,26.5,172.0,397.5,3.2,92.7,98.93,CRITICAL_DEFICIT,0
SH-CHA-0166,Chamoli Sector-11 Relief Center,Chamoli,Uttarakhand,earthquake,30.61293,79.64024,2000,797,0.101,11.6,1,15.5,1526.1,3962.7,16.3,1463.6,77.01,CRITICAL_DEFICIT,0
SH-DHU-0167,Dhubri Sector-2 Relief Center,Dhubri,Assam,flood,25.73273,90.08685,150,20,0.216,0.67,1,53.8,160.6,292.8,2.2,146.5,18.5,BALANCED,2
SH-KAZ-0168,Kaziranga Sector-19 Relief Center,Kaziranga,Assam,flood,26.76241,93.07408,300,91,0.259,9.11,0,14.9,88.8,178.7,2.2,51.8,100.0,CRITICAL_DEFICIT,0
SH-UTT-0169,Uttarkashi Sector-17 Relief Center,Uttarkashi,Uttarakhand,earthquake,30.74428,78.14492,150,110,0.459,1.46,1,36.1,101.9,281.2,2.8,44.4,86.05,CRITICAL_DEFICIT,0
SH-SOU-0170,South 24 Parganas Sector-2 Relief Center,South 24 Parganas,West Bengal,cyclone,21.9262,88.8612,300,152,0.105,5.43,0,6.0,245.2,631.3,4.8,191.8,92.5,CRITICAL_DEFICIT,0
SH-SOU-0171,South 24 Parganas Sector-4 Relief Center,South 24 Parganas,West Bengal,cyclone,22.25216,89.06292,300,143,0.65,1.0,1,17.3,1038.3,2892.5,28.6,885.6,12.3,BALANCED,2
SH-IDU-0172,Idukki Sector-17 Relief Center,Idukki,Kerala,flood,9.43208,77.02097,800,779,0.143,2.31,1,0.0,776.4,1514.1,14.5,379.6,96.09,CRITICAL_DEFICIT,0
SH-KUT-0173,Kutch Sector-15 Relief Center,Kutch,Gujarat,earthquake,24.04337,70.18749,150,146,0.091,1.01,1,4.7,228.6,468.1,3.9,223.3,88.51,CRITICAL_DEFICIT,0
SH-KUT-0174,Kutch Sector-7 Relief Center,Kutch,Gujarat,earthquake,23.83006,70.18011,300,31,0.414,2.99,0,35.5,137.0,280.5,1.8,70.5,71.45,CRITICAL_DEFICIT,0
SH-CHA-0175,Chamoli Sector-19 Relief Center,Chamoli,Uttarakhand,earthquake,30.36721,79.4634,300,341,0.14,3.78,1,0.6,103.9,293.7,2.3,73.9,95.34,CRITICAL_DEFICIT,0
SH-WAY-0176,Wayanad Sector-2 Relief Center,Wayanad,Kerala,flood,12.01845,76.18865,500,197,0.235,13.55,0,13.9,170.4,438.8,3.5,92.6,100.0,CRITICAL_DEFICIT,0
SH-VIS-0177,Visakhapatnam Sector-5 Relief Center,Visakhapatnam,Andhra Pradesh,cyclone,18.02384,83.02726,300,197,0.524,0.07,1,61.5,1168.2,2113.4,38.1,473.5,41.94,DEFICIT,1
SH-IDU-0178,Idukki Sector-9 Relief Center,Idukki,Kerala,flood,9.58514,76.7408,150,69,0.553,2.38,0,30.2,244.8,619.4,5.8,112.6,78.2,CRITICAL_DEFICIT,0
SH-IDU-0179,Idukki Sector-19 Relief Center,Idukki,Kerala,flood,9.67457,77.27161,1200,230,0.128,0.72,1,31.7,170.7,360.0,2.7,75.3,92.83,CRITICAL_DEFICIT,0
SH-KAN-0180,Kangra Sector-14 Relief Center,Kangra,Himachal Pradesh,earthquake,31.8553,76.26867,300,135,0.638,0.16,0,27.1,1219.9,2807.8,34.4,879.7,24.19,SURPLUS,3
SH-KAZ-0181,Kaziranga Sector-12 Relief Center,Kaziranga,Assam,flood,26.477,93.35369,300,284,0.449,1.06,0,9.3,594.6,1301.2,11.1,255.1,94.45,CRITICAL_DEFICIT,0
SH-CHA-0182,Chamoli Sector-17 Relief Center,Chamoli,Uttarakhand,earthquake,30.91614,78.981,300,338,0.499,0.92,1,3.0,3301.5,7214.3,83.3,2865.0,9.52,SURPLUS,3
SH-VIS-0183,Visakhapatnam Sector-5 Relief Center,Visakhapatnam,Andhra Pradesh,cyclone,18.34518,83.35144,150,74,0.05,0.31,1,20.8,322.5,904.0,3.5,202.4,38.42,DEFICIT,1
SH-CHA-0184,Chamoli Sector-2 Relief Center,Chamoli,Uttarakhand,earthquake,29.979,79.59349,800,627,0.223,2.46,1,49.2,1005.3,2579.9,11.9,631.2,82.97,CRITICAL_DEFICIT,0
SH-VIS-0185,Visakhapatnam Sector-15 Relief Center,Visakhapatnam,Andhra Pradesh,cyclone,17.5575,83.08146,300,283,0.19,0.07,1,27.6,230.1,412.3,5.3,196.0,93.98,CRITICAL_DEFICIT,0
SH-BAL-0186,Balasore Sector-5 Relief Center,Balasore,Odisha,cyclone,21.53722,86.57932,300,357,0.29,0.15,1,41.5,264.2,553.9,6.1,160.9,91.0,CRITICAL_DEFICIT,0
SH-SOU-0187,South 24 Parganas Sector-2 Relief Center,South 24 Parganas,West Bengal,cyclone,22.04731,88.55725,150,82,0.098,0.58,1,18.1,299.8,753.0,5.1,268.5,50.17,DEFICIT,1
SH-DAR-0188,Darbhanga Sector-13 Relief Center,Darbhanga,Bihar,flood,26.27988,85.80473,150,43,0.309,5.03,1,29.1,138.0,305.8,2.8,83.1,63.55,DEFICIT,1
SH-UTT-0189,Uttarkashi Sector-14 Relief Center,Uttarkashi,Uttarakhand,earthquake,30.72835,78.19398,150,184,0.65,3.02,0,5.9,1167.4,2305.2,34.6,543.9,48.02,DEFICIT,1
SH-KAT-0190,Katihar Sector-6 Relief Center,Katihar,Bihar,flood,25.37554,87.87277,300,260,0.421,0.16,1,13.1,217.1,480.8,6.3,107.5,93.67,CRITICAL_DEFICIT,0
SH-BAL-0191,Balasore Sector-18 Relief Center,Balasore,Odisha,cyclone,21.34057,86.6907,500,364,0.277,0.95,1,23.7,1426.0,2919.5,21.7,786.6,56.35,DEFICIT,1
SH-KAT-0192,Katihar Sector-13 Relief Center,Katihar,Bihar,flood,25.45326,87.36776,300,161,0.476,1.28,0,25.7,51.2,131.5,1.4,48.9,100.0,CRITICAL_DEFICIT,0
SH-SOU-0193,South 24 Parganas Sector-13 Relief Center,South 24 Parganas,West Bengal,cyclone,22.38505,88.58705,150,118,0.426,0.1,1,4.9,518.9,1298.2,14.1,201.9,41.85,DEFICIT,1
SH-DHU-0194,Dhubri Sector-18 Relief Center,Dhubri,Assam,flood,25.67225,90.16423,300,148,0.142,2.53,1,15.9,44.8,131.0,0.9,39.6,95.78,CRITICAL_DEFICIT,0
SH-VIS-0195,Visakhapatnam Sector-6 Relief Center,Visakhapatnam,Andhra Pradesh,cyclone,17.9496,83.13372,500,350,0.263,1.97,0,10.3,2631.9,5307.3,65.1,1048.4,30.22,BALANCED,2
SH-DAR-0196,Darbhanga Sector-19 Relief Center,Darbhanga,Bihar,flood,26.37496,86.44697,300,263,0.179,10.77,0,11.3,83.5,209.5,1.6,44.9,100.0,CRITICAL_DEFICIT,0
SH-DAR-0197,Darbhanga Sector-1 Relief Center,Darbhanga,Bihar,flood,26.14365,85.97652,150,28,0.256,4.56,0,39.1,99.2,284.3,2.2,40.5,73.61,CRITICAL_DEFICIT,0
SH-KAZ-0198,Kaziranga Sector-8 Relief Center,Kaziranga,Assam,flood,26.52182,93.39851,500,268,0.298,0.46,1,0.0,68.2,151.2,0.9,40.8,92.49,CRITICAL_DEFICIT,0
SH-WAY-0199,Wayanad Sector-3 Relief Center,Wayanad,Kerala,flood,11.33613,75.74364,800,898,0.305,0.93,0,33.8,647.1,1397.9,13.3,422.2,100.0,CRITICAL_DEFICIT,0
SH-KAZ-0200,Kaziranga Sector-6 Relief Center,Kaziranga,Assam,flood,27.29856,92.99243,500,499,0.39,3.1,1,23.1,2184.0,3897.5,36.3,1820.4,62.41,DEFICIT,1
SH-KAT-0201,Katihar Sector-5 Relief Center,Katihar,Bihar,flood,25.19781,87.42812,500,406,0.39,0.97,1,24.7,406.7,1169.0,7.9,369.5,92.09,CRITICAL_DEFICIT,0
SH-WAY-0202,Wayanad Sector-6 Relief Center,Wayanad,Kerala,flood,11.25626,76.29818,2000,951,0.168,4.12,0,0.0,1944.6,4100.0,37.9,1936.5,95.75,CRITICAL_DEFICIT,0
SH-KAN-0203,Kangra Sector-19 Relief Center,Kangra,Himachal Pradesh,earthquake,31.80002,76.32737,300,233,0.135,0.31,0,0.0,337.9,931.9,7.5,249.2,100.0,CRITICAL_DEFICIT,0
SH-KUT-0204,Kutch Sector-7 Relief Center,Kutch,Gujarat,earthquake,23.73629,70.09289,300,32,0.05,1.28,0,6.9,25.2,74.7,0.3,12.8,100.0,CRITICAL_DEFICIT,0
SH-CHA-0205,Chamoli Sector-6 Relief Center,Chamoli,Uttarakhand,earthquake,30.53568,79.22753,300,137,0.069,0.18,1,39.5,130.0,277.1,1.4,95.0,87.95,CRITICAL_DEFICIT,0
SH-PUR-0206,Puri Sector-15 Relief Center,Puri,Odisha,cyclone,20.10894,85.94631,300,97,0.407,0.5,1,0.0,613.6,1589.7,8.2,486.8,19.44,BALANCED,2
SH-DHU-0207,Dhubri Sector-9 Relief Center,Dhubri,Assam,flood,25.98288,89.79874,150,109,0.331,6.51,1,23.2,1009.8,2697.7,20.9,932.0,8.6,SURPLUS,3
SH-BAL-0208,Balasore Sector-13 Relief Center,Balasore,Odisha,cyclone,22.09695,86.68161,300,310,0.346,0.74,1,28.4,306.2,894.2,5.8,171.9,90.79,CRITICAL_DEFICIT,0
SH-DHU-0209,Dhubri Sector-12 Relief Center,Dhubri,Assam,flood,26.15477,89.5215,800,410,0.218,4.09,0,34.3,302.8,664.9,6.1,191.8,100.0,CRITICAL_DEFICIT,0
SH-SOU-0210,South 24 Parganas Sector-11 Relief Center,South 24 Parganas,West Bengal,cyclone,22.45811,88.68908,150,85,0.579,4.09,1,36.8,905.2,2262.1,25.8,704.1,0.0,SURPLUS,3
SH-KAT-0211,Katihar Sector-16 Relief Center,Katihar,Bihar,flood,25.66002,87.75977,300,66,0.485,2.61,1,31.0,377.7,790.2,10.9,276.3,35.61,BALANCED,2
SH-VIS-0212,Visakhapatnam Sector-11 Relief Center,Visakhapatnam,Andhra Pradesh,cyclone,17.08922,83.43186,150,133,0.443,0.84,1,28.6,565.9,1482.3,16.9,467.3,45.33,DEFICIT,1
SH-IDU-0213,Idukki Sector-14 Relief Center,Idukki,Kerala,flood,9.62537,76.99333,300,237,0.166,2.18,1,42.2,77.4,146.3,1.1,50.9,93.71,CRITICAL_DEFICIT,0
SH-UTT-0214,Uttarkashi Sector-16 Relief Center,Uttarkashi,Uttarakhand,earthquake,30.56106,78.08233,150,47,0.352,6.4,0,37.5,46.3,78.0,0.9,25.8,100.0,CRITICAL_DEFICIT,0
SH-KAT-0215,Katihar Sector-6 Relief Center,Katihar,Bihar,flood,25.64426,87.86694,500,599,0.21,1.76,0,35.4,185.2,333.4,2.0,68.3,100.0,CRITICAL_DEFICIT,0
SH-DHU-0216,Dhubri Sector-5 Relief Center,Dhubri,Assam,flood,25.87592,89.87004,150,42,0.567,3.64,0,9.3,505.4,1250.6,14.5,264.6,19.62,SURPLUS,3
SH-VIS-0217,Visakhapatnam Sector-16 Relief Center,Visakhapatnam,Andhra Pradesh,cyclone,18.22392,83.05642,300,129,0.319,4.78,0,29.4,195.0,322.9,5.3,114.0,100.0,CRITICAL_DEFICIT,0
SH-DHU-0218,Dhubri Sector-12 Relief Center,Dhubri,Assam,flood,26.06601,90.24088,150,105,0.45,0.93,1,38.6,782.6,2019.3,14.7,356.9,5.53,BALANCED,2
SH-CHA-0219,Chamoli Sector-16 Relief Center,Chamoli,Uttarakhand,earthquake,30.82796,79.40614,300,236,0.401,1.2,1,41.9,71.0,155.9,1.7,53.0,100.0,CRITICAL_DEFICIT,0
SH-KUT-0220,Kutch Sector-10 Relief Center,Kutch,Gujarat,earthquake,23.40215,69.58504,300,245,0.285,7.73,0,21.6,395.0,992.8,8.4,355.6,95.8,CRITICAL_DEFICIT,0
SH-CHA-0221,Chamoli Sector-4 Relief Center,Chamoli,Uttarakhand,earthquake,30.70951,79.13316,300,208,0.232,0.31,0,28.0,629.2,1326.3,14.0,242.2,84.52,CRITICAL_DEFICIT,0
SH-CHA-0222,Chamoli Sector-2 Relief Center,Chamoli,Uttarakhand,earthquake,30.45703,78.67233,1200,974,0.542,1.11,1,15.9,6035.2,13874.9,175.8,4784.4,30.29,BALANCED,2
SH-BAL-0223,Balasore Sector-17 Relief Center,Balasore,Odisha,cyclone,21.4783,87.19545,150,70,0.132,4.57,0,3.3,136.9,410.0,1.7,46.5,91.74,CRITICAL_DEFICIT,0
SH-DHU-0224,Dhubri Sector-5 Relief Center,Dhubri,Assam,flood,26.13565,89.93049,150,29,0.262,0.33,0,47.0,7.1,11.8,0.1,4.3,100.0,CRITICAL_DEFICIT,0
SH-KAT-0225,Katihar Sector-4 Relief Center,Katihar,Bihar,flood,25.44994,87.55582,300,283,0.398,7.27,1,41.5,251.9,525.8,7.3,222.3,94.51,CRITICAL_DEFICIT,0
SH-PUR-0226,Puri Sector-3 Relief Center,Puri,Odisha,cyclone,19.61505,85.86854,500,273,0.174,0.75,1,33.4,1975.2,4802.9,36.1,1899.3,9.31,BALANCED,2
SH-WAY-0227,Wayanad Sector-17 Relief Center,Wayanad,Kerala,flood,12.14956,76.01156,150,124,0.211,2.76,1,29.6,43.1,72.1,0.6,15.3,100.0,CRITICAL_DEFICIT,0
SH-UTT-0228,Uttarkashi Sector-19 Relief Center,Uttarkashi,Uttarakhand,earthquake,30.81566,78.77696,300,88,0.248,4.66,1,41.5,533.2,1206.9,13.1,412.3,28.52,BALANCED,2
SH-SOU-0229,South 24 Parganas Sector-9 Relief Center,South 24 Parganas,West Bengal,cyclone,22.11227,88.32066,800,711,0.572,3.33,1,21.6,592.7,1375.5,12.6,273.5,94.24,CRITICAL_DEFICIT,0
SH-KAZ-0230,Kaziranga Sector-2 Relief Center,Kaziranga,Assam,flood,26.59878,93.56984,300,212,0.245,0.17,1,9.2,1162.2,3271.1,20.5,556.0,31.89,BALANCED,2
SH-KAZ-0231,Kaziranga Sector-12 Relief Center,Kaziranga,Assam,flood,26.38838,93.25904,300,204,0.089,0.02,1,20.0,338.3,892.0,4.5,173.2,82.02,CRITICAL_DEFICIT,0
SH-WAY-0232,Wayanad Sector-14 Relief Center,Wayanad,Kerala,flood,11.80908,76.22786,150,39,0.214,0.37,0,44.5,67.3,150.6,1.3,22.5,100.0,CRITICAL_DEFICIT,0
SH-KAT-0233,Katihar Sector-7 Relief Center,Katihar,Bihar,flood,25.76928,87.12063,150,136,0.234,2.02,1,26.8,211.9,436.2,4.2,113.2,85.25,CRITICAL_DEFICIT,0
SH-UTT-0234,Uttarkashi Sector-17 Relief Center,Uttarkashi,Uttarakhand,earthquake,30.92576,78.43526,500,318,0.484,0.36,1,14.2,1031.9,1836.2,17.0,947.4,65.69,DEFICIT,1
SH-CHA-0235,Chamoli Sector-7 Relief Center,Chamoli,Uttarakhand,earthquake,30.93352,79.29424,800,745,0.116,0.3,1,30.7,707.8,1494.0,15.5,360.3,90.9,CRITICAL_DEFICIT,0
SH-PUR-0236,Puri Sector-6 Relief Center,Puri,Odisha,cyclone,19.77236,85.71546,2000,404,0.441,1.12,0,39.2,1490.4,2549.2,31.1,962.8,84.83,CRITICAL_DEFICIT,0
SH-UTT-0237,Uttarkashi Sector-15 Relief Center,Uttarkashi,Uttarakhand,earthquake,30.87903,78.60408,2000,2378,0.309,0.33,1,40.6,741.3,2113.3,19.0,469.0,97.15,CRITICAL_DEFICIT,0
SH-KAZ-0238,Kaziranga Sector-6 Relief Center,Kaziranga,Assam,flood,26.5582,93.173,800,734,0.076,1.98,1,45.2,2843.3,5386.7,31.7,1297.0,59.35,DEFICIT,1
SH-KAT-0239,Katihar Sector-16 Relief Center,Katihar,Bihar,flood,25.39763,87.58967,300,204,0.057,2.81,1,57.3,156.1,283.4,2.6,141.4,93.07,CRITICAL_DEFICIT,0
SH-SOU-0240,South 24 Parganas Sector-6 Relief Center,South 24 Parganas,West Bengal,cyclone,22.23204,88.21944,300,65,0.346,2.56,1,32.1,555.1,1357.3,8.2,448.6,2.56,SURPLUS,3
SH-UTT-0241,Uttarkashi Sector-10 Relief Center,Uttarkashi,Uttarakhand,earthquake,30.56333,78.42964,500,422,0.239,1.49,1,33.7,4062.8,8312.8,65.0,2883.5,3.81,SURPLUS,3
SH-DAR-0242,Darbhanga Sector-16 Relief Center,Darbhanga,Bihar,flood,26.10734,85.8377,500,281,0.31,0.39,1,7.2,565.6,1035.8,7.8,431.2,81.2,CRITICAL_DEFICIT,0
SH-WAY-0243,Wayanad Sector-4 Relief Center,Wayanad,Kerala,flood,11.95398,75.8139,500,149,0.17,10.6,0,45.6,150.1,267.7,3.1,141.1,100.0,CRITICAL_DEFICIT,0
SH-DAR-0244,Darbhanga Sector-10 Relief Center,Darbhanga,Bihar,flood,25.81259,85.67043,1200,650,0.11,3.92,0,5.9,575.1,1016.3,11.8,550.4,100.0,CRITICAL_DEFICIT,0
SH-SOU-0245,South 24 Parganas Sector-14 Relief Center,South 24 Parganas,West Bengal,cyclone,22.17469,88.37102,500,199,0.288,1.84,1,20.8,657.8,1314.5,8.5,394.4,67.14,DEFICIT,1
SH-VIS-0246,Visakhapatnam Sector-9 Relief Center,Visakhapatnam,Andhra Pradesh,cyclone,17.02592,83.0769,500,495,0.363,1.12,0,12.8,758.4,1856.8,13.1,270.2,100.0,CRITICAL_DEFICIT,0
SH-KAZ-0247,Kaziranga Sector-10 Relief Center,Kaziranga,Assam,flood,26.66814,93.27655,800,677,0.227,1.49,1,19.8,639.0,1832.8,15.6,295.0,92.96,CRITICAL_DEFICIT,0
SH-CHA-0248,Chamoli Sector-8 Relief Center,Chamoli,Uttarakhand,earthquake,30.73373,79.18658,500,547,0.413,1.45,1,16.4,1023.1,2729.3,13.8,710.2,80.37,CRITICAL_DEFICIT,0
SH-DHU-0249,Dhubri Sector-7 Relief Center,Dhubri,Assam,flood,25.95673,89.60803,300,299,0.121,0.61,1,50.4,1988.5,4603.3,42.2,1507.4,13.18,BALANCED,2
SH-KAT-0250,Katihar Sector-9 Relief Center,Katihar,Bihar,flood,25.78754,87.63312,150,66,0.194,1.11,1,22.5,240.6,496.1,5.7,234.9,58.84,DEFICIT,1
SH-PUR-0251,Puri Sector-18 Relief Center,Puri,Odisha,cyclone,19.35193,86.08934,150,145,0.184,0.58,0,42.3,109.8,287.3,1.6,56.3,100.0,CRITICAL_DEFICIT,0
SH-IDU-0252,Idukki Sector-1 Relief Center,Idukki,Kerala,flood,9.83536,77.10854,150,128,0.396,0.09,1,25.3,516.3,1090.2,8.5,452.2,56.74,DEFICIT,1
SH-DAR-0253,Darbhanga Sector-11 Relief Center,Darbhanga,Bihar,flood,25.78456,85.77599,150,110,0.246,0.75,1,30.4,27.1,66.9,0.4,26.2,100.0,CRITICAL_DEFICIT,0
SH-KUT-0254,Kutch Sector-2 Relief Center,Kutch,Gujarat,earthquake,23.86726,69.91235,500,164,0.154,2.58,0,0.4,267.6,448.8,3.1,200.2,100.0,CRITICAL_DEFICIT,0
SH-KAT-0255,Katihar Sector-18 Relief Center,Katihar,Bihar,flood,25.65455,88.07132,300,298,0.252,2.98,1,26.0,248.9,672.5,5.7,146.9,90.25,CRITICAL_DEFICIT,0
SH-DAR-0256,Darbhanga Sector-18 Relief Center,Darbhanga,Bihar,flood,26.12955,85.59604,300,239,0.45,2.2,0,0.0,241.4,508.7,3.5,169.6,100.0,CRITICAL_DEFICIT,0
SH-KAZ-0257,Kaziranga Sector-3 Relief Center,Kaziranga,Assam,flood,26.61188,92.79477,500,329,0.33,0.59,1,32.9,2034.5,3556.7,34.0,1590.1,38.57,BALANCED,2
SH-WAY-0258,Wayanad Sector-2 Relief Center,Wayanad,Kerala,flood,11.45299,75.68407,150,99,0.11,2.87,1,66.8,360.7,684.6,4.6,184.6,57.05,DEFICIT,1
SH-IDU-0259,Idukki Sector-18 Relief Center,Idukki,Kerala,flood,9.87802,76.96534,150,193,0.347,1.21,0,26.4,1356.3,3596.9,19.0,983.9,22.24,BALANCED,2
SH-KUT-0260,Kutch Sector-2 Relief Center,Kutch,Gujarat,earthquake,23.88341,69.65811,500,422,0.279,0.31,0,23.6,102.7,225.7,2.7,46.2,100.0,CRITICAL_DEFICIT,0
SH-DAR-0261,Darbhanga Sector-12 Relief Center,Darbhanga,Bihar,flood,26.28275,85.7225,150,164,0.261,1.15,1,0.0,890.0,2553.2,17.5,493.5,30.96,BALANCED,2
SH-DAR-0262,Darbhanga Sector-17 Relief Center,Darbhanga,Bihar,flood,26.60298,85.8293,150,69,0.204,3.64,0,41.5,115.0,315.0,2.3,106.5,92.02,CRITICAL_DEFICIT,0
SH-SOU-0263,South 24 Parganas Sector-8 Relief Center,South 24 Parganas,West Bengal,cyclone,22.33524,88.71033,300,209,0.27,0.32,0,19.1,749.3,1830.9,18.7,526.6,69.17,DEFICIT,1
SH-SOU-0264,South 24 Parganas Sector-8 Relief Center,South 24 Parganas,West Bengal,cyclone,21.85244,88.43502,800,126,0.268,0.23,1,15.0,106.0,175.9,1.8,74.2,99.85,CRITICAL_DEFICIT,0
SH-KAN-0265,Kangra Sector-3 Relief Center,Kangra,Himachal Pradesh,earthquake,32.38039,76.17727,150,102,0.284,4.51,0,46.4,401.2,996.0,9.8,278.5,66.1,DEFICIT,1
SH-PUR-0266,Puri Sector-8 Relief Center,Puri,Odisha,cyclone,20.16606,85.60191,150,150,0.197,1.16,1,2.2,454.9,1144.9,5.7,323.1,60.93,DEFICIT,1
SH-BAL-0267,Balasore Sector-17 Relief Center,Balasore,Odisha,cyclone,21.49407,87.25812,800,738,0.65,2.89,1,35.1,551.7,1230.5,13.9,429.9,100.0,CRITICAL_DEFICIT,0
SH-IDU-0268,Idukki Sector-7 Relief Center,Idukki,Kerala,flood,9.56165,77.05916,300,307,0.172,2.52,0,29.5,1320.8,2923.1,25.7,676.5,61.8,DEFICIT,1
SH-IDU-0269,Idukki Sector-13 Relief Center,Idukki,Kerala,flood,10.22213,76.45481,300,188,0.363,6.19,0,65.5,176.4,455.4,3.7,143.2,100.0,CRITICAL_DEFICIT,0
SH-IDU-0270,Idukki Sector-11 Relief Center,Idukki,Kerala,flood,9.87684,77.03912,150,64,0.137,1.33,0,0.0,287.1,580.6,4.6,158.8,68.17,DEFICIT,1
SH-PUR-0271,Puri Sector-18 Relief Center,Puri,Odisha,cyclone,19.76683,86.1835,800,632,0.287,0.56,1,17.0,663.3,1791.0,12.7,658.2,87.37,CRITICAL_DEFICIT,0
SH-KAZ-0272,Kaziranga Sector-5 Relief Center,Kaziranga,Assam,flood,26.56389,92.94879,1200,667,0.07,2.06,1,42.7,170.2,404.1,2.0,59.1,100.0,CRITICAL_DEFICIT,0
SH-CHA-0273,Chamoli Sector-12 Relief Center,Chamoli,Uttarakhand,earthquake,31.00417,79.05078,800,702,0.42,0.78,0,3.8,213.8,370.3,6.3,180.5,100.0,CRITICAL_DEFICIT,0
SH-KAZ-0274,Kaziranga Sector-15 Relief Center,Kaziranga,Assam,flood,26.70292,93.2271,1200,1100,0.053,0.54,1,18.0,11012.3,24529.3,185.8,8103.5,0.0,SURPLUS,3
SH-PUR-0275,Puri Sector-7 Relief Center,Puri,Odisha,cyclone,19.39933,85.56533,150,20,0.248,2.87,1,25.8,85.4,234.9,1.6,41.7,47.5,DEFICIT,1
SH-WAY-0276,Wayanad Sector-11 Relief Center,Wayanad,Kerala,flood,11.86764,76.02083,300,111,0.327,0.66,1,12.1,88.7,259.9,2.3,59.1,93.67,CRITICAL_DEFICIT,0
SH-SOU-0277,South 24 Parganas Sector-5 Relief Center,South 24 Parganas,West Bengal,cyclone,22.06615,88.67213,300,253,0.399,0.75,1,0.0,232.6,380.5,4.1,214.2,100.0,CRITICAL_DEFICIT,0
SH-BAL-0278,Balasore Sector-4 Relief Center,Balasore,Odisha,cyclone,21.86031,86.62629,800,834,0.614,9.2,0,20.7,237.8,696.6,6.1,184.2,100.0,CRITICAL_DEFICIT,0
SH-PUR-0279,Puri Sector-13 Relief Center,Puri,Odisha,cyclone,19.83455,85.67235,500,441,0.096,6.34,0,17.7,824.4,1769.0,15.7,562.4,95.4,CRITICAL_DEFICIT,0
SH-CHA-0280,Chamoli Sector-1 Relief Center,Chamoli,Uttarakhand,earthquake,30.43829,79.17862,150,122,0.116,1.95,0,7.3,123.3,321.0,2.0,98.6,99.74,CRITICAL_DEFICIT,0
SH-PUR-0281,Puri Sector-9 Relief Center,Puri,Odisha,cyclone,19.74926,85.81209,300,103,0.195,0.53,0,23.7,163.0,366.2,2.6,100.9,98.93,CRITICAL_DEFICIT,0
SH-DAR-0282,Darbhanga Sector-11 Relief Center,Darbhanga,Bihar,flood,26.79363,85.68792,300,198,0.32,2.6,0,15.6,67.3,163.6,1.4,45.9,100.0,CRITICAL_DEFICIT,0
SH-CHA-0283,Chamoli Sector-5 Relief Center,Chamoli,Uttarakhand,earthquake,30.33168,79.22505,300,179,0.127,0.83,1,47.6,633.4,1575.4,9.1,339.7,52.91,DEFICIT,1
SH-KAN-0284,Kangra Sector-8 Relief Center,Kangra,Himachal Pradesh,earthquake,31.74898,76.77252,300,335,0.183,1.58,1,9.6,2613.0,6995.9,27.9,1872.8,5.58,SURPLUS,3
SH-SOU-0285,South 24 Parganas Sector-5 Relief Center,South 24 Parganas,West Bengal,cyclone,22.17442,88.25808,300,160,0.262,0.91,1,11.4,47.0,131.9,0.9,47.0,96.21,CRITICAL_DEFICIT,0
SH-VIS-0286,Visakhapatnam Sector-2 Relief Center,Visakhapatnam,Andhra Pradesh,cyclone,17.44274,83.05593,500,388,0.512,0.85,1,31.7,835.1,1428.0,17.4,546.6,79.11,CRITICAL_DEFICIT,0
SH-KUT-0287,Kutch Sector-2 Relief Center,Kutch,Gujarat,earthquake,23.74221,70.20069,800,229,0.329,8.15,1,0.0,69.4,119.0,1.0,33.3,93.7,CRITICAL_DEFICIT,0
SH-PUR-0288,Puri Sector-13 Relief Center,Puri,Odisha,cyclone,19.48982,85.70898,300,293,0.498,9.25,0,57.4,296.5,566.2,5.3,232.5,100.0,CRITICAL_DEFICIT,0
SH-KUT-0289,Kutch Sector-10 Relief Center,Kutch,Gujarat,earthquake,23.69591,69.46613,1200,222,0.257,0.64,0,25.9,62.0,155.8,0.9,58.3,100.0,CRITICAL_DEFICIT,0
SH-DAR-0290,Darbhanga Sector-13 Relief Center,Darbhanga,Bihar,flood,25.68101,85.96967,300,161,0.091,1.63,1,57.9,38.8,67.5,0.6,35.1,98.29,CRITICAL_DEFICIT,0
SH-CHA-0291,Chamoli Sector-11 Relief Center,Chamoli,Uttarakhand,earthquake,30.4076,79.63476,300,305,0.333,0.66,0,38.3,2044.8,4530.9,56.5,955.0,32.01,BALANCED,2
SH-CHA-0292,Chamoli Sector-12 Relief Center,Chamoli,Uttarakhand,earthquake,30.18449,79.52246,500,411,0.05,2.54,1,4.1,119.7,217.1,2.3,77.8,100.0,CRITICAL_DEFICIT,0
SH-IDU-0293,Idukki Sector-9 Relief Center,Idukki,Kerala,flood,9.66238,76.78129,800,685,0.153,3.49,0,18.7,989.9,2752.4,14.4,686.8,100.0,CRITICAL_DEFICIT,0
SH-CHA-0294,Chamoli Sector-12 Relief Center,Chamoli,Uttarakhand,earthquake,30.68204,78.82434,500,194,0.136,1.98,1,26.6,822.9,2232.7,8.3,380.8,47.28,DEFICIT,1
SH-KAN-0295,Kangra Sector-5 Relief Center,Kangra,Himachal Pradesh,earthquake,32.11528,76.18979,300,45,0.194,2.43,1,28.7,45.9,124.2,0.7,26.8,86.5,CRITICAL_DEFICIT,0
SH-VIS-0296,Visakhapatnam Sector-16 Relief Center,Visakhapatnam,Andhra Pradesh,cyclone,17.52141,83.60579,150,82,0.168,10.39,1,69.0,78.7,159.9,1.4,57.0,94.55,CRITICAL_DEFICIT,0
SH-BAL-0297,Balasore Sector-11 Relief Center,Balasore,Odisha,cyclone,21.44399,86.80979,500,419,0.368,1.87,0,0.0,751.3,1353.1,19.3,374.1,100.0,CRITICAL_DEFICIT,0
SH-UTT-0298,Uttarkashi Sector-15 Relief Center,Uttarkashi,Uttarakhand,earthquake,30.89932,78.93382,500,372,0.138,1.75,1,4.5,706.4,1704.4,13.5,393.5,75.19,CRITICAL_DEFICIT,0
SH-UTT-0299,Uttarkashi Sector-15 Relief Center,Uttarkashi,Uttarakhand,earthquake,31.10325,78.6031,150,147,0.192,0.81,0,21.4,557.4,1667.0,11.3,264.6,60.82,DEFICIT,1
SH-VIS-0300,Visakhapatnam Sector-5 Relief Center,Visakhapatnam,Andhra Pradesh,cyclone,17.36906,83.12386,1200,533,0.411,0.18,1,31.0,472.2,1215.0,7.4,310.5,92.66,CRITICAL_DEFICIT,0
SH-IDU-0301,Idukki Sector-2 Relief Center,Idukki,Kerala,flood,10.01725,77.2757,1200,811,0.401,5.52,1,25.3,1351.4,3306.6,34.2,820.7,86.55,CRITICAL_DEFICIT,0
SH-UTT-0302,Uttarkashi Sector-6 Relief Center,Uttarkashi,Uttarakhand,earthquake,30.003,78.4303,500,415,0.125,2.64,1,0.0,3720.9,7717.3,58.2,2426.0,0.0,SURPLUS,3
SH-VIS-0303,Visakhapatnam Sector-17 Relief Center,Visakhapatnam,Andhra Pradesh,cyclone,17.25423,83.55197,300,195,0.195,3.31,0,19.6,342.4,923.7,5.5,329.5,95.41,CRITICAL_DEFICIT,0
SH-BAL-0304,Balasore Sector-8 Relief Center,Balasore,Odisha,cyclone,21.35951,86.72414,800,426,0.293,1.95,0,35.2,788.1,1665.9,15.9,301.1,94.89,CRITICAL_DEFICIT,0
SH-DAR-0305,Darbhanga Sector-3 Relief Center,Darbhanga,Bihar,flood,26.16879,85.74084,500,466,0.303,0.14,1,1.2,409.4,1146.2,10.7,308.0,92.33,CRITICAL_DEFICIT,0
SH-CHA-0306,Chamoli Sector-15 Relief Center,Chamoli,Uttarakhand,earthquake,30.26614,79.34576,2000,1972,0.208,1.47,0,27.8,3923.9,11861.8,77.4,1439.9,89.28,CRITICAL_DEFICIT,0
SH-KUT-0307,Kutch Sector-9 Relief Center,Kutch,Gujarat,earthquake,23.81829,69.61156,300,250,0.298,2.55,1,1.8,409.4,1177.6,5.0,385.9,80.19,CRITICAL_DEFICIT,0
SH-SOU-0308,South 24 Parganas Sector-10 Relief Center,South 24 Parganas,West Bengal,cyclone,22.3485,88.26892,300,218,0.306,0.71,1,59.5,424.2,733.3,6.2,202.1,82.1,CRITICAL_DEFICIT,0
SH-KAN-0309,Kangra Sector-13 Relief Center,Kangra,Himachal Pradesh,earthquake,32.25011,76.64247,150,118,0.163,2.03,1,42.8,30.6,92.2,0.3,24.1,100.0,CRITICAL_DEFICIT,0
SH-DAR-0310,Darbhanga Sector-1 Relief Center,Darbhanga,Bihar,flood,25.94677,85.98651,500,332,0.222,1.83,1,24.7,549.4,1099.7,7.1,316.0,86.2,CRITICAL_DEFICIT,0
SH-VIS-0311,Visakhapatnam Sector-18 Relief Center,Visakhapatnam,Andhra Pradesh,cyclone,17.40779,82.90604,800,802,0.267,0.51,1,8.0,1581.6,4382.5,20.7,546.6,73.55,CRITICAL_DEFICIT,0
SH-PUR-0312,Puri Sector-5 Relief Center,Puri,Odisha,cyclone,20.0808,85.99936,300,378,0.5,0.91,1,7.9,2346.2,4466.1,37.9,1746.0,34.5,BALANCED,2
SH-UTT-0313,Uttarkashi Sector-4 Relief Center,Uttarkashi,Uttarakhand,earthquake,30.66702,78.21016,300,79,0.288,0.01,1,25.9,156.6,465.4,3.6,140.2,77.5,CRITICAL_DEFICIT,0
SH-WAY-0314,Wayanad Sector-11 Relief Center,Wayanad,Kerala,flood,11.88139,75.81496,150,62,0.27,0.97,0,30.2,21.6,52.1,0.5,19.2,100.0,CRITICAL_DEFICIT,0
SH-VIS-0315,Visakhapatnam Sector-5 Relief Center,Visakhapatnam,Andhra Pradesh,cyclone,17.29401,83.48888,150,64,0.167,1.45,1,54.1,136.5,337.4,2.8,55.4,70.88,CRITICAL_DEFICIT,0
SH-KAZ-0316,Kaziranga Sector-18 Relief Center,Kaziranga,Assam,flood,26.35401,93.30217,150,94,0.05,0.73,0,36.3,147.9,288.1,2.1,144.2,97.88,CRITICAL_DEFICIT,0
SH-SOU-0317,South 24 Parganas Sector-9 Relief Center,South 24 Parganas,West Bengal,cyclone,22.52744,88.94716,150,37,0.199,2.56,1,56.3,9.4,18.3,0.2,8.4,100.0,CRITICAL_DEFICIT,0
SH-SOU-0318,South 24 Parganas Sector-1 Relief Center,South 24 Parganas,West Bengal,cyclone,22.30433,88.63851,150,86,0.102,2.49,1,6.4,77.6,184.3,1.5,64.0,86.87,CRITICAL_DEFICIT,0
SH-PUR-0319,Puri Sector-11 Relief Center,Puri,Odisha,cyclone,19.89501,85.6305,1200,182,0.05,3.06,0,35.2,131.1,236.2,1.9,102.7,100.0,CRITICAL_DEFICIT,0
SH-CHA-0320,Chamoli Sector-9 Relief Center,Chamoli,Uttarakhand,earthquake,30.28071,79.05604,800,684,0.116,0.52,1,35.5,544.5,1128.1,6.3,508.9,87.66,CRITICAL_DEFICIT,0
SH-SOU-0321,South 24 Parganas Sector-5 Relief Center,South 24 Parganas,West Bengal,cyclone,21.99036,88.42431,2000,1274,0.24,1.45,0,27.5,4755.7,11783.9,74.2,4703.7,67.15,DEFICIT,1
SH-KAN-0322,Kangra Sector-13 Relief Center,Kangra,Himachal Pradesh,earthquake,32.12894,76.50537,300,262,0.239,0.19,1,5.6,88.4,237.6,1.9,71.7,97.54,CRITICAL_DEFICIT,0
SH-CHA-0323,Chamoli Sector-5 Relief Center,Chamoli,Uttarakhand,earthquake,30.93629,79.44339,300,250,0.166,0.97,0,15.6,2638.2,7759.9,44.7,1392.3,17.79,SURPLUS,3
SH-VIS-0324,Visakhapatnam Sector-8 Relief Center,Visakhapatnam,Andhra Pradesh,cyclone,17.65071,83.79875,500,487,0.106,5.35,0,32.4,143.9,405.2,2.9,73.3,100.0,CRITICAL_DEFICIT,0
SH-KAN-0325,Kangra Sector-4 Relief Center,Kangra,Himachal Pradesh,earthquake,32.17368,75.93496,500,461,0.295,2.18,1,0.0,149.1,273.2,3.2,55.1,96.51,CRITICAL_DEFICIT,0
SH-KAZ-0326,Kaziranga Sector-6 Relief Center,Kaziranga,Assam,flood,26.49039,93.35764,150,99,0.352,0.59,1,11.1,30.9,57.6,0.7,16.5,100.0,CRITICAL_DEFICIT,0
SH-WAY-0327,Wayanad Sector-6 Relief Center,Wayanad,Kerala,flood,11.47021,76.46121,150,69,0.282,3.12,0,27.8,113.4,245.2,1.5,92.2,100.0,CRITICAL_DEFICIT,0
SH-PUR-0328,Puri Sector-3 Relief Center,Puri,Odisha,cyclone,19.8222,85.94508,150,88,0.547,0.06,1,21.4,140.6,314.1,3.8,115.0,84.7,CRITICAL_DEFICIT,0
SH-KAN-0329,Kangra Sector-5 Relief Center,Kangra,Himachal Pradesh,earthquake,31.94587,76.47799,2000,670,0.348,1.81,1,7.5,5256.9,12757.7,94.3,3088.0,8.92,SURPLUS,3
SH-DHU-0330,Dhubri Sector-4 Relief Center,Dhubri,Assam,flood,25.86776,89.90917,150,99,0.096,1.21,0,7.1,173.9,300.4,2.6,153.1,100.0,CRITICAL_DEFICIT,0
SH-BAL-0331,Balasore Sector-15 Relief Center,Balasore,Odisha,cyclone,21.59022,87.18425,800,253,0.131,0.04,1,41.2,432.6,817.3,6.5,428.1,85.48,CRITICAL_DEFICIT,0
SH-CHA-0332,Chamoli Sector-17 Relief Center,Chamoli,Uttarakhand,earthquake,30.0228,79.12663,300,337,0.507,5.47,1,12.1,1117.2,2441.1,22.4,670.4,64.73,DEFICIT,1
SH-DAR-0333,Darbhanga Sector-3 Relief Center,Darbhanga,Bihar,flood,25.85503,85.94367,800,831,0.326,0.11,0,8.2,278.8,609.5,5.5,256.6,100.0,CRITICAL_DEFICIT,0
SH-PUR-0334,Puri Sector-9 Relief Center,Puri,Odisha,cyclone,19.22133,86.0726,500,500,0.172,3.67,0,33.0,407.3,734.7,6.9,294.6,100.0,CRITICAL_DEFICIT,0
SH-DAR-0335,Darbhanga Sector-9 Relief Center,Darbhanga,Bihar,flood,25.60288,86.38142,150,113,0.121,5.61,0,12.5,480.0,884.9,4.8,441.2,69.38,DEFICIT,1
SH-SOU-0336,South 24 Parganas Sector-5 Relief Center,South 24 Parganas,West Bengal,cyclone,22.03862,88.70362,2000,2016,0.2,0.59,1,42.3,1769.9,4828.5,37.7,1124.8,92.22,CRITICAL_DEFICIT,0
SH-WAY-0337,Wayanad Sector-11 Relief Center,Wayanad,Kerala,flood,11.79446,76.27421,300,281,0.148,0.25,0,14.1,478.2,1287.6,6.3,380.5,100.0,CRITICAL_DEFICIT,0
SH-VIS-0338,Visakhapatnam Sector-8 Relief Center,Visakhapatnam,Andhra Pradesh,cyclone,17.49022,82.60137,300,169,0.283,1.3,0,47.5,153.6,424.2,2.6,117.0,100.0,CRITICAL_DEFICIT,0
SH-DHU-0339,Dhubri Sector-15 Relief Center,Dhubri,Assam,flood,25.94856,89.90422,800,427,0.154,0.79,1,15.9,1562.2,2798.3,29.9,1470.2,67.98,DEFICIT,1
SH-VIS-0340,Visakhapatnam Sector-7 Relief Center,Visakhapatnam,Andhra Pradesh,cyclone,17.85307,82.92613,500,548,0.469,2.89,0,0.0,514.8,1262.6,10.5,338.4,100.0,CRITICAL_DEFICIT,0
SH-WAY-0341,Wayanad Sector-4 Relief Center,Wayanad,Kerala,flood,11.5787,76.25565,500,536,0.368,11.11,1,1.2,1058.3,2870.0,21.9,568.1,79.4,CRITICAL_DEFICIT,0
SH-CHA-0342,Chamoli Sector-4 Relief Center,Chamoli,Uttarakhand,earthquake,30.4196,79.2325,300,79,0.583,0.83,1,17.4,309.1,925.1,6.9,243.5,56.34,DEFICIT,1
SH-DHU-0343,Dhubri Sector-10 Relief Center,Dhubri,Assam,flood,26.2556,89.58971,800,440,0.151,1.14,1,5.2,2501.5,6560.1,40.9,2284.5,27.79,BALANCED,2
SH-KAZ-0344,Kaziranga Sector-19 Relief Center,Kaziranga,Assam,flood,26.9157,93.05446,150,184,0.316,4.23,0,0.0,303.1,595.3,7.1,109.2,99.92,CRITICAL_DEFICIT,0
SH-WAY-0345,Wayanad Sector-11 Relief Center,Wayanad,Kerala,flood,11.5849,76.31231,150,104,0.439,0.58,1,44.5,96.5,166.5,1.6,58.4,92.58,CRITICAL_DEFICIT,0
SH-BAL-0346,Balasore Sector-14 Relief Center,Balasore,Odisha,cyclone,21.43814,86.68416,300,146,0.262,2.92,0,29.6,473.7,939.0,7.7,211.0,81.88,CRITICAL_DEFICIT,0
SH-WAY-0347,Wayanad Sector-6 Relief Center,Wayanad,Kerala,flood,11.46389,76.04886,150,177,0.079,0.13,1,45.3,651.3,1687.9,8.6,507.1,48.07,DEFICIT,1
SH-VIS-0348,Visakhapatnam Sector-8 Relief Center,Visakhapatnam,Andhra Pradesh,cyclone,17.95314,83.15399,150,116,0.412,2.27,1,48.3,39.2,91.2,0.6,36.2,100.0,CRITICAL_DEFICIT,0
SH-SOU-0349,South 24 Parganas Sector-17 Relief Center,South 24 Parganas,West Bengal,cyclone,22.15229,88.96771,300,357,0.339,0.52,0,30.7,521.4,1456.3,12.9,263.8,100.0,CRITICAL_DEFICIT,0
SH-KAZ-0350,Kaziranga Sector-19 Relief Center,Kaziranga,Assam,flood,26.44527,93.04813,500,248,0.188,0.15,1,14.4,484.2,933.8,9.4,388.7,77.58,CRITICAL_DEFICIT,0
SH-DHU-0351,Dhubri Sector-6 Relief Center,Dhubri,Assam,flood,25.99367,90.25223,300,290,0.281,0.45,1,35.1,84.8,252.7,2.0,55.9,100.0,CRITICAL_DEFICIT,0
SH-PUR-0352,Puri Sector-11 Relief Center,Puri,Odisha,cyclone,19.66138,85.57923,800,605,0.165,2.92,1,0.0,496.0,1157.5,6.0,278.0,98.12,CRITICAL_DEFICIT,0
SH-KUT-0353,Kutch Sector-12 Relief Center,Kutch,Gujarat,earthquake,23.85676,69.61093,800,694,0.359,3.43,1,26.2,568.5,1571.0,10.4,309.6,91.31,CRITICAL_DEFICIT,0
SH-DAR-0354,Darbhanga Sector-7 Relief Center,Darbhanga,Bihar,flood,26.42658,86.48315,800,287,0.347,3.42,1,36.8,543.5,1578.6,10.3,465.0,81.65,CRITICAL_DEFICIT,0
SH-KUT-0355,Kutch Sector-11 Relief Center,Kutch,Gujarat,earthquake,23.46622,69.66961,150,187,0.183,3.44,1,45.7,304.3,747.4,4.2,301.2,77.29,CRITICAL_DEFICIT,0
SH-BAL-0356,Balasore Sector-19 Relief Center,Balasore,Odisha,cyclone,21.29558,86.72615,300,192,0.122,0.79,0,22.5,1816.5,4077.8,29.1,962.7,15.12,SURPLUS,3
SH-KUT-0357,Kutch Sector-1 Relief Center,Kutch,Gujarat,earthquake,23.30143,69.92491,500,409,0.05,3.61,1,23.5,2304.0,6341.3,43.6,2213.6,24.27,BALANCED,2
SH-BAL-0358,Balasore Sector-7 Relief Center,Balasore,Odisha,cyclone,21.66857,86.91753,150,68,0.348,8.62,0,21.7,376.1,692.5,7.1,246.6,64.0,DEFICIT,1
SH-VIS-0359,Visakhapatnam Sector-19 Relief Center,Visakhapatnam,Andhra Pradesh,cyclone,17.98457,83.18179,300,164,0.17,8.66,1,0.0,254.1,477.9,3.5,246.7,80.29,CRITICAL_DEFICIT,0
SH-BAL-0360,Balasore Sector-5 Relief Center,Balasore,Odisha,cyclone,21.54923,87.15937,150,72,0.293,8.02,1,24.4,59.3,118.2,1.3,36.4,94.61,CRITICAL_DEFICIT,0
SH-WAY-0361,Wayanad Sector-11 Relief Center,Wayanad,Kerala,flood,11.88833,76.21498,300,260,0.205,0.82,0,8.1,894.6,1731.5,11.3,484.7,75.82,CRITICAL_DEFICIT,0
SH-SOU-0362,South 24 Parganas Sector-2 Relief Center,South 24 Parganas,West Bengal,cyclone,22.08591,88.16608,500,495,0.411,1.89,1,62.4,967.3,2746.3,15.1,613.6,79.72,CRITICAL_DEFICIT,0
SH-KAZ-0363,Kaziranga Sector-10 Relief Center,Kaziranga,Assam,flood,26.30328,93.37662,800,696,0.445,0.81,0,41.6,2319.2,3901.1,47.8,1220.2,84.91,CRITICAL_DEFICIT,0
SH-CHA-0364,Chamoli Sector-15 Relief Center,Chamoli,Uttarakhand,earthquake,30.5832,79.34746,800,588,0.429,3.65,0,53.1,894.2,2012.3,19.3,832.8,100.0,CRITICAL_DEFICIT,0
SH-BAL-0365,Balasore Sector-19 Relief Center,Balasore,Odisha,cyclone,21.46312,86.42237,300,130,0.54,0.98,1,23.8,494.1,906.5,7.2,430.9,67.79,DEFICIT,1
SH-KAZ-0366,Kaziranga Sector-5 Relief Center,Kaziranga,Assam,flood,26.28334,92.97808,500,581,0.05,5.91,0,45.3,1930.1,4875.6,27.8,1566.2,72.86,CRITICAL_DEFICIT,0
SH-VIS-0367,Visakhapatnam Sector-5 Relief Center,Visakhapatnam,Andhra Pradesh,cyclone,17.86455,83.24078,1200,792,0.379,0.6,1,43.8,1227.7,3391.3,25.9,1209.2,83.4,CRITICAL_DEFICIT,0
SH-BAL-0368,Balasore Sector-14 Relief Center,Balasore,Odisha,cyclone,21.04109,87.33646,300,225,0.65,0.48,0,32.1,1355.0,2834.6,27.4,896.0,53.65,DEFICIT,1
SH-IDU-0369,Idukki Sector-5 Relief Center,Idukki,Kerala,flood,9.86315,76.80494,150,123,0.13,9.09,1,21.9,431.5,791.3,8.8,232.7,67.19,DEFICIT,1
SH-KAT-0370,Katihar Sector-5 Relief Center,Katihar,Bihar,flood,26.03036,87.55097,1200,1243,0.65,3.61,0,25.4,960.7,2311.8,30.4,500.8,100.0,CRITICAL_DEFICIT,0
SH-BAL-0371,Balasore Sector-16 Relief Center,Balasore,Odisha,cyclone,21.11623,86.85094,150,149,0.445,2.47,1,0.0,1691.5,3086.6,35.1,998.5,8.99,SURPLUS,3
SH-DHU-0372,Dhubri Sector-6 Relief Center,Dhubri,Assam,flood,26.05121,89.72468,300,242,0.339,5.22,1,28.1,885.4,1501.7,23.8,572.7,68.98,DEFICIT,1
SH-DAR-0373,Darbhanga Sector-5 Relief Center,Darbhanga,Bihar,flood,26.18488,85.88813,150,117,0.228,1.35,1,0.3,674.1,1734.8,7.3,640.3,29.84,BALANCED,2
SH-CHA-0374,Chamoli Sector-15 Relief Center,Chamoli,Uttarakhand,earthquake,30.52366,79.20875,300,325,0.484,2.99,1,18.9,2615.4,6080.0,36.6,1116.0,4.31,SURPLUS,3
SH-WAY-0375,Wayanad Sector-2 Relief Center,Wayanad,Kerala,flood,11.182,76.21034,1200,762,0.323,3.29,0,18.4,227.0,534.2,5.7,142.8,100.0,CRITICAL_DEFICIT,0
SH-VIS-0376,Visakhapatnam Sector-6 Relief Center,Visakhapatnam,Andhra Pradesh,cyclone,17.79854,83.46624,500,172,0.165,3.99,1,5.5,764.8,1371.8,10.8,668.0,60.71,DEFICIT,1
SH-KUT-0377,Kutch Sector-13 Relief Center,Kutch,Gujarat,earthquake,23.82191,69.97373,150,22,0.05,4.77,0,15.9,38.8,64.0,0.6,30.1,100.0,CRITICAL_DEFICIT,0
SH-DHU-0378,Dhubri Sector-11 Relief Center,Dhubri,Assam,flood,25.68233,90.00834,300,159,0.447,1.17,1,37.9,299.0,644.7,7.7,266.3,84.39,CRITICAL_DEFICIT,0
SH-BAL-0379,Balasore Sector-19 Relief Center,Balasore,Odisha,cyclone,20.74492,87.1413,500,420,0.119,0.11,1,39.0,765.7,1681.9,8.8,315.7,79.89,CRITICAL_DEFICIT,0
SH-PUR-0380,Puri Sector-19 Relief Center,Puri,Odisha,cyclone,19.59413,85.47943,150,93,0.308,1.66,1,0.0,141.6,428.9,2.6,80.1,84.46,CRITICAL_DEFICIT,0
SH-IDU-0381,Idukki Sector-10 Relief Center,Idukki,Kerala,flood,9.9415,76.5907,500,147,0.197,7.65,0,27.5,40.8,99.6,1.0,37.0,100.0,CRITICAL_DEFICIT,0
SH-KAZ-0382,Kaziranga Sector-3 Relief Center,Kaziranga,Assam,flood,26.32396,93.43304,1200,748,0.07,0.35,0,15.6,1276.4,3408.5,23.1,1075.0,97.68,CRITICAL_DEFICIT,0
SH-PUR-0383,Puri Sector-13 Relief Center,Puri,Odisha,cyclone,19.66251,85.55583,300,73,0.051,3.03,0,17.0,25.7,55.6,0.4,22.2,100.0,CRITICAL_DEFICIT,0
SH-VIS-0384,Visakhapatnam Sector-16 Relief Center,Visakhapatnam,Andhra Pradesh,cyclone,17.63657,83.15801,300,245,0.214,0.99,1,26.8,1893.3,5449.2,32.5,1460.9,2.67,SURPLUS,3
SH-KUT-0385,Kutch Sector-17 Relief Center,Kutch,Gujarat,earthquake,23.89074,70.26468,150,53,0.481,2.4,1,55.3,89.9,198.0,1.9,62.6,84.68,CRITICAL_DEFICIT,0
SH-PUR-0386,Puri Sector-1 Relief Center,Puri,Odisha,cyclone,19.93443,85.54794,500,569,0.511,1.01,1,0.0,962.1,1749.4,18.4,601.9,88.48,CRITICAL_DEFICIT,0
SH-KAT-0387,Katihar Sector-15 Relief Center,Katihar,Bihar,flood,25.34064,87.4108,500,308,0.397,3.26,1,36.9,2031.5,5022.7,42.4,1940.6,22.28,BALANCED,2
SH-DHU-0388,Dhubri Sector-19 Relief Center,Dhubri,Assam,flood,26.14589,89.76347,300,334,0.291,0.71,0,33.6,275.5,767.4,5.1,183.9,100.0,CRITICAL_DEFICIT,0
SH-CHA-0389,Chamoli Sector-9 Relief Center,Chamoli,Uttarakhand,earthquake,30.35843,79.54467,150,120,0.17,0.34,1,3.5,105.8,200.7,1.4,72.9,92.61,CRITICAL_DEFICIT,0
SH-CHA-0390,Chamoli Sector-15 Relief Center,Chamoli,Uttarakhand,earthquake,30.45356,79.22276,300,78,0.174,2.91,1,5.1,21.4,44.3,0.4,16.6,95.92,CRITICAL_DEFICIT,0
SH-DAR-0391,Darbhanga Sector-17 Relief Center,Darbhanga,Bihar,flood,26.16344,85.92224,150,123,0.242,0.63,1,56.1,261.1,756.4,6.2,226.6,81.41,CRITICAL_DEFICIT,0
SH-UTT-0392,Uttarkashi Sector-8 Relief Center,Uttarkashi,Uttarakhand,earthquake,30.65895,78.31941,150,140,0.101,2.02,0,20.9,619.0,1319.4,7.6,460.6,69.9,DEFICIT,1
SH-BAL-0393,Balasore Sector-17 Relief Center,Balasore,Odisha,cyclone,21.48812,86.98206,2000,958,0.408,1.15,1,30.0,3368.1,8773.2,94.6,2182.8,54.4,DEFICIT,1
SH-VIS-0394,Visakhapatnam Sector-16 Relief Center,Visakhapatnam,Andhra Pradesh,cyclone,17.82991,83.31776,300,59,0.154,3.32,1,26.2,181.4,314.0,3.7,158.3,68.46,DEFICIT,1
SH-DHU-0395,Dhubri Sector-16 Relief Center,Dhubri,Assam,flood,26.11604,90.31558,500,171,0.181,2.73,1,26.4,537.2,1354.0,7.6,452.7,58.13,DEFICIT,1
SH-KAZ-0396,Kaziranga Sector-16 Relief Center,Kaziranga,Assam,flood,26.35333,92.4133,300,248,0.234,3.02,1,21.2,1768.7,4795.8,22.7,1573.1,6.66,BALANCED,2
SH-DAR-0397,Darbhanga Sector-17 Relief Center,Darbhanga,Bihar,flood,26.17699,86.08885,2000,919,0.186,0.76,1,8.4,270.9,588.8,5.4,102.8,100.0,CRITICAL_DEFICIT,0
SH-KAN-0398,Kangra Sector-9 Relief Center,Kangra,Himachal Pradesh,earthquake,31.94838,76.26109,300,199,0.191,0.91,0,28.0,350.5,797.2,4.9,284.1,92.66,CRITICAL_DEFICIT,0
SH-KUT-0399,Kutch Sector-16 Relief Center,Kutch,Gujarat,earthquake,23.74034,70.0831,300,218,0.168,0.86,1,24.4,61.4,115.8,1.1,39.5,92.15,CRITICAL_DEFICIT,0
SH-DAR-0400,Darbhanga Sector-18 Relief Center,Darbhanga,Bihar,flood,26.72405,85.71793,1200,683,0.162,0.91,0,11.3,1119.3,2168.9,14.9,739.2,96.48,CRITICAL_DEFICIT,0
SH-DAR-0401,Darbhanga Sector-13 Relief Center,Darbhanga,Bihar,flood,26.02282,86.09446,800,375,0.65,2.25,1,0.9,630.2,1124.1,11.9,224.1,86.76,CRITICAL_DEFICIT,0
SH-IDU-0402,Idukki Sector-18 Relief Center,Idukki,Kerala,flood,9.59822,77.2971,500,386,0.232,2.93,1,0.0,803.5,1870.5,18.2,483.2,71.63,CRITICAL_DEFICIT,0
SH-CHA-0403,Chamoli Sector-12 Relief Center,Chamoli,Uttarakhand,earthquake,30.32027,79.20708,300,328,0.231,0.36,0,14.8,556.3,1524.7,10.1,232.9,96.62,CRITICAL_DEFICIT,0
SH-BAL-0404,Balasore Sector-14 Relief Center,Balasore,Odisha,cyclone,21.12102,86.75154,1200,1106,0.48,0.41,0,0.0,2366.6,6682.6,63.2,1247.2,89.8,CRITICAL_DEFICIT,0
SH-IDU-0405,Idukki Sector-15 Relief Center,Idukki,Kerala,flood,9.63778,77.13299,300,131,0.172,6.12,1,39.6,573.4,1420.7,11.9,493.8,45.42,DEFICIT,1
SH-BAL-0406,Balasore Sector-3 Relief Center,Balasore,Odisha,cyclone,21.23123,86.83331,300,165,0.133,7.25,1,0.0,334.7,809.2,4.3,170.1,76.68,CRITICAL_DEFICIT,0
SH-KUT-0407,Kutch Sector-19 Relief Center,Kutch,Gujarat,earthquake,23.49144,69.989,300,254,0.143,0.06,1,25.6,973.1,2203.1,13.0,517.7,55.46,DEFICIT,1
SH-PUR-0408,Puri Sector-15 Relief Center,Puri,Odisha,cyclone,19.71738,85.90916,800,726,0.257,3.14,0,35.3,567.8,929.6,10.1,322.7,100.0,CRITICAL_DEFICIT,0
SH-WAY-0409,Wayanad Sector-13 Relief Center,Wayanad,Kerala,flood,11.74396,75.88693,300,313,0.282,0.75,1,4.1,287.9,702.0,3.8,183.8,93.29,CRITICAL_DEFICIT,0
SH-KAN-0410,Kangra Sector-16 Relief Center,Kangra,Himachal Pradesh,earthquake,31.97728,76.20653,500,340,0.07,2.91,0,39.3,249.2,732.5,3.2,100.8,100.0,CRITICAL_DEFICIT,0
SH-SOU-0411,South 24 Parganas Sector-9 Relief Center,South 24 Parganas,West Bengal,cyclone,22.12325,88.67828,2000,1511,0.394,1.37,0,45.2,2760.6,8355.2,53.8,2052.8,91.51,CRITICAL_DEFICIT,0
SH-IDU-0412,Idukki Sector-18 Relief Center,Idukki,Kerala,flood,9.44544,76.8256,500,311,0.09,1.8,1,24.2,2221.3,4917.9,45.2,1902.7,9.68,BALANCED,2
SH-KAN-0413,Kangra Sector-3 Relief Center,Kangra,Himachal Pradesh,earthquake,32.02939,76.10863,500,89,0.241,2.98,1,11.0,151.5,322.3,3.1,126.4,79.12,CRITICAL_DEFICIT,0
SH-VIS-0414,Visakhapatnam Sector-1 Relief Center,Visakhapatnam,Andhra Pradesh,cyclone,17.83862,82.74601,500,380,0.179,4.71,1,30.3,685.0,1738.4,16.0,253.8,81.33,CRITICAL_DEFICIT,0
SH-KAZ-0415,Kaziranga Sector-13 Relief Center,Kaziranga,Assam,flood,26.63215,93.1587,150,103,0.268,0.85,0,35.9,161.1,322.1,3.0,98.6,97.6,CRITICAL_DEFICIT,0
SH-CHA-0416,Chamoli Sector-17 Relief Center,Chamoli,Uttarakhand,earthquake,30.52999,79.75827,800,601,0.122,0.61,1,38.1,6495.5,12612.1,132.1,5381.4,3.44,SURPLUS,3
SH-WAY-0417,Wayanad Sector-6 Relief Center,Wayanad,Kerala,flood,11.43141,76.04016,1200,646,0.136,7.38,1,19.1,939.8,2221.6,16.7,460.0,83.96,CRITICAL_DEFICIT,0
SH-UTT-0418,Uttarkashi Sector-16 Relief Center,Uttarkashi,Uttarakhand,earthquake,31.06537,78.70202,800,445,0.268,0.03,1,6.0,363.6,854.3,6.5,245.4,89.76,CRITICAL_DEFICIT,0
SH-IDU-0419,Idukki Sector-10 Relief Center,Idukki,Kerala,flood,9.31139,77.09221,150,160,0.519,2.0,1,54.8,52.8,96.3,0.8,52.0,100.0,CRITICAL_DEFICIT,0
SH-BAL-0420,Balasore Sector-7 Relief Center,Balasore,Odisha,cyclone,21.50052,86.92582,150,138,0.65,5.11,0,2.5,46.6,105.6,1.1,30.2,100.0,CRITICAL_DEFICIT,0
SH-KUT-0421,Kutch Sector-5 Relief Center,Kutch,Gujarat,earthquake,23.84732,69.66725,300,210,0.344,3.6,0,19.3,66.1,146.6,1.4,41.0,100.0,CRITICAL_DEFICIT,0
SH-KAN-0422,Kangra Sector-8 Relief Center,Kangra,Himachal Pradesh,earthquake,31.91256,76.13008,1200,719,0.567,1.76,0,35.1,6668.1,13796.2,200.0,6075.8,22.29,SURPLUS,3
SH-KAZ-0423,Kaziranga Sector-8 Relief Center,Kaziranga,Assam,flood,26.65593,92.79995,300,244,0.114,1.04,1,55.3,76.4,199.9,1.1,37.8,98.04,CRITICAL_DEFICIT,0
SH-SOU-0424,South 24 Parganas Sector-15 Relief Center,South 24 Parganas,West Bengal,cyclone,22.14107,88.95622,800,607,0.261,0.05,1,40.9,881.5,2202.4,10.6,357.2,86.09,CRITICAL_DEFICIT,0
SH-KAT-0425,Katihar Sector-12 Relief Center,Katihar,Bihar,flood,25.28543,87.2401,800,259,0.208,9.96,1,6.2,234.2,487.3,3.0,119.1,93.91,CRITICAL_DEFICIT,0
SH-VIS-0426,Visakhapatnam Sector-17 Relief Center,Visakhapatnam,Andhra Pradesh,cyclone,17.34408,83.39167,150,57,0.365,4.3,0,29.7,255.9,501.3,5.8,163.9,72.41,CRITICAL_DEFICIT,0
SH-SOU-0427,South 24 Parganas Sector-14 Relief Center,South 24 Parganas,West Bengal,cyclone,22.71889,88.47942,300,152,0.65,1.83,0,40.0,124.8,213.1,4.1,76.3,100.0,CRITICAL_DEFICIT,0
SH-UTT-0428,Uttarkashi Sector-9 Relief Center,Uttarkashi,Uttarakhand,earthquake,30.48397,77.94187,800,679,0.08,1.83,1,0.0,504.7,1363.3,7.1,379.1,91.29,CRITICAL_DEFICIT,0
SH-KAT-0429,Katihar Sector-10 Relief Center,Katihar,Bihar,flood,25.01759,87.24809,300,351,0.248,0.9,1,19.3,2575.3,6956.0,35.9,1260.5,6.26,BALANCED,2
SH-VIS-0430,Visakhapatnam Sector-19 Relief Center,Visakhapatnam,Andhra Pradesh,cyclone,17.35328,83.33183,300,200,0.303,0.32,1,25.9,333.4,797.4,4.4,262.0,81.86,CRITICAL_DEFICIT,0
SH-VIS-0431,Visakhapatnam Sector-8 Relief Center,Visakhapatnam,Andhra Pradesh,cyclone,17.80918,83.13312,150,136,0.491,1.6,0,49.9,138.6,279.7,3.3,66.0,100.0,CRITICAL_DEFICIT,0
SH-UTT-0432,Uttarkashi Sector-9 Relief Center,Uttarkashi,Uttarakhand,earthquake,31.03611,78.21169,150,125,0.427,2.85,1,23.3,104.0,235.5,2.1,64.6,92.61,CRITICAL_DEFICIT,0
SH-DHU-0433,Dhubri Sector-17 Relief Center,Dhubri,Assam,flood,26.014,90.42837,800,801,0.15,1.85,1,44.5,1717.6,4907.4,24.9,624.6,69.66,CRITICAL_DEFICIT,0
SH-DAR-0434,Darbhanga Sector-3 Relief Center,Darbhanga,Bihar,flood,26.3528,86.04654,300,243,0.083,1.23,0,52.2,81.4,181.0,1.5,40.9,100.0,CRITICAL_DEFICIT,0
SH-PUR-0435,Puri Sector-18 Relief Center,Puri,Odisha,cyclone,19.92977,85.37451,500,195,0.123,4.89,1,4.0,849.7,1904.9,13.3,808.6,46.27,DEFICIT,1
SH-KAN-0436,Kangra Sector-1 Relief Center,Kangra,Himachal Pradesh,earthquake,32.90199,76.06655,500,236,0.39,7.91,0,15.5,442.9,949.7,12.4,296.2,100.0,CRITICAL_DEFICIT,0
SH-UTT-0437,Uttarkashi Sector-14 Relief Center,Uttarkashi,Uttarakhand,earthquake,30.72634,78.4704,150,145,0.076,4.36,1,35.7,130.4,360.6,1.9,125.9,83.57,CRITICAL_DEFICIT,0
SH-BAL-0438,Balasore Sector-8 Relief Center,Balasore,Odisha,cyclone,21.50255,87.33502,300,90,0.255,0.42,0,11.7,95.2,265.5,2.0,36.9,100.0,CRITICAL_DEFICIT,0
SH-SOU-0439,South 24 Parganas Sector-6 Relief Center,South 24 Parganas,West Bengal,cyclone,21.80492,88.60526,300,93,0.317,5.51,0,46.4,81.5,149.5,2.0,77.7,100.0,CRITICAL_DEFICIT,0
SH-CHA-0440,Chamoli Sector-14 Relief Center,Chamoli,Uttarakhand,earthquake,30.65152,79.08074,300,75,0.509,4.0,0,0.0,154.1,425.5,2.6,124.7,88.46,CRITICAL_DEFICIT,0
SH-UTT-0441,Uttarkashi Sector-19 Relief Center,Uttarkashi,Uttarakhand,earthquake,30.58913,78.58246,500,430,0.209,0.38,1,31.6,1677.1,4408.5,24.8,1128.7,49.75,DEFICIT,1
SH-DAR-0442,Darbhanga Sector-9 Relief Center,Darbhanga,Bihar,flood,26.56579,86.14856,800,395,0.176,0.97,1,36.8,2371.8,6999.4,43.2,2359.3,22.7,BALANCED,2
SH-KAN-0443,Kangra Sector-17 Relief Center,Kangra,Himachal Pradesh,earthquake,32.14808,76.30121,150,41,0.374,2.69,1,7.6,65.3,141.5,1.4,42.1,85.81,CRITICAL_DEFICIT,0
SH-SOU-0444,South 24 Parganas Sector-2 Relief Center,South 24 Parganas,West Bengal,cyclone,21.91793,88.30031,150,93,0.454,1.05,1,7.8,74.5,150.0,1.6,57.2,94.9,CRITICAL_DEFICIT,0
SH-PUR-0445,Puri Sector-2 Relief Center,Puri,Odisha,cyclone,19.99886,86.04074,300,217,0.202,1.32,1,15.2,1582.0,3797.2,29.9,623.4,1.05,BALANCED,2
SH-BAL-0446,Balasore Sector-18 Relief Center,Balasore,Odisha,cyclone,21.46381,86.87703,300,164,0.191,1.07,1,28.2,345.9,988.3,4.2,155.1,70.08,CRITICAL_DEFICIT,0
SH-KAT-0447,Katihar Sector-7 Relief Center,Katihar,Bihar,flood,25.32203,87.47641,500,527,0.372,1.13,0,36.9,1045.4,2806.3,17.6,747.0,92.83,CRITICAL_DEFICIT,0
SH-IDU-0448,Idukki Sector-5 Relief Center,Idukki,Kerala,flood,10.09157,77.03947,500,604,0.227,3.11,0,40.7,2046.7,3542.8,34.1,1312.3,86.82,CRITICAL_DEFICIT,0
SH-PUR-0449,Puri Sector-12 Relief Center,Puri,Odisha,cyclone,19.58102,85.94318,150,87,0.477,0.18,0,14.4,85.4,147.6,2.7,39.4,100.0,CRITICAL_DEFICIT,0
SH-UTT-0450,Uttarkashi Sector-5 Relief Center,Uttarkashi,Uttarakhand,earthquake,30.77554,78.39155,800,599,0.366,0.69,1,31.2,6486.9,13917.2,182.1,3585.5,6.46,SURPLUS,3
SH-KUT-0451,Kutch Sector-1 Relief Center,Kutch,Gujarat,earthquake,23.61941,69.6721,500,38,0.292,0.64,1,11.7,38.0,74.2,0.7,24.1,95.34,CRITICAL_DEFICIT,0
SH-DAR-0452,Darbhanga Sector-10 Relief Center,Darbhanga,Bihar,flood,26.20687,85.90738,500,265,0.417,0.12,1,45.8,885.2,2431.4,21.2,641.8,59.68,DEFICIT,1
SH-CHA-0453,Chamoli Sector-5 Relief Center,Chamoli,Uttarakhand,earthquake,29.87448,79.32739,300,131,0.146,3.07,0,34.5,34.9,57.4,0.7,19.6,100.0,CRITICAL_DEFICIT,0
SH-DHU-0454,Dhubri Sector-10 Relief Center,Dhubri,Assam,flood,26.30291,90.22521,300,194,0.181,3.74,0,14.9,385.2,692.7,8.3,309.6,99.59,CRITICAL_DEFICIT,0
SH-KUT-0455,Kutch Sector-10 Relief Center,Kutch,Gujarat,earthquake,23.78036,70.1006,300,253,0.536,0.32,1,45.2,228.3,681.8,5.8,211.6,93.34,CRITICAL_DEFICIT,0
SH-BAL-0456,Balasore Sector-17 Relief Center,Balasore,Odisha,cyclone,22.03047,87.23657,300,142,0.428,2.46,0,11.9,130.7,343.2,2.0,114.5,100.0,CRITICAL_DEFICIT,0
SH-PUR-0457,Puri Sector-10 Relief Center,Puri,Odisha,cyclone,19.84584,85.91627,150,171,0.537,0.91,1,35.3,258.6,759.8,5.6,100.1,90.65,CRITICAL_DEFICIT,0
SH-KAT-0458,Katihar Sector-4 Relief Center,Katihar,Bihar,flood,25.145,87.93796,150,143,0.072,1.71,1,0.0,1681.9,4319.9,25.6,1448.9,0.0,SURPLUS,3
SH-WAY-0459,Wayanad Sector-5 Relief Center,Wayanad,Kerala,flood,11.67286,75.50476,150,34,0.174,0.21,1,64.6,72.7,187.9,0.7,47.6,70.84,CRITICAL_DEFICIT,0
SH-DAR-0460,Darbhanga Sector-19 Relief Center,Darbhanga,Bihar,flood,26.1047,86.31835,300,34,0.346,0.01,1,26.0,270.7,755.2,4.8,253.7,4.03,SURPLUS,3
SH-CHA-0461,Chamoli Sector-11 Relief Center,Chamoli,Uttarakhand,earthquake,30.24296,79.50425,1200,1159,0.305,0.48,0,28.7,332.3,734.3,4.7,315.2,100.0,CRITICAL_DEFICIT,0
SH-IDU-0462,Idukki Sector-4 Relief Center,Idukki,Kerala,flood,10.02599,76.96006,300,258,0.136,0.11,0,44.6,529.3,1220.3,11.0,303.3,93.43,CRITICAL_DEFICIT,0
SH-VIS-0463,Visakhapatnam Sector-6 Relief Center,Visakhapatnam,Andhra Pradesh,cyclone,17.4226,83.43464,300,146,0.107,12.64,1,32.8,129.6,367.9,2.0,59.9,88.43,CRITICAL_DEFICIT,0
SH-IDU-0464,Idukki Sector-17 Relief Center,Idukki,Kerala,flood,9.88516,76.88407,300,366,0.572,2.34,1,55.4,2680.4,5760.3,77.7,965.4,18.92,BALANCED,2
SH-PUR-0465,Puri Sector-1 Relief Center,Puri,Odisha,cyclone,19.6628,85.95515,150,144,0.649,3.16,0,26.1,235.1,684.1,5.5,85.5,94.72,CRITICAL_DEFICIT,0
SH-KAN-0466,Kangra Sector-13 Relief Center,Kangra,Himachal Pradesh,earthquake,32.51068,76.34984,800,954,0.212,7.63,0,22.2,1589.8,4155.1,35.2,1305.1,94.51,CRITICAL_DEFICIT,0
SH-SOU-0467,South 24 Parganas Sector-6 Relief Center,South 24 Parganas,West Bengal,cyclone,22.28997,88.44872,300,351,0.65,1.29,0,18.8,2004.2,5957.6,47.2,1531.6,50.74,DEFICIT,1
SH-UTT-0468,Uttarkashi Sector-2 Relief Center,Uttarkashi,Uttarakhand,earthquake,31.0614,78.72471,300,137,0.502,3.64,0,35.4,136.7,227.1,3.6,88.3,100.0,CRITICAL_DEFICIT,0
SH-DAR-0469,Darbhanga Sector-11 Relief Center,Darbhanga,Bihar,flood,26.05888,85.786,300,261,0.282,0.98,0,45.4,911.8,2171.0,11.2,430.8,69.2,DEFICIT,1
SH-PUR-0470,Puri Sector-10 Relief Center,Puri,Odisha,cyclone,19.80608,85.87923,300,315,0.227,2.1,1,13.1,253.7,604.7,6.1,200.6,94.09,CRITICAL_DEFICIT,0
SH-SOU-0471,South 24 Parganas Sector-6 Relief Center,South 24 Parganas,West Bengal,cyclone,22.26324,88.30715,300,270,0.357,0.02,1,36.2,206.1,599.5,5.9,93.5,92.56,CRITICAL_DEFICIT,0
SH-PUR-0472,Puri Sector-8 Relief Center,Puri,Odisha,cyclone,20.02222,86.29847,1200,837,0.333,0.03,1,5.1,692.5,1768.7,17.5,488.7,92.84,CRITICAL_DEFICIT,0
SH-CHA-0473,Chamoli Sector-6 Relief Center,Chamoli,Uttarakhand,earthquake,30.3001,79.82178,150,125,0.278,4.78,0,17.3,543.2,1573.0,8.9,526.0,60.19,DEFICIT,1
SH-WAY-0474,Wayanad Sector-8 Relief Center,Wayanad,Kerala,flood,11.61954,76.02498,300,93,0.255,2.07,1,15.7,25.7,52.0,0.5,22.5,97.48,CRITICAL_DEFICIT,0
SH-VIS-0475,Visakhapatnam Sector-8 Relief Center,Visakhapatnam,Andhra Pradesh,cyclone,17.90499,83.38154,150,128,0.288,4.8,1,40.5,130.6,269.8,2.3,73.8,93.99,CRITICAL_DEFICIT,0
SH-KAN-0476,Kangra Sector-8 Relief Center,Kangra,Himachal Pradesh,earthquake,32.43204,76.37846,300,104,0.452,0.66,1,34.3,649.7,1463.7,10.1,579.1,22.75,BALANCED,2
SH-BAL-0477,Balasore Sector-18 Relief Center,Balasore,Odisha,cyclone,21.62199,86.60993,800,753,0.179,0.39,1,21.5,4864.7,7975.5,67.4,3559.8,40.53,DEFICIT,1
SH-CHA-0478,Chamoli Sector-10 Relief Center,Chamoli,Uttarakhand,earthquake,30.49714,79.36165,300,315,0.128,6.24,0,12.5,1165.6,2275.6,14.1,719.1,77.01,CRITICAL_DEFICIT,0
SH-VIS-0479,Visakhapatnam Sector-4 Relief Center,Visakhapatnam,Andhra Pradesh,cyclone,18.04298,83.00055,300,216,0.122,1.49,0,22.8,1197.5,3376.9,20.8,789.3,43.84,DEFICIT,1
SH-WAY-0480,Wayanad Sector-4 Relief Center,Wayanad,Kerala,flood,11.05519,76.1692,150,83,0.372,3.59,1,57.0,25.8,63.5,0.6,15.0,98.8,CRITICAL_DEFICIT,0
SH-KAN-0481,Kangra Sector-13 Relief Center,Kangra,Himachal Pradesh,earthquake,32.22209,75.97416,300,115,0.269,0.63,1,47.0,749.7,1243.2,18.1,337.0,41.27,DEFICIT,1
SH-DAR-0482,Darbhanga Sector-8 Relief Center,Darbhanga,Bihar,flood,26.13647,85.80801,500,222,0.42,0.82,0,3.6,455.3,999.7,12.5,198.6,96.92,CRITICAL_DEFICIT,0
SH-WAY-0483,Wayanad Sector-13 Relief Center,Wayanad,Kerala,flood,12.12318,75.98765,2000,888,0.238,2.81,1,35.6,3582.4,10706.9,80.3,1520.4,49.39,DEFICIT,1
SH-WAY-0484,Wayanad Sector-1 Relief Center,Wayanad,Kerala,flood,11.52252,76.14915,150,50,0.271,2.43,1,35.8,318.8,697.9,4.4,186.6,25.17,BALANCED,2
SH-DHU-0485,Dhubri Sector-13 Relief Center,Dhubri,Assam,flood,26.16201,90.08366,300,310,0.422,0.25,1,25.5,1092.8,2128.2,21.0,834.4,70.77,CRITICAL_DEFICIT,0
SH-DAR-0486,Darbhanga Sector-1 Relief Center,Darbhanga,Bihar,flood,26.23316,85.87101,300,266,0.279,0.63,1,20.0,443.7,933.2,7.3,184.2,82.36,CRITICAL_DEFICIT,0
SH-PUR-0487,Puri Sector-14 Relief Center,Puri,Odisha,cyclone,19.6188,85.59476,300,213,0.152,4.17,1,28.2,222.0,584.7,4.0,172.2,86.31,CRITICAL_DEFICIT,0
SH-SOU-0488,South 24 Parganas Sector-13 Relief Center,South 24 Parganas,West Bengal,cyclone,22.1097,89.13836,300,277,0.5,0.35,1,39.6,89.9,258.9,2.3,86.1,100.0,CRITICAL_DEFICIT,0
SH-IDU-0489,Idukki Sector-18 Relief Center,Idukki,Kerala,flood,9.89631,76.93821,500,262,0.495,2.19,1,0.0,67.4,176.2,1.0,61.0,100.0,CRITICAL_DEFICIT,0
SH-IDU-0490,Idukki Sector-8 Relief Center,Idukki,Kerala,flood,10.03781,77.02364,300,231,0.153,0.48,0,0.0,490.7,1487.6,7.2,261.3,92.16,CRITICAL_DEFICIT,0
SH-KUT-0491,Kutch Sector-4 Relief Center,Kutch,Gujarat,earthquake,23.86692,69.84247,800,574,0.242,1.91,1,5.4,462.2,1080.1,6.9,446.1,90.08,CRITICAL_DEFICIT,0
SH-WAY-0492,Wayanad Sector-5 Relief Center,Wayanad,Kerala,flood,11.67116,76.10201,300,129,0.413,0.4,1,23.8,1043.8,2253.1,24.3,943.7,6.2,BALANCED,2
SH-CHA-0493,Chamoli Sector-2 Relief Center,Chamoli,Uttarakhand,earthquake,30.24493,79.21872,500,227,0.114,0.53,1,56.9,57.3,150.6,0.7,30.8,90.05,CRITICAL_DEFICIT,0
SH-SOU-0494,South 24 Parganas Sector-13 Relief Center,South 24 Parganas,West Bengal,cyclone,21.81066,88.69488,300,213,0.388,0.61,1,48.9,1673.4,3926.2,40.8,682.5,4.76,SURPLUS,3
SH-KUT-0495,Kutch Sector-16 Relief Center,Kutch,Gujarat,earthquake,23.82006,70.08797,500,357,0.199,1.21,1,42.9,117.0,312.3,2.3,56.8,100.0,CRITICAL_DEFICIT,0
SH-WAY-0496,Wayanad Sector-15 Relief Center,Wayanad,Kerala,flood,11.95493,76.11045,150,42,0.216,3.14,0,16.9,85.2,165.6,1.3,72.3,99.7,CRITICAL_DEFICIT,0
SH-SOU-0497,South 24 Parganas Sector-4 Relief Center,South 24 Parganas,West Bengal,cyclone,22.09841,88.32783,1200,1080,0.376,1.55,0,33.0,7680.8,21617.3,129.6,3060.6,26.8,BALANCED,2
SH-IDU-0498,Idukki Sector-15 Relief Center,Idukki,Kerala,flood,10.08163,77.03724,300,243,0.125,0.8,1,33.7,452.2,1364.5,7.7,387.6,79.24,CRITICAL_DEFICIT,0
SH-KUT-0499,Kutch Sector-16 Relief Center,Kutch,Gujarat,earthquake,24.08969,70.21314,300,352,0.136,1.69,1,13.4,291.2,704.1,4.3,228.0,91.59,CRITICAL_DEFICIT,0
SH-VIS-0500,Visakhapatnam Sector-17 Relief Center,Visakhapatnam,Andhra Pradesh,cyclone,17.68624,82.95164,150,22,0.399,3.28,1,22.1,6.4,18.1,0.2,5.9,98.03,CRITICAL_DEFICIT,0
SH-CHA-0501,Chamoli Sector-6 Relief Center,Chamoli,Uttarakhand,earthquake,30.49849,79.48673,150,79,0.274,1.23,1,26.2,286.3,505.1,5.3,112.8,65.68,DEFICIT,1
SH-DHU-0502,Dhubri Sector-9 Relief Center,Dhubri,Assam,flood,25.89255,89.80097,300,252,0.304,2.84,0,39.6,3013.4,6228.7,44.3,2105.6,18.71,SURPLUS,3
SH-KAT-0503,Katihar Sector-17 Relief Center,Katihar,Bihar,flood,24.99329,87.90671,300,324,0.152,2.97,0,7.3,100.0,219.6,1.5,97.9,100.0,CRITICAL_DEFICIT,0
SH-VIS-0504,Visakhapatnam Sector-4 Relief Center,Visakhapatnam,Andhra Pradesh,cyclone,17.81662,83.06503,150,110,0.242,5.57,0,16.1,28.1,81.4,0.5,24.2,100.0,CRITICAL_DEFICIT,0
SH-KUT-0505,Kutch Sector-15 Relief Center,Kutch,Gujarat,earthquake,23.70965,69.92443,150,63,0.574,0.88,1,50.7,67.1,112.4,2.3,32.1,93.89,CRITICAL_DEFICIT,0
SH-KAZ-0506,Kaziranga Sector-3 Relief Center,Kaziranga,Assam,flood,26.1849,93.23642,500,321,0.414,1.85,0,19.4,1208.4,2656.6,24.1,585.1,72.82,CRITICAL_DEFICIT,0
SH-KAZ-0507,Kaziranga Sector-9 Relief Center,Kaziranga,Assam,flood,26.50197,93.26278,150,165,0.65,6.33,0,15.2,604.2,1554.6,10.0,437.5,67.97,DEFICIT,1
SH-KAT-0508,Katihar Sector-19 Relief Center,Katihar,Bihar,flood,25.7295,87.52143,150,55,0.094,1.06,1,8.7,304.4,646.4,3.2,107.3,33.45,BALANCED,2
SH-UTT-0509,Uttarkashi Sector-19 Relief Center,Uttarkashi,Uttarakhand,earthquake,30.48546,78.62821,300,135,0.109,3.57,1,21.7,252.2,755.9,3.4,239.3,75.11,CRITICAL_DEFICIT,0
SH-BAL-0510,Balasore Sector-2 Relief Center,Balasore,Odisha,cyclone,21.99552,86.55113,150,92,0.145,2.77,1,43.3,175.4,293.5,1.7,73.6,82.18,CRITICAL_DEFICIT,0
SH-DHU-0511,Dhubri Sector-15 Relief Center,Dhubri,Assam,flood,25.62959,89.82742,300,217,0.362,1.18,1,12.8,355.7,633.0,4.8,201.0,90.98,CRITICAL_DEFICIT,0
SH-CHA-0512,Chamoli Sector-1 Relief Center,Chamoli,Uttarakhand,earthquake,30.51661,79.28707,150,95,0.312,1.78,1,43.0,152.8,450.8,3.2,82.6,86.4,CRITICAL_DEFICIT,0
SH-DHU-0513,Dhubri Sector-8 Relief Center,Dhubri,Assam,flood,25.96451,90.22805,300,65,0.296,0.34,1,25.2,248.6,521.3,3.5,160.2,56.85,DEFICIT,1
SH-PUR-0514,Puri Sector-17 Relief Center,Puri,Odisha,cyclone,19.63663,85.307,300,285,0.095,3.59,1,49.5,1612.2,4154.5,17.4,1483.1,23.18,BALANCED,2
SH-DAR-0515,Darbhanga Sector-7 Relief Center,Darbhanga,Bihar,flood,26.15963,86.17266,300,316,0.61,3.37,0,36.2,82.2,225.4,2.3,58.7,100.0,CRITICAL_DEFICIT,0
SH-SOU-0516,South 24 Parganas Sector-9 Relief Center,South 24 Parganas,West Bengal,cyclone,22.05395,88.56469,500,303,0.188,0.86,1,10.0,88.3,194.9,2.1,57.1,100.0,CRITICAL_DEFICIT,0
SH-PUR-0517,Puri Sector-12 Relief Center,Puri,Odisha,cyclone,19.73805,85.12914,300,329,0.413,0.47,1,0.0,634.8,1348.9,11.7,501.1,80.34,CRITICAL_DEFICIT,0
SH-KUT-0518,Kutch Sector-18 Relief Center,Kutch,Gujarat,earthquake,23.38484,70.0829,300,169,0.137,0.54,1,28.3,2045.9,6081.6,28.7,826.0,1.65,SURPLUS,3
SH-DAR-0519,Darbhanga Sector-1 Relief Center,Darbhanga,Bihar,flood,25.81043,86.13556,500,322,0.268,0.73,1,4.4,512.7,1419.7,11.7,220.6,86.55,CRITICAL_DEFICIT,0
SH-WAY-0520,Wayanad Sector-9 Relief Center,Wayanad,Kerala,flood,11.63529,75.92891,500,216,0.437,0.84,0,14.1,668.7,1761.3,15.1,624.5,81.08,CRITICAL_DEFICIT,0
SH-UTT-0521,Uttarkashi Sector-17 Relief Center,Uttarkashi,Uttarakhand,earthquake,30.28336,78.52372,150,24,0.342,1.2,1,13.9,72.1,144.1,1.5,49.7,65.57,DEFICIT,1
SH-BAL-0522,Balasore Sector-4 Relief Center,Balasore,Odisha,cyclone,21.73971,87.11917,300,186,0.339,0.77,1,27.1,342.4,807.3,8.9,262.9,78.69,CRITICAL_DEFICIT,0
SH-SOU-0523,South 24 Parganas Sector-8 Relief Center,South 24 Parganas,West Bengal,cyclone,22.12438,88.537,2000,1877,0.309,4.38,1,30.5,3326.0,9115.9,63.2,2367.1,80.95,CRITICAL_DEFICIT,0
SH-SOU-0524,South 24 Parganas Sector-18 Relief Center,South 24 Parganas,West Bengal,cyclone,22.48838,88.49857,800,615,0.155,0.6,1,31.5,1063.1,2377.7,11.3,676.8,82.29,CRITICAL_DEFICIT,0
SH-BAL-0525,Balasore Sector-2 Relief Center,Balasore,Odisha,cyclone,21.11043,86.54502,150,44,0.443,1.02,1,34.0,187.4,517.9,2.6,85.8,54.68,DEFICIT,1
SH-BAL-0526,Balasore Sector-15 Relief Center,Balasore,Odisha,cyclone,21.5223,86.90606,300,186,0.211,3.82,1,29.9,1176.0,2685.6,27.2,605.7,22.76,BALANCED,2
SH-KUT-0527,Kutch Sector-15 Relief Center,Kutch,Gujarat,earthquake,23.68905,69.8681,150,113,0.132,4.73,1,29.8,213.6,437.6,3.2,185.1,81.72,CRITICAL_DEFICIT,0
SH-DHU-0528,Dhubri Sector-8 Relief Center,Dhubri,Assam,flood,26.29501,90.3194,300,107,0.264,3.53,1,55.1,428.0,1238.4,6.6,399.7,47.16,DEFICIT,1
SH-KAZ-0529,Kaziranga Sector-19 Relief Center,Kaziranga,Assam,flood,26.56276,93.18286,300,253,0.303,0.19,1,30.4,847.7,1965.6,15.0,333.3,65.08,DEFICIT,1
SH-BAL-0530,Balasore Sector-1 Relief Center,Balasore,Odisha,cyclone,21.35154,87.36388,300,119,0.65,5.53,1,32.5,178.4,325.1,3.4,134.4,91.42,CRITICAL_DEFICIT,0
SH-UTT-0531,Uttarkashi Sector-3 Relief Center,Uttarkashi,Uttarakhand,earthquake,30.94997,78.92504,300,339,0.612,0.45,1,15.2,1305.7,3918.8,27.3,573.1,58.32,DEFICIT,1
SH-KAN-0532,Kangra Sector-18 Relief Center,Kangra,Himachal Pradesh,earthquake,31.84663,75.82911,150,107,0.408,3.33,1,49.8,100.3,257.7,2.4,63.2,92.98,CRITICAL_DEFICIT,0
SH-SOU-0533,South 24 Parganas Sector-2 Relief Center,South 24 Parganas,West Bengal,cyclone,22.12057,88.23371,150,69,0.511,3.26,0,0.3,145.1,367.0,2.5,114.4,91.69,CRITICAL_DEFICIT,0
SH-UTT-0534,Uttarkashi Sector-10 Relief Center,Uttarkashi,Uttarakhand,earthquake,30.49111,78.62273,300,179,0.381,3.2,1,21.4,659.7,1380.7,10.0,293.6,61.01,DEFICIT,1
SH-IDU-0535,Idukki Sector-17 Relief Center,Idukki,Kerala,flood,9.63267,76.9473,500,421,0.095,1.77,1,18.7,336.2,733.3,5.4,265.6,89.99,CRITICAL_DEFICIT,0
SH-WAY-0536,Wayanad Sector-2 Relief Center,Wayanad,Kerala,flood,11.62976,75.71151,500,437,0.135,0.29,0,32.2,1831.0,4710.7,33.4,1425.0,62.24,DEFICIT,1
SH-BAL-0537,Balasore Sector-19 Relief Center,Balasore,Odisha,cyclone,21.27103,86.80233,300,20,0.226,2.21,1,14.8,15.8,42.1,0.3,7.5,95.28,CRITICAL_DEFICIT,0
SH-KAT-0538,Katihar Sector-4 Relief Center,Katihar,Bihar,flood,25.72238,87.64787,150,167,0.16,2.29,1,35.1,143.2,309.0,1.9,88.8,89.09,CRITICAL_DEFICIT,0
SH-PUR-0539,Puri Sector-6 Relief Center,Puri,Odisha,cyclone,19.7432,85.86205,150,150,0.638,10.1,1,17.2,239.1,488.0,8.0,238.9,85.1,CRITICAL_DEFICIT,0
SH-KAN-0540,Kangra Sector-12 Relief Center,Kangra,Himachal Pradesh,earthquake,31.88593,76.20069,150,135,0.182,4.81,0,3.0,221.5,654.2,4.9,86.2,94.86,CRITICAL_DEFICIT,0
SH-KAN-0541,Kangra Sector-17 Relief Center,Kangra,Himachal Pradesh,earthquake,31.98555,75.91704,300,149,0.082,1.84,1,51.3,116.9,286.6,2.0,94.5,90.88,CRITICAL_DEFICIT,0
SH-WAY-0542,Wayanad Sector-12 Relief Center,Wayanad,Kerala,flood,11.37196,76.18618,300,245,0.505,8.22,1,17.5,786.8,1395.1,19.3,478.1,72.93,CRITICAL_DEFICIT,0
SH-UTT-0543,Uttarkashi Sector-18 Relief Center,Uttarkashi,Uttarakhand,earthquake,30.71352,78.48625,300,113,0.353,0.83,0,30.9,394.2,960.8,6.7,237.1,76.82,CRITICAL_DEFICIT,0
SH-WAY-0544,Wayanad Sector-19 Relief Center,Wayanad,Kerala,flood,11.68525,76.43116,300,178,0.218,0.03,1,36.4,1341.4,3230.1,15.6,702.8,0.0,SURPLUS,3
SH-KAT-0545,Katihar Sector-10 Relief Center,Katihar,Bihar,flood,25.38843,87.59329,300,176,0.242,2.14,1,16.9,48.8,110.1,0.6,20.2,99.59,CRITICAL_DEFICIT,0
SH-PUR-0546,Puri Sector-9 Relief Center,Puri,Odisha,cyclone,19.73772,86.02027,300,309,0.324,0.3,0,29.9,1001.6,2523.0,12.7,529.7,72.91,CRITICAL_DEFICIT,0
SH-BAL-0547,Balasore Sector-15 Relief Center,Balasore,Odisha,cyclone,21.78218,86.86711,1200,651,0.37,1.14,1,21.3,210.1,631.5,6.0,92.6,100.0,CRITICAL_DEFICIT,0
SH-KAT-0548,Katihar Sector-3 Relief Center,Katihar,Bihar,flood,25.34166,87.74742,500,388,0.242,2.81,1,14.2,322.0,688.2,5.5,128.5,91.21,CRITICAL_DEFICIT,0
SH-DAR-0549,Darbhanga Sector-18 Relief Center,Darbhanga,Bihar,flood,26.26086,86.38875,500,168,0.15,2.06,0,38.2,362.7,886.6,3.8,262.8,88.11,CRITICAL_DEFICIT,0
SH-UTT-0550,Uttarkashi Sector-13 Relief Center,Uttarkashi,Uttarakhand,earthquake,30.94386,78.27125,150,87,0.377,4.96,1,35.3,176.5,449.7,4.7,169.9,77.67,CRITICAL_DEFICIT,0
SH-UTT-0551,Uttarkashi Sector-15 Relief Center,Uttarkashi,Uttarakhand,earthquake,30.81844,78.356,300,95,0.054,4.96,0,30.5,101.8,173.7,1.3,63.0,100.0,CRITICAL_DEFICIT,0
SH-SOU-0552,South 24 Parganas Sector-10 Relief Center,South 24 Parganas,West Bengal,cyclone,22.28956,88.37425,800,573,0.205,2.89,0,32.0,3870.2,8281.6,49.7,3526.5,32.41,BALANCED,2
SH-KAT-0553,Katihar Sector-8 Relief Center,Katihar,Bihar,flood,25.31787,87.73305,500,289,0.076,3.15,0,24.8,212.8,348.1,2.8,105.2,100.0,CRITICAL_DEFICIT,0
SH-KAT-0554,Katihar Sector-17 Relief Center,Katihar,Bihar,flood,25.27113,87.38597,300,325,0.522,4.61,1,45.9,1344.3,2984.6,26.8,869.8,53.6,DEFICIT,1
SH-KUT-0555,Kutch Sector-17 Relief Center,Kutch,Gujarat,earthquake,23.71405,69.72987,1200,924,0.507,0.01,1,26.1,1879.4,4397.3,58.8,1413.4,78.33,CRITICAL_DEFICIT,0
SH-KUT-0556,Kutch Sector-10 Relief Center,Kutch,Gujarat,earthquake,23.78458,69.95817,150,95,0.088,5.69,0,23.1,82.5,217.4,0.9,42.4,100.0,CRITICAL_DEFICIT,0
SH-BAL-0557,Balasore Sector-2 Relief Center,Balasore,Odisha,cyclone,21.34762,86.69651,1200,685,0.375,3.26,0,2.3,565.6,1091.2,9.6,224.3,100.0,CRITICAL_DEFICIT,0
SH-SOU-0558,South 24 Parganas Sector-19 Relief Center,South 24 Parganas,West Bengal,cyclone,22.11083,88.52146,500,207,0.328,2.3,1,6.8,189.2,492.2,3.5,170.8,87.73,CRITICAL_DEFICIT,0
SH-KAN-0559,Kangra Sector-13 Relief Center,Kangra,Himachal Pradesh,earthquake,32.25284,76.42785,300,239,0.103,1.82,1,47.4,487.9,1217.5,8.3,338.6,68.2,CRITICAL_DEFICIT,0
SH-DHU-0560,Dhubri Sector-19 Relief Center,Dhubri,Assam,flood,26.05244,90.0972,150,46,0.614,0.13,1,62.1,38.5,114.7,0.7,20.8,99.6,CRITICAL_DEFICIT,0
SH-KUT-0561,Kutch Sector-9 Relief Center,Kutch,Gujarat,earthquake,23.7414,69.59313,150,45,0.571,5.79,1,0.0,321.3,533.9,9.4,114.7,35.93,BALANCED,2
SH-DHU-0562,Dhubri Sector-4 Relief Center,Dhubri,Assam,flood,25.80363,90.22234,800,274,0.407,4.1,1,27.2,1208.5,2541.9,26.6,933.3,51.84,DEFICIT,1
SH-PUR-0563,Puri Sector-16 Relief Center,Puri,Odisha,cyclone,19.60556,86.05317,500,187,0.456,3.68,1,28.1,676.2,1369.2,16.5,535.0,70.6,CRITICAL_DEFICIT,0
SH-BAL-0564,Balasore Sector-12 Relief Center,Balasore,Odisha,cyclone,21.13257,87.12004,300,140,0.335,3.03,0,18.4,115.2,305.9,1.9,93.3,100.0,CRITICAL_DEFICIT,0
SH-UTT-0565,Uttarkashi Sector-10 Relief Center,Uttarkashi,Uttarakhand,earthquake,30.58366,78.25017,150,119,0.517,1.19,1,27.3,123.7,269.2,3.1,109.8,94.16,CRITICAL_DEFICIT,0
SH-DHU-0566,Dhubri Sector-13 Relief Center,Dhubri,Assam,flood,26.01027,89.5537,300,252,0.203,1.46,1,0.0,224.2,374.6,2.6,177.3,95.65,CRITICAL_DEFICIT,0
SH-KAZ-0567,Kaziranga Sector-16 Relief Center,Kaziranga,Assam,flood,26.71623,93.02554,2000,951,0.187,1.47,1,37.7,274.4,749.6,5.9,261.1,99.55,CRITICAL_DEFICIT,0
SH-VIS-0568,Visakhapatnam Sector-8 Relief Center,Visakhapatnam,Andhra Pradesh,cyclone,17.85499,82.92386,150,63,0.072,0.54,1,24.8,22.2,66.3,0.5,8.0,91.79,CRITICAL_DEFICIT,0
SH-VIS-0569,Visakhapatnam Sector-19 Relief Center,Visakhapatnam,Andhra Pradesh,cyclone,17.99131,83.47717,800,925,0.127,0.73,1,32.8,822.2,2348.7,8.4,761.4,90.99,CRITICAL_DEFICIT,0
SH-KAN-0570,Kangra Sector-16 Relief Center,Kangra,Himachal Pradesh,earthquake,32.18463,76.42004,300,365,0.129,0.24,1,20.7,671.7,1477.7,10.1,325.5,76.75,CRITICAL_DEFICIT,0
SH-KAT-0571,Katihar Sector-19 Relief Center,Katihar,Bihar,flood,25.9387,87.38826,300,271,0.261,0.57,0,16.2,2106.7,4788.5,36.3,1481.7,13.69,SURPLUS,3
SH-SOU-0572,South 24 Parganas Sector-6 Relief Center,South 24 Parganas,West Bengal,cyclone,22.00568,88.50144,300,295,0.233,3.43,0,0.0,75.8,214.4,1.5,69.4,100.0,CRITICAL_DEFICIT,0
SH-DAR-0573,Darbhanga Sector-8 Relief Center,Darbhanga,Bihar,flood,26.13475,85.24177,800,520,0.65,1.61,1,60.2,1018.1,2579.0,27.2,802.1,84.1,CRITICAL_DEFICIT,0
SH-UTT-0574,Uttarkashi Sector-4 Relief Center,Uttarkashi,Uttarakhand,earthquake,30.89648,78.03461,300,64,0.217,1.83,1,20.4,264.8,802.3,6.2,251.7,47.09,DEFICIT,1
SH-BAL-0575,Balasore Sector-13 Relief Center,Balasore,Odisha,cyclone,21.50707,87.02385,150,63,0.05,0.0,1,44.3,107.2,324.4,1.6,69.5,77.78,CRITICAL_DEFICIT,0
SH-KAZ-0576,Kaziranga Sector-5 Relief Center,Kaziranga,Assam,flood,26.43952,93.43886,150,93,0.132,9.45,0,3.9,296.0,562.0,3.6,208.6,81.22,CRITICAL_DEFICIT,0
SH-CHA-0577,Chamoli Sector-4 Relief Center,Chamoli,Uttarakhand,earthquake,30.35118,79.58477,1200,482,0.31,0.51,0,17.6,2957.1,5164.7,65.0,2274.6,58.54,DEFICIT,1
SH-DAR-0578,Darbhanga Sector-11 Relief Center,Darbhanga,Bihar,flood,26.44475,86.11712,150,92,0.05,1.56,1,11.7,1078.3,2501.1,10.3,785.3,0.52,SURPLUS,3
SH-DHU-0579,Dhubri Sector-17 Relief Center,Dhubri,Assam,flood,25.8162,90.35631,800,533,0.65,13.52,1,0.0,426.5,1119.9,7.5,353.0,94.47,CRITICAL_DEFICIT,0
SH-CHA-0580,Chamoli Sector-13 Relief Center,Chamoli,Uttarakhand,earthquake,30.49456,79.09075,1200,956,0.493,0.79,1,27.9,265.3,498.1,6.6,133.4,100.0,CRITICAL_DEFICIT,0
SH-UTT-0581,Uttarkashi Sector-18 Relief Center,Uttarkashi,Uttarakhand,earthquake,30.68933,78.39078,150,104,0.065,0.09,1,5.6,466.9,1021.2,7.5,455.4,43.81,DEFICIT,1
SH-WAY-0582,Wayanad Sector-3 Relief Center,Wayanad,Kerala,flood,11.48955,76.31058,150,24,0.408,0.4,1,28.5,6.6,18.8,0.1,6.0,100.0,CRITICAL_DEFICIT,0
SH-KAN-0583,Kangra Sector-5 Relief Center,Kangra,Himachal Pradesh,earthquake,32.44007,76.2808,300,266,0.128,3.81,1,39.2,395.8,932.4,5.5,309.3,82.64,CRITICAL_DEFICIT,0
SH-KAZ-0584,Kaziranga Sector-6 Relief Center,Kaziranga,Assam,flood,26.3119,93.10698,500,348,0.351,6.69,0,38.4,123.7,223.4,2.0,108.4,100.0,CRITICAL_DEFICIT,0
SH-DHU-0585,Dhubri Sector-8 Relief Center,Dhubri,Assam,flood,26.26298,90.23865,300,292,0.08,1.86,0,3.9,1744.7,3103.2,22.8,1449.2,50.66,DEFICIT,1
SH-KUT-0586,Kutch Sector-16 Relief Center,Kutch,Gujarat,earthquake,23.40558,69.92005,500,338,0.422,0.84,0,11.3,2151.1,5476.7,55.9,749.9,37.52,BALANCED,2
SH-DAR-0587,Darbhanga Sector-17 Relief Center,Darbhanga,Bihar,flood,26.43057,85.27263,800,364,0.094,1.12,0,25.2,582.5,1484.4,10.2,460.3,95.92,CRITICAL_DEFICIT,0
SH-BAL-0588,Balasore Sector-2 Relief Center,Balasore,Odisha,cyclone,21.54758,86.55929,500,273,0.313,2.0,1,40.0,87.1,212.5,1.1,40.7,100.0,CRITICAL_DEFICIT,0
SH-SOU-0589,South 24 Parganas Sector-4 Relief Center,South 24 Parganas,West Bengal,cyclone,22.08378,88.39131,1200,690,0.18,1.74,0,37.4,5424.6,10791.7,111.8,2768.2,28.71,BALANCED,2
SH-DHU-0590,Dhubri Sector-6 Relief Center,Dhubri,Assam,flood,25.93596,90.06052,300,47,0.129,1.31,1,31.4,11.4,21.1,0.2,4.4,97.32,CRITICAL_DEFICIT,0
SH-KUT-0591,Kutch Sector-5 Relief Center,Kutch,Gujarat,earthquake,23.46916,69.93145,150,29,0.124,1.3,0,45.7,129.0,303.6,2.0,108.0,60.3,DEFICIT,1
SH-KAZ-0592,Kaziranga Sector-2 Relief Center,Kaziranga,Assam,flood,26.4241,92.72949,500,427,0.535,0.4,0,60.8,1441.3,3815.3,36.7,585.3,77.1,CRITICAL_DEFICIT,0
SH-DAR-0593,Darbhanga Sector-8 Relief Center,Darbhanga,Bihar,flood,26.4911,86.01368,500,384,0.485,0.72,0,41.6,130.4,323.0,2.3,90.6,100.0,CRITICAL_DEFICIT,0
SH-KAZ-0594,Kaziranga Sector-6 Relief Center,Kaziranga,Assam,flood,26.282,93.15631,150,31,0.067,2.67,1,43.9,9.0,20.1,0.1,7.2,93.78,CRITICAL_DEFICIT,0
SH-KAZ-0595,Kaziranga Sector-6 Relief Center,Kaziranga,Assam,flood,26.29171,93.33499,500,488,0.052,0.71,1,22.9,1698.3,4772.4,30.9,1322.2,57.96,DEFICIT,1
SH-SOU-0596,South 24 Parganas Sector-17 Relief Center,South 24 Parganas,West Bengal,cyclone,22.39319,88.60978,800,610,0.205,0.1,0,3.4,1308.4,2805.7,22.0,1092.4,89.23,CRITICAL_DEFICIT,0
SH-SOU-0597,South 24 Parganas Sector-7 Relief Center,South 24 Parganas,West Bengal,cyclone,22.31344,88.76931,150,24,0.374,4.2,0,31.2,49.5,145.0,0.6,18.2,91.14,CRITICAL_DEFICIT,0
SH-CHA-0598,Chamoli Sector-11 Relief Center,Chamoli,Uttarakhand,earthquake,30.66238,79.37622,300,107,0.204,0.0,1,75.4,34.7,66.7,0.8,33.1,99.12,CRITICAL_DEFICIT,0
SH-KUT-0599,Kutch Sector-12 Relief Center,Kutch,Gujarat,earthquake,23.29143,69.49669,800,559,0.197,6.19,1,22.6,3247.5,5676.9,53.0,2875.8,48.18,DEFICIT,1
SH-VIS-0600,Visakhapatnam Sector-13 Relief Center,Visakhapatnam,Andhra Pradesh,cyclone,17.6609,83.21887,150,32,0.161,2.53,1,48.6,117.6,305.5,1.3,106.6,50.78,DEFICIT,1
SH-VIS-0601,Visakhapatnam Sector-19 Relief Center,Visakhapatnam,Andhra Pradesh,cyclone,17.88267,82.93142,150,49,0.395,1.72,0,5.8,193.8,556.8,4.7,170.4,70.12,CRITICAL_DEFICIT,0
SH-KAT-0602,Katihar Sector-10 Relief Center,Katihar,Bihar,flood,26.20946,87.61101,150,107,0.253,0.88,1,40.8,27.4,49.1,0.4,14.7,100.0,CRITICAL_DEFICIT,0
SH-PUR-0603,Puri Sector-15 Relief Center,Puri,Odisha,cyclone,19.93985,85.82886,300,168,0.119,1.08,1,4.7,360.9,755.5,7.4,323.1,78.45,CRITICAL_DEFICIT,0
SH-KAZ-0604,Kaziranga Sector-3 Relief Center,Kaziranga,Assam,flood,26.67896,93.03591,500,294,0.479,2.7,1,0.0,247.7,611.6,7.6,234.6,97.53,CRITICAL_DEFICIT,0
SH-KAT-0605,Katihar Sector-13 Relief Center,Katihar,Bihar,flood,25.3283,87.62899,300,191,0.163,2.02,0,32.1,305.9,762.3,5.6,251.7,96.63,CRITICAL_DEFICIT,0
SH-IDU-0606,Idukki Sector-15 Relief Center,Idukki,Kerala,flood,9.87149,76.71102,500,207,0.25,5.69,1,25.8,1631.7,3472.7,35.2,1024.8,3.27,BALANCED,2
SH-BAL-0607,Balasore Sector-10 Relief Center,Balasore,Odisha,cyclone,21.80683,86.83569,300,229,0.361,1.16,1,23.5,75.3,204.2,2.1,63.9,100.0,CRITICAL_DEFICIT,0
SH-CHA-0608,Chamoli Sector-6 Relief Center,Chamoli,Uttarakhand,earthquake,30.35293,79.23717,300,223,0.147,10.77,0,21.6,704.2,1386.3,8.6,401.6,78.93,CRITICAL_DEFICIT,0
SH-CHA-0609,Chamoli Sector-19 Relief Center,Chamoli,Uttarakhand,earthquake,30.22373,79.13485,300,189,0.262,5.41,1,24.5,1342.4,3948.2,30.0,540.0,6.81,BALANCED,2
SH-BAL-0610,Balasore Sector-8 Relief Center,Balasore,Odisha,cyclone,21.14885,86.78017,1200,726,0.532,1.5,1,2.3,6281.3,14550.4,183.6,2726.8,2.23,SURPLUS,3
SH-DHU-0611,Dhubri Sector-15 Relief Center,Dhubri,Assam,flood,26.16896,90.1238,300,228,0.05,0.92,1,59.8,975.0,1943.2,12.9,649.0,58.12,DEFICIT,1
SH-WAY-0612,Wayanad Sector-15 Relief Center,Wayanad,Kerala,flood,11.79369,76.4272,500,377,0.278,5.38,0,1.6,330.2,605.7,4.6,146.2,100.0,CRITICAL_DEFICIT,0
SH-KAZ-0613,Kaziranga Sector-18 Relief Center,Kaziranga,Assam,flood,26.5212,93.15917,2000,1034,0.163,5.22,0,44.0,3432.6,6167.7,53.1,1571.2,81.95,CRITICAL_DEFICIT,0
SH-WAY-0614,Wayanad Sector-16 Relief Center,Wayanad,Kerala,flood,11.53111,76.07173,150,57,0.65,0.05,0,34.0,19.8,41.1,0.6,15.6,100.0,CRITICAL_DEFICIT,0
SH-BAL-0615,Balasore Sector-8 Relief Center,Balasore,Odisha,cyclone,21.21453,86.39376,500,283,0.25,0.94,1,25.5,856.5,1720.3,14.1,789.2,68.32,DEFICIT,1
SH-DAR-0616,Darbhanga Sector-5 Relief Center,Darbhanga,Bihar,flood,26.16406,86.18179,150,66,0.085,10.38,0,44.4,230.7,549.8,2.5,159.7,69.93,DEFICIT,1
SH-KAZ-0617,Kaziranga Sector-10 Relief Center,Kaziranga,Assam,flood,26.29176,93.08827,800,703,0.393,1.86,1,49.7,2225.2,6093.7,34.6,1254.2,65.8,DEFICIT,1
SH-VIS-0618,Visakhapatnam Sector-15 Relief Center,Visakhapatnam,Andhra Pradesh,cyclone,17.5798,83.49121,500,369,0.11,1.09,1,52.8,299.6,656.7,5.8,292.9,94.85,CRITICAL_DEFICIT,0
SH-KAT-0619,Katihar Sector-14 Relief Center,Katihar,Bihar,flood,25.70259,87.6548,300,38,0.43,0.41,1,37.1,69.9,124.6,2.1,50.0,85.04,CRITICAL_DEFICIT,0
SH-DHU-0620,Dhubri Sector-17 Relief Center,Dhubri,Assam,flood,25.80902,89.88684,300,261,0.263,1.69,0,44.4,202.9,371.4,4.8,170.6,100.0,CRITICAL_DEFICIT,0
SH-PUR-0621,Puri Sector-7 Relief Center,Puri,Odisha,cyclone,19.80883,86.01085,300,192,0.549,9.55,0,35.0,788.0,2320.1,26.2,771.7,62.66,DEFICIT,1
SH-KAT-0622,Katihar Sector-13 Relief Center,Katihar,Bihar,flood,25.93621,87.94439,300,177,0.517,0.86,1,35.6,348.0,1038.7,10.3,334.1,74.71,CRITICAL_DEFICIT,0
SH-DHU-0623,Dhubri Sector-14 Relief Center,Dhubri,Assam,flood,26.14173,89.88228,150,72,0.234,3.95,0,23.9,64.3,148.8,1.5,34.2,100.0,CRITICAL_DEFICIT,0
SH-DHU-0624,Dhubri Sector-13 Relief Center,Dhubri,Assam,flood,26.20717,89.89809,500,445,0.203,1.26,1,48.3,2782.1,5383.5,52.0,1052.0,36.3,BALANCED,2
SH-DHU-0625,Dhubri Sector-5 Relief Center,Dhubri,Assam,flood,26.28404,89.93781,300,41,0.273,0.11,1,10.8,62.7,139.3,0.9,38.3,88.17,CRITICAL_DEFICIT,0
SH-PUR-0626,Puri Sector-10 Relief Center,Puri,Odisha,cyclone,19.63958,85.96097,500,327,0.26,0.2,0,20.5,2370.1,5423.7,29.6,2039.5,19.66,BALANCED,2
SH-KUT-0627,Kutch Sector-4 Relief Center,Kutch,Gujarat,earthquake,23.7674,69.81318,150,177,0.33,0.99,0,28.7,170.1,355.0,3.4,133.1,100.0,CRITICAL_DEFICIT,0
SH-DAR-0628,Darbhanga Sector-14 Relief Center,Darbhanga,Bihar,flood,26.6113,86.14319,300,323,0.05,6.09,0,20.7,1141.5,2249.8,12.7,1105.1,82.74,CRITICAL_DEFICIT,0
SH-DAR-0629,Darbhanga Sector-4 Relief Center,Darbhanga,Bihar,flood,26.20602,86.04797,500,35,0.569,3.66,0,51.1,10.0,27.2,0.2,5.6,100.0,CRITICAL_DEFICIT,0
SH-PUR-0630,Puri Sector-8 Relief Center,Puri,Odisha,cyclone,19.44073,85.90534,150,62,0.65,11.63,1,39.8,228.1,625.9,7.3,177.6,54.3,DEFICIT,1
SH-KAN-0631,Kangra Sector-6 Relief Center,Kangra,Himachal Pradesh,earthquake,32.21266,76.28667,150,143,0.488,0.62,1,26.2,257.8,494.4,3.9,115.4,86.03,CRITICAL_DEFICIT,0
SH-SOU-0632,South 24 Parganas Sector-1 Relief Center,South 24 Parganas,West Bengal,cyclone,22.22109,88.65258,500,471,0.311,2.59,0,62.8,165.0,410.1,4.0,97.2,100.0,CRITICAL_DEFICIT,0
SH-CHA-0633,Chamoli Sector-7 Relief Center,Chamoli,Uttarakhand,earthquake,30.40211,79.47359,300,134,0.38,0.03,1,21.4,124.5,236.9,3.2,104.0,94.09,CRITICAL_DEFICIT,0
SH-PUR-0634,Puri Sector-16 Relief Center,Puri,Odisha,cyclone,20.29603,85.96987,300,143,0.169,1.61,0,41.7,131.5,238.0,2.1,93.8,100.0,CRITICAL_DEFICIT,0
SH-KAZ-0635,Kaziranga Sector-15 Relief Center,Kaziranga,Assam,flood,26.89749,92.60383,1200,427,0.415,0.64,1,17.9,126.8,306.2,2.6,48.1,92.19,CRITICAL_DEFICIT,0
SH-BAL-0636,Balasore Sector-5 Relief Center,Balasore,Odisha,cyclone,21.13669,87.0571,800,217,0.65,2.56,1,31.8,1372.4,2753.9,50.2,1291.1,32.45,BALANCED,2
SH-CHA-0637,Chamoli Sector-15 Relief Center,Chamoli,Uttarakhand,earthquake,30.19164,79.2519,500,244,0.307,0.59,1,32.3,822.6,2035.0,12.9,457.1,62.55,DEFICIT,1
SH-KUT-0638,Kutch Sector-3 Relief Center,Kutch,Gujarat,earthquake,23.09556,69.65806,150,70,0.083,7.57,0,15.7,57.7,136.5,0.6,23.8,100.0,CRITICAL_DEFICIT,0
SH-UTT-0639,Uttarkashi Sector-16 Relief Center,Uttarkashi,Uttarakhand,earthquake,30.57292,78.21353,300,122,0.124,1.19,0,9.4,725.4,1736.2,12.7,494.2,33.22,BALANCED,2
SH-CHA-0640,Chamoli Sector-19 Relief Center,Chamoli,Uttarakhand,earthquake,30.35187,79.41831,150,50,0.197,0.26,1,54.8,103.2,304.1,2.5,100.4,73.64,CRITICAL_DEFICIT,0
SH-KUT-0641,Kutch Sector-11 Relief Center,Kutch,Gujarat,earthquake,23.49695,69.29418,500,552,0.435,12.79,0,60.0,1174.3,2174.2,19.4,1024.0,100.0,CRITICAL_DEFICIT,0
SH-SOU-0642,South 24 Parganas Sector-13 Relief Center,South 24 Parganas,West Bengal,cyclone,21.97407,88.54735,500,202,0.169,2.53,1,45.8,190.3,373.1,2.1,63.5,86.64,CRITICAL_DEFICIT,0
SH-KAZ-0643,Kaziranga Sector-17 Relief Center,Kaziranga,Assam,flood,26.89375,93.35431,300,117,0.257,3.39,0,38.6,858.1,2600.3,13.9,762.6,23.52,BALANCED,2
SH-SOU-0644,South 24 Parganas Sector-5 Relief Center,South 24 Parganas,West Bengal,cyclone,22.41282,88.43947,500,348,0.372,6.69,0,27.9,125.0,326.5,1.9,42.7,100.0,CRITICAL_DEFICIT,0
SH-VIS-0645,Visakhapatnam Sector-11 Relief Center,Visakhapatnam,Andhra Pradesh,cyclone,17.60254,83.19726,300,187,0.394,2.21,1,23.7,381.7,641.1,6.6,246.7,85.78,CRITICAL_DEFICIT,0
SH-KAZ-0646,Kaziranga Sector-15 Relief Center,Kaziranga,Assam,flood,26.46722,93.18848,150,83,0.237,0.96,0,26.9,21.3,37.2,0.5,7.2,100.0,CRITICAL_DEFICIT,0
SH-KAN-0647,Kangra Sector-3 Relief Center,Kangra,Himachal Pradesh,earthquake,32.37787,76.14458,500,445,0.199,5.49,1,33.6,151.8,448.2,3.0,74.0,97.18,CRITICAL_DEFICIT,0
SH-DHU-0648,Dhubri Sector-8 Relief Center,Dhubri,Assam,flood,25.60873,90.06971,800,255,0.276,0.54,0,39.2,212.8,439.9,4.8,149.9,100.0,CRITICAL_DEFICIT,0
SH-DHU-0649,Dhubri Sector-19 Relief Center,Dhubri,Assam,flood,25.92695,89.98513,300,227,0.238,2.41,1,28.0,1508.1,2549.8,35.6,570.0,36.93,BALANCED,2
SH-DHU-0650,Dhubri Sector-16 Relief Center,Dhubri,Assam,flood,25.84811,89.95273,300,314,0.31,0.56,0,73.7,327.2,640.3,4.8,158.8,100.0,CRITICAL_DEFICIT,0
SH-KUT-0651,Kutch Sector-1 Relief Center,Kutch,Gujarat,earthquake,23.41929,69.90534,300,359,0.147,0.51,0,3.5,1340.2,2356.5,19.9,531.1,74.5,CRITICAL_DEFICIT,0
SH-KAZ-0652,Kaziranga Sector-9 Relief Center,Kaziranga,Assam,flood,26.78574,93.31802,300,244,0.547,0.54,1,2.9,1472.3,2555.4,38.3,1360.5,52.47,DEFICIT,1
SH-PUR-0653,Puri Sector-17 Relief Center,Puri,Odisha,cyclone,19.92751,85.97887,300,201,0.208,0.85,0,34.4,70.1,191.9,1.0,41.7,100.0,CRITICAL_DEFICIT,0
SH-VIS-0654,Visakhapatnam Sector-16 Relief Center,Visakhapatnam,Andhra Pradesh,cyclone,17.33074,83.16574,300,108,0.24,2.78,1,23.3,81.7,140.7,1.3,71.1,99.61,CRITICAL_DEFICIT,0
SH-KUT-0655,Kutch Sector-7 Relief Center,Kutch,Gujarat,earthquake,23.99198,69.63866,1200,264,0.194,0.42,1,27.5,1565.2,2922.4,28.6,1005.2,42.15,DEFICIT,1
SH-WAY-0656,Wayanad Sector-18 Relief Center,Wayanad,Kerala,flood,11.68524,75.97037,1200,464,0.179,0.08,1,51.6,1471.5,3003.2,17.5,1317.5,67.6,DEFICIT,1
SH-CHA-0657,Chamoli Sector-10 Relief Center,Chamoli,Uttarakhand,earthquake,30.27614,79.05128,150,139,0.312,2.11,0,24.5,246.4,550.2,4.9,127.1,97.27,CRITICAL_DEFICIT,0
SH-IDU-0658,Idukki Sector-5 Relief Center,Idukki,Kerala,flood,10.00509,77.18684,300,62,0.431,0.54,0,37.0,53.7,155.3,0.9,41.6,100.0,CRITICAL_DEFICIT,0
SH-UTT-0659,Uttarkashi Sector-15 Relief Center,Uttarkashi,Uttarakhand,earthquake,30.47878,78.22635,300,219,0.169,8.8,0,18.8,204.8,540.1,3.3,187.5,97.86,CRITICAL_DEFICIT,0
SH-KAN-0660,Kangra Sector-7 Relief Center,Kangra,Himachal Pradesh,earthquake,32.1865,76.01687,150,113,0.6,4.29,1,37.3,646.2,1265.3,21.7,291.7,45.23,DEFICIT,1
SH-VIS-0661,Visakhapatnam Sector-10 Relief Center,Visakhapatnam,Andhra Pradesh,cyclone,17.89954,82.89877,300,264,0.05,0.07,1,0.0,82.0,197.1,0.8,78.9,91.68,CRITICAL_DEFICIT,0
SH-DHU-0662,Dhubri Sector-8 Relief Center,Dhubri,Assam,flood,26.12876,90.30455,150,42,0.095,4.86,1,32.0,12.1,22.9,0.2,7.1,100.0,CRITICAL_DEFICIT,0
SH-IDU-0663,Idukki Sector-13 Relief Center,Idukki,Kerala,flood,9.28111,77.00696,500,504,0.247,2.56,1,47.1,432.6,1257.3,10.0,336.0,91.01,CRITICAL_DEFICIT,0
SH-SOU-0664,South 24 Parganas Sector-17 Relief Center,South 24 Parganas,West Bengal,cyclone,22.38159,88.51355,300,131,0.316,1.16,1,29.6,1456.7,4249.2,31.9,517.8,3.16,SURPLUS,3
SH-KUT-0665,Kutch Sector-10 Relief Center,Kutch,Gujarat,earthquake,23.80734,69.69799,500,542,0.144,0.84,0,5.4,1120.1,2921.2,14.5,857.9,91.29,CRITICAL_DEFICIT,0
SH-PUR-0666,Puri Sector-11 Relief Center,Puri,Odisha,cyclone,19.94154,85.41464,300,184,0.086,6.85,1,29.6,276.0,556.5,3.5,195.2,84.91,CRITICAL_DEFICIT,0
SH-DAR-0667,Darbhanga Sector-4 Relief Center,Darbhanga,Bihar,flood,26.04839,85.78993,300,116,0.191,2.15,0,4.4,36.0,95.3,0.8,15.6,100.0,CRITICAL_DEFICIT,0
SH-IDU-0668,Idukki Sector-2 Relief Center,Idukki,Kerala,flood,9.77167,77.71464,150,80,0.204,10.56,0,31.6,26.9,78.7,0.6,15.1,100.0,CRITICAL_DEFICIT,0
SH-KAN-0669,Kangra Sector-12 Relief Center,Kangra,Himachal Pradesh,earthquake,32.0702,76.5348,1200,948,0.121,1.79,0,24.0,6624.2,13387.1,95.8,5212.2,34.08,BALANCED,2
SH-KAN-0670,Kangra Sector-10 Relief Center,Kangra,Himachal Pradesh,earthquake,31.52483,76.41547,150,91,0.23,3.9,1,18.3,84.4,235.0,1.9,78.2,93.87,CRITICAL_DEFICIT,0
SH-KUT-0671,Kutch Sector-13 Relief Center,Kutch,Gujarat,earthquake,23.56406,69.44828,150,55,0.413,0.08,1,14.4,361.8,729.5,8.4,154.9,27.03,BALANCED,2
SH-BAL-0672,Balasore Sector-6 Relief Center,Balasore,Odisha,cyclone,21.10282,86.98232,1200,772,0.1,1.46,0,8.0,1243.8,3048.9,17.3,443.1,91.4,CRITICAL_DEFICIT,0
SH-UTT-0673,Uttarkashi Sector-6 Relief Center,Uttarkashi,Uttarakhand,earthquake,30.92272,78.54598,300,257,0.203,3.14,0,9.7,522.3,1545.5,6.2,393.9,90.45,CRITICAL_DEFICIT,0
SH-PUR-0674,Puri Sector-3 Relief Center,Puri,Odisha,cyclone,20.05694,86.04693,1200,436,0.443,0.86,1,0.0,3086.7,5203.4,86.1,1247.1,35.68,BALANCED,2
SH-IDU-0675,Idukki Sector-3 Relief Center,Idukki,Kerala,flood,9.81421,76.98609,300,206,0.088,3.47,0,45.6,354.6,633.5,7.0,126.6,97.11,CRITICAL_DEFICIT,0
SH-KAN-0676,Kangra Sector-11 Relief Center,Kangra,Himachal Pradesh,earthquake,32.31788,76.00074,300,193,0.312,14.3,0,23.0,49.1,99.6,0.6,38.9,100.0,CRITICAL_DEFICIT,0
SH-VIS-0677,Visakhapatnam Sector-12 Relief Center,Visakhapatnam,Andhra Pradesh,cyclone,17.67235,83.24433,150,171,0.235,3.77,1,0.0,184.1,495.8,4.2,131.6,89.54,CRITICAL_DEFICIT,0
SH-KUT-0678,Kutch Sector-10 Relief Center,Kutch,Gujarat,earthquake,23.93748,70.23956,800,357,0.071,2.26,1,27.2,342.3,764.9,6.5,291.7,85.66,CRITICAL_DEFICIT,0
SH-VIS-0679,Visakhapatnam Sector-3 Relief Center,Visakhapatnam,Andhra Pradesh,cyclone,17.60349,82.93973,300,165,0.085,1.88,0,37.9,326.3,957.8,6.5,121.1,88.98,CRITICAL_DEFICIT,0
SH-KAN-0680,Kangra Sector-7 Relief Center,Kangra,Himachal Pradesh,earthquake,32.18324,76.09469,150,117,0.226,9.55,1,33.3,92.1,269.9,1.9,40.0,92.34,CRITICAL_DEFICIT,0
SH-CHA-0681,Chamoli Sector-10 Relief Center,Chamoli,Uttarakhand,earthquake,30.32187,79.28128,150,131,0.477,1.45,1,26.6,1040.7,3153.0,19.7,746.1,4.44,SURPLUS,3
SH-SOU-0682,South 24 Parganas Sector-12 Relief Center,South 24 Parganas,West Bengal,cyclone,22.09589,88.21249,500,284,0.478,0.8,0,36.0,1081.9,1992.3,21.8,781.7,81.53,CRITICAL_DEFICIT,0
SH-DAR-0683,Darbhanga Sector-15 Relief Center,Darbhanga,Bihar,flood,26.00689,85.80183,150,80,0.05,0.35,1,17.4,72.5,123.0,1.4,31.1,94.65,CRITICAL_DEFICIT,0
SH-VIS-0684,Visakhapatnam Sector-2 Relief Center,Visakhapatnam,Andhra Pradesh,cyclone,17.86677,83.2068,1200,137,0.439,8.17,0,27.2,612.8,1322.3,10.0,552.7,63.71,DEFICIT,1
SH-KUT-0685,Kutch Sector-10 Relief Center,Kutch,Gujarat,earthquake,23.70154,69.76913,500,560,0.536,2.92,1,0.0,517.0,890.6,16.2,456.8,100.0,CRITICAL_DEFICIT,0
SH-BAL-0686,Balasore Sector-13 Relief Center,Balasore,Odisha,cyclone,21.562,86.95113,300,155,0.47,2.98,1,45.1,1819.8,4774.8,29.3,1597.8,7.18,SURPLUS,3
SH-DHU-0687,Dhubri Sector-17 Relief Center,Dhubri,Assam,flood,25.83723,90.15872,150,164,0.082,5.36,1,30.1,330.2,937.6,6.3,179.0,71.99,CRITICAL_DEFICIT,0
SH-KAN-0688,Kangra Sector-19 Relief Center,Kangra,Himachal Pradesh,earthquake,31.7657,76.55088,300,114,0.522,3.04,1,33.0,647.0,1601.3,12.9,599.3,25.26,BALANCED,2
SH-DHU-0689,Dhubri Sector-11 Relief Center,Dhubri,Assam,flood,25.75101,89.86864,500,323,0.116,0.02,0,30.6,100.1,212.5,2.0,57.5,100.0,CRITICAL_DEFICIT,0
SH-PUR-0690,Puri Sector-18 Relief Center,Puri,Odisha,cyclone,19.79057,85.75549,150,173,0.347,1.36,1,15.7,315.0,933.1,4.2,231.0,78.7,CRITICAL_DEFICIT,0
SH-KAN-0691,Kangra Sector-2 Relief Center,Kangra,Himachal Pradesh,earthquake,32.11744,75.9921,300,248,0.104,0.83,0,0.0,747.7,1575.1,9.7,681.9,75.84,CRITICAL_DEFICIT,0
SH-VIS-0692,Visakhapatnam Sector-17 Relief Center,Visakhapatnam,Andhra Pradesh,cyclone,17.50693,83.06222,1200,1378,0.57,0.75,1,47.0,5211.7,13497.9,105.1,3817.5,62.76,DEFICIT,1
SH-WAY-0693,Wayanad Sector-13 Relief Center,Wayanad,Kerala,flood,11.37926,76.26921,300,145,0.623,0.43,1,0.0,51.1,142.7,1.7,47.9,100.0,CRITICAL_DEFICIT,0
SH-BAL-0694,Balasore Sector-5 Relief Center,Balasore,Odisha,cyclone,21.4199,86.9256,150,108,0.447,1.64,1,7.7,99.8,202.9,2.0,87.6,97.01,CRITICAL_DEFICIT,0
SH-SOU-0695,South 24 Parganas Sector-19 Relief Center,South 24 Parganas,West Bengal,cyclone,22.201,88.83128,300,20,0.07,1.79,0,17.6,15.1,33.8,0.2,6.3,100.0,CRITICAL_DEFICIT,0
SH-KAN-0696,Kangra Sector-11 Relief Center,Kangra,Himachal Pradesh,earthquake,31.5255,76.23717,800,376,0.22,2.14,1,0.0,611.7,1497.4,8.6,386.0,75.66,CRITICAL_DEFICIT,0
SH-KUT-0697,Kutch Sector-11 Relief Center,Kutch,Gujarat,earthquake,23.86122,69.71655,300,235,0.384,0.04,0,0.0,205.1,404.5,3.7,203.1,100.0,CRITICAL_DEFICIT,0
SH-SOU-0698,South 24 Parganas Sector-5 Relief Center,South 24 Parganas,West Bengal,cyclone,22.19803,88.54473,300,108,0.26,0.01,1,29.7,25.9,58.7,0.3,21.4,99.22,CRITICAL_DEFICIT,0
SH-CHA-0699,Chamoli Sector-6 Relief Center,Chamoli,Uttarakhand,earthquake,30.16268,79.02889,1200,813,0.127,4.42,1,33.3,240.6,539.9,4.9,180.5,93.67,CRITICAL_DEFICIT,0
SH-DHU-0700,Dhubri Sector-9 Relief Center,Dhubri,Assam,flood,26.32277,89.85537,300,297,0.287,2.49,1,0.0,264.2,760.3,4.9,161.0,86.9,CRITICAL_DEFICIT,0
SH-IDU-0701,Idukki Sector-9 Relief Center,Idukki,Kerala,flood,9.97502,76.7241,500,172,0.108,2.61,0,0.0,151.7,296.3,2.1,52.8,100.0,CRITICAL_DEFICIT,0
SH-KAZ-0702,Kaziranga Sector-10 Relief Center,Kaziranga,Assam,flood,26.71666,93.43438,500,305,0.327,2.39,1,74.5,1122.0,2645.2,13.9,945.8,56.05,DEFICIT,1
SH-KAT-0703,Katihar Sector-2 Relief Center,Katihar,Bihar,flood,25.82857,87.42682,1200,395,0.239,1.04,1,36.2,592.7,1702.4,8.8,293.9,82.37,CRITICAL_DEFICIT,0
SH-CHA-0704,Chamoli Sector-14 Relief Center,Chamoli,Uttarakhand,earthquake,30.54834,79.51278,300,63,0.261,2.75,1,28.4,196.2,573.4,5.0,144.7,58.24,DEFICIT,1
SH-KAT-0705,Katihar Sector-11 Relief Center,Katihar,Bihar,flood,25.7108,87.36418,300,164,0.063,3.59,0,68.2,44.4,112.2,0.8,41.9,100.0,CRITICAL_DEFICIT,0
SH-KUT-0706,Kutch Sector-15 Relief Center,Kutch,Gujarat,earthquake,23.5689,70.01269,300,252,0.466,3.96,1,32.0,224.4,580.7,5.6,138.7,97.38,CRITICAL_DEFICIT,0
SH-KUT-0707,Kutch Sector-6 Relief Center,Kutch,Gujarat,earthquake,23.69072,70.30175,1200,1233,0.062,4.84,0,47.6,2116.8,5378.2,40.9,1293.6,95.45,CRITICAL_DEFICIT,0
SH-SOU-0708,South 24 Parganas Sector-17 Relief Center,South 24 Parganas,West Bengal,cyclone,21.71474,88.23485,150,25,0.18,1.02,1,20.1,8.7,20.8,0.2,7.7,96.82,CRITICAL_DEFICIT,0
SH-SOU-0709,South 24 Parganas Sector-16 Relief Center,South 24 Parganas,West Bengal,cyclone,22.90157,88.31161,1200,631,0.174,1.01,1,48.1,574.1,1101.7,6.7,387.0,92.39,CRITICAL_DEFICIT,0
SH-DHU-0710,Dhubri Sector-11 Relief Center,Dhubri,Assam,flood,25.9549,90.09711,800,310,0.279,4.1,0,4.5,1688.3,4409.4,43.5,1357.7,41.22,DEFICIT,1
SH-KAN-0711,Kangra Sector-6 Relief Center,Kangra,Himachal Pradesh,earthquake,31.86059,76.59794,300,173,0.384,2.75,1,25.3,260.5,583.3,4.3,131.0,88.87,CRITICAL_DEFICIT,0
SH-UTT-0712,Uttarkashi Sector-16 Relief Center,Uttarkashi,Uttarakhand,earthquake,31.10741,78.54482,300,168,0.166,3.04,0,20.5,1298.5,2639.9,15.7,821.6,25.4,BALANCED,2
SH-BAL-0713,Balasore Sector-7 Relief Center,Balasore,Odisha,cyclone,21.75626,86.89234,300,241,0.268,3.96,0,41.1,466.5,1401.2,6.9,207.9,92.19,CRITICAL_DEFICIT,0
SH-KAZ-0714,Kaziranga Sector-4 Relief Center,Kaziranga,Assam,flood,26.20063,93.41906,500,55,0.65,1.46,0,30.7,111.7,276.3,4.0,83.9,94.2,CRITICAL_DEFICIT,0
SH-IDU-0715,Idukki Sector-8 Relief Center,Idukki,Kerala,flood,9.90718,76.81333,300,274,0.349,1.49,1,44.1,258.6,635.9,7.2,96.7,88.43,CRITICAL_DEFICIT,0
SH-KAZ-0716,Kaziranga Sector-9 Relief Center,Kaziranga,Assam,flood,26.6707,93.21302,150,113,0.148,0.83,0,69.8,32.2,67.0,0.5,25.0,100.0,CRITICAL_DEFICIT,0
SH-SOU-0717,South 24 Parganas Sector-11 Relief Center,South 24 Parganas,West Bengal,cyclone,22.21204,88.18635,500,205,0.178,8.67,1,28.7,66.6,177.2,0.9,35.4,96.57,CRITICAL_DEFICIT,0
SH-KAZ-0718,Kaziranga Sector-4 Relief Center,Kaziranga,Assam,flood,26.57081,93.22934,500,107,0.266,5.31,0,0.0,84.2,227.0,1.2,67.1,100.0,CRITICAL_DEFICIT,0
SH-BAL-0719,Balasore Sector-14 Relief Center,Balasore,Odisha,cyclone,21.24859,86.70115,300,100,0.185,0.06,0,24.5,939.8,1869.4,9.6,354.8,16.67,SURPLUS,3
SH-DAR-0720,Darbhanga Sector-12 Relief Center,Darbhanga,Bihar,flood,25.76584,86.14301,150,160,0.139,3.79,0,27.6,1404.2,3636.4,31.0,749.5,11.64,SURPLUS,3
SH-BAL-0721,Balasore Sector-9 Relief Center,Balasore,Odisha,cyclone,21.46378,87.26697,150,91,0.05,3.24,0,37.8,359.1,801.2,6.8,275.5,66.91,DEFICIT,1
SH-SOU-0722,South 24 Parganas Sector-3 Relief Center,South 24 Parganas,West Bengal,cyclone,21.97069,88.42313,150,44,0.277,2.07,0,13.1,35.0,103.1,0.8,12.8,100.0,CRITICAL_DEFICIT,0
SH-IDU-0723,Idukki Sector-6 Relief Center,Idukki,Kerala,flood,10.00887,77.19852,1200,889,0.104,1.76,1,12.4,6277.0,16377.4,80.9,4388.2,10.44,BALANCED,2
SH-SOU-0724,South 24 Parganas Sector-2 Relief Center,South 24 Parganas,West Bengal,cyclone,21.87747,88.63706,300,310,0.213,4.14,0,7.2,490.4,1268.0,6.7,163.9,100.0,CRITICAL_DEFICIT,0
SH-UTT-0725,Uttarkashi Sector-18 Relief Center,Uttarkashi,Uttarakhand,earthquake,30.6194,78.0959,150,96,0.115,1.9,1,29.8,348.3,754.8,3.7,237.7,60.66,DEFICIT,1
SH-KAN-0726,Kangra Sector-1 Relief Center,Kangra,Himachal Pradesh,earthquake,32.32998,76.34104,500,494,0.149,1.1,1,38.5,1057.0,1928.3,18.2,914.7,79.69,CRITICAL_DEFICIT,0
SH-BAL-0727,Balasore Sector-13 Relief Center,Balasore,Odisha,cyclone,21.53565,86.70506,500,327,0.53,1.92,1,24.6,473.2,1289.7,14.2,462.3,82.42,CRITICAL_DEFICIT,0
SH-IDU-0728,Idukki Sector-7 Relief Center,Idukki,Kerala,flood,9.48287,77.45333,300,92,0.511,2.64,1,33.5,25.9,78.0,0.5,18.7,100.0,CRITICAL_DEFICIT,0
SH-SOU-0729,South 24 Parganas Sector-7 Relief Center,South 24 Parganas,West Bengal,cyclone,21.57811,88.63654,150,68,0.118,0.75,1,0.0,146.2,300.0,2.5,72.1,72.06,CRITICAL_DEFICIT,0
SH-BAL-0730,Balasore Sector-5 Relief Center,Balasore,Odisha,cyclone,21.53302,87.16215,800,385,0.158,0.15,1,35.3,769.8,1802.6,12.8,628.9,70.35,CRITICAL_DEFICIT,0
SH-WAY-0731,Wayanad Sector-3 Relief Center,Wayanad,Kerala,flood,11.41055,76.19801,150,123,0.114,0.53,1,7.4,121.7,229.2,1.5,42.0,92.85,CRITICAL_DEFICIT,0
SH-KAN-0732,Kangra Sector-5 Relief Center,Kangra,Himachal Pradesh,earthquake,32.32668,76.54166,150,74,0.088,1.95,1,0.0,563.2,1416.2,10.0,203.8,0.0,SURPLUS,3
SH-IDU-0733,Idukki Sector-10 Relief Center,Idukki,Kerala,flood,9.85561,76.97693,150,39,0.053,1.02,1,4.7,129.8,356.9,1.4,105.7,57.13,DEFICIT,1
SH-UTT-0734,Uttarkashi Sector-4 Relief Center,Uttarkashi,Uttarakhand,earthquake,30.86732,78.53294,500,364,0.335,3.73,0,22.3,108.0,213.2,1.9,47.7,100.0,CRITICAL_DEFICIT,0
SH-CHA-0735,Chamoli Sector-19 Relief Center,Chamoli,Uttarakhand,earthquake,30.14353,79.37069,300,287,0.122,2.29,1,20.4,85.5,188.2,1.5,53.5,97.9,CRITICAL_DEFICIT,0
SH-KAT-0736,Katihar Sector-16 Relief Center,Katihar,Bihar,flood,25.73938,87.55087,150,186,0.271,0.96,1,2.3,1200.9,2070.6,20.5,517.0,41.39,DEFICIT,1
SH-SOU-0737,South 24 Parganas Sector-7 Relief Center,South 24 Parganas,West Bengal,cyclone,21.80213,88.64581,300,192,0.346,0.39,1,18.7,1399.7,2577.5,36.7,747.9,31.89,BALANCED,2
SH-WAY-0738,Wayanad Sector-18 Relief Center,Wayanad,Kerala,flood,11.03401,76.07906,150,24,0.342,2.86,1,7.8,138.7,304.3,1.8,96.6,33.25,BALANCED,2
SH-KAN-0739,Kangra Sector-11 Relief Center,Kangra,Himachal Pradesh,earthquake,31.7401,76.69501,300,141,0.474,3.2,0,24.4,243.1,556.3,7.4,231.8,100.0,CRITICAL_DEFICIT,0
SH-WAY-0740,Wayanad Sector-19 Relief Center,Wayanad,Kerala,flood,12.17139,76.11451,1200,1471,0.244,1.7,0,0.0,422.5,1124.2,10.3,211.7,100.0,CRITICAL_DEFICIT,0
SH-IDU-0741,Idukki Sector-16 Relief Center,Idukki,Kerala,flood,10.27627,77.61006,500,196,0.343,6.55,0,7.3,393.4,657.8,5.1,148.7,100.0,CRITICAL_DEFICIT,0
SH-KAN-0742,Kangra Sector-18 Relief Center,Kangra,Himachal Pradesh,earthquake,31.72455,76.3677,150,33,0.05,3.96,1,32.0,108.0,194.0,2.0,91.9,65.39,DEFICIT,1
SH-DAR-0743,Darbhanga Sector-18 Relief Center,Darbhanga,Bihar,flood,26.28615,85.6798,500,515,0.418,1.71,1,44.6,411.8,1023.6,11.2,205.8,95.48,CRITICAL_DEFICIT,0
SH-KAZ-0744,Kaziranga Sector-12 Relief Center,Kaziranga,Assam,flood,25.84955,92.80994,1200,282,0.05,1.5,1,30.3,76.6,163.8,0.8,27.9,93.18,CRITICAL_DEFICIT,0
SH-UTT-0745,Uttarkashi Sector-7 Relief Center,Uttarkashi,Uttarakhand,earthquake,30.50143,78.76038,800,855,0.293,0.11,1,19.2,5859.0,16773.3,81.1,4929.5,13.03,BALANCED,2
SH-WAY-0746,Wayanad Sector-1 Relief Center,Wayanad,Kerala,flood,12.02375,76.17877,800,974,0.352,1.08,0,25.7,744.5,1278.3,9.3,684.0,100.0,CRITICAL_DEFICIT,0
SH-KAZ-0747,Kaziranga Sector-7 Relief Center,Kaziranga,Assam,flood,26.61451,93.01031,1200,243,0.325,0.41,1,1.4,261.5,516.2,6.6,169.2,93.02,CRITICAL_DEFICIT,0
SH-SOU-0748,South 24 Parganas Sector-11 Relief Center,South 24 Parganas,West Bengal,cyclone,21.80278,88.22801,300,92,0.437,0.43,1,25.7,155.2,364.1,4.0,110.6,82.28,CRITICAL_DEFICIT,0
SH-SOU-0749,South 24 Parganas Sector-18 Relief Center,South 24 Parganas,West Bengal,cyclone,21.94577,88.12506,500,171,0.206,0.87,1,6.6,167.7,417.7,2.0,74.2,88.75,CRITICAL_DEFICIT,0
SH-BAL-0750,Balasore Sector-4 Relief Center,Balasore,Odisha,cyclone,21.67542,87.04578,300,230,0.494,0.84,1,47.3,70.9,158.3,1.0,34.8,99.67,CRITICAL_DEFICIT,0
SH-KAZ-0751,Kaziranga Sector-11 Relief Center,Kaziranga,Assam,flood,26.75527,93.28454,150,126,0.309,2.36,1,0.0,431.8,866.7,11.0,190.7,63.78,DEFICIT,1
SH-KAT-0752,Katihar Sector-15 Relief Center,Katihar,Bihar,flood,25.53628,87.66365,150,167,0.143,0.3,1,13.4,159.5,312.8,1.9,54.2,89.47,CRITICAL_DEFICIT,0
SH-IDU-0753,Idukki Sector-16 Relief Center,Idukki,Kerala,flood,9.81673,77.17909,150,150,0.427,4.62,0,8.2,1607.5,4201.9,32.5,1122.8,19.89,SURPLUS,3
SH-DAR-0754,Darbhanga Sector-13 Relief Center,Darbhanga,Bihar,flood,26.02449,85.68341,150,108,0.625,0.27,1,16.9,108.1,292.0,3.4,102.5,94.05,CRITICAL_DEFICIT,0
SH-CHA-0755,Chamoli Sector-11 Relief Center,Chamoli,Uttarakhand,earthquake,30.30461,79.08789,500,128,0.108,5.14,0,13.6,133.8,222.4,2.0,127.6,100.0,CRITICAL_DEFICIT,0
SH-KAZ-0756,Kaziranga Sector-6 Relief Center,Kaziranga,Assam,flood,26.53503,93.26153,300,60,0.277,0.93,1,23.7,20.3,44.0,0.4,7.2,96.97,CRITICAL_DEFICIT,0
SH-VIS-0757,Visakhapatnam Sector-15 Relief Center,Visakhapatnam,Andhra Pradesh,cyclone,17.84287,83.50472,500,226,0.336,4.09,0,46.1,871.2,2281.3,15.0,827.3,68.82,DEFICIT,1
SH-DHU-0758,Dhubri Sector-4 Relief Center,Dhubri,Assam,flood,25.53193,89.7448,300,205,0.426,0.43,1,11.1,51.2,130.7,0.8,33.9,100.0,CRITICAL_DEFICIT,0
SH-CHA-0759,Chamoli Sector-11 Relief Center,Chamoli,Uttarakhand,earthquake,29.73214,79.01913,300,244,0.331,0.68,1,50.2,352.1,848.9,9.5,195.9,89.78,CRITICAL_DEFICIT,0
SH-IDU-0760,Idukki Sector-10 Relief Center,Idukki,Kerala,flood,9.9871,76.93051,300,317,0.389,0.71,1,56.1,608.5,1219.5,11.9,443.3,85.09,CRITICAL_DEFICIT,0
SH-SOU-0761,South 24 Parganas Sector-4 Relief Center,South 24 Parganas,West Bengal,cyclone,22.12293,88.70156,300,69,0.344,2.12,1,29.0,221.2,437.2,3.4,106.2,63.66,DEFICIT,1
SH-KAN-0762,Kangra Sector-14 Relief Center,Kangra,Himachal Pradesh,earthquake,32.47682,76.39695,500,522,0.583,0.77,0,23.6,429.0,1000.2,14.4,185.8,100.0,CRITICAL_DEFICIT,0
SH-VIS-0763,Visakhapatnam Sector-13 Relief Center,Visakhapatnam,Andhra Pradesh,cyclone,17.6244,83.38874,300,286,0.535,1.7,1,29.6,2170.3,4524.7,52.4,1809.4,21.46,BALANCED,2
SH-DAR-0764,Darbhanga Sector-2 Relief Center,Darbhanga,Bihar,flood,26.15972,85.58204,150,28,0.26,9.0,0,0.0,27.1,82.0,0.5,22.1,100.0,CRITICAL_DEFICIT,0
SH-KAT-0765,Katihar Sector-14 Relief Center,Katihar,Bihar,flood,25.72635,87.78628,300,318,0.337,3.24,1,21.3,1110.0,2791.2,25.1,912.9,55.93,DEFICIT,1
SH-KUT-0766,Kutch Sector-6 Relief Center,Kutch,Gujarat,earthquake,23.66521,70.00314,300,321,0.265,3.82,0,29.7,509.1,1040.2,11.0,483.6,99.54,CRITICAL_DEFICIT,0
SH-SOU-0767,South 24 Parganas Sector-6 Relief Center,South 24 Parganas,West Bengal,cyclone,22.29536,88.9914,800,489,0.283,0.49,1,5.2,762.0,2024.2,20.0,492.6,82.11,CRITICAL_DEFICIT,0
SH-KUT-0768,Kutch Sector-12 Relief Center,Kutch,Gujarat,earthquake,23.92159,70.05555,2000,2201,0.13,0.6,1,43.2,1717.0,2851.6,21.4,599.7,95.96,CRITICAL_DEFICIT,0
SH-DHU-0769,Dhubri Sector-12 Relief Center,Dhubri,Assam,flood,25.78697,90.33163,800,795,0.128,3.38,1,29.6,620.0,1140.9,8.4,451.6,91.65,CRITICAL_DEFICIT,0
SH-WAY-0770,Wayanad Sector-2 Relief Center,Wayanad,Kerala,flood,11.82619,75.97329,300,119,0.221,1.56,0,42.8,103.2,212.1,1.2,99.0,100.0,CRITICAL_DEFICIT,0
SH-KAZ-0771,Kaziranga Sector-8 Relief Center,Kaziranga,Assam,flood,26.66548,92.79076,300,268,0.391,0.4,1,23.1,1846.6,3137.1,53.9,1635.7,35.19,BALANCED,2
SH-SOU-0772,South 24 Parganas Sector-8 Relief Center,South 24 Parganas,West Bengal,cyclone,22.15119,88.40485,800,386,0.256,5.11,0,25.0,1435.5,2922.2,23.6,1300.6,81.31,CRITICAL_DEFICIT,0
SH-DHU-0773,Dhubri Sector-12 Relief Center,Dhubri,Assam,flood,25.97147,89.74246,500,161,0.123,2.28,1,29.6,604.0,1294.1,9.0,357.7,53.49,DEFICIT,1
SH-CHA-0774,Chamoli Sector-19 Relief Center,Chamoli,Uttarakhand,earthquake,30.24549,79.49052,150,91,0.261,0.15,1,58.5,193.1,342.6,3.1,126.4,80.39,CRITICAL_DEFICIT,0
SH-KAT-0775,Katihar Sector-9 Relief Center,Katihar,Bihar,flood,25.19473,87.9036,500,310,0.422,0.91,0,36.9,449.0,1058.3,6.6,346.9,98.17,CRITICAL_DEFICIT,0
SH-IDU-0776,Idukki Sector-4 Relief Center,Idukki,Kerala,flood,10.18529,76.82507,150,97,0.397,1.18,1,29.9,1054.9,1804.9,14.4,972.8,8.84,SURPLUS,3
SH-CHA-0777,Chamoli Sector-2 Relief Center,Chamoli,Uttarakhand,earthquake,30.71872,78.94139,1200,1079,0.141,0.62,1,0.0,828.6,2444.6,16.1,276.9,95.4,CRITICAL_DEFICIT,0
SH-PUR-0778,Puri Sector-16 Relief Center,Puri,Odisha,cyclone,19.57705,85.83598,300,38,0.505,1.46,1,2.4,72.9,125.4,2.2,33.3,86.67,CRITICAL_DEFICIT,0
SH-DAR-0779,Darbhanga Sector-18 Relief Center,Darbhanga,Bihar,flood,26.20874,85.91646,300,236,0.498,1.17,1,46.0,413.5,1199.4,10.2,293.9,82.8,CRITICAL_DEFICIT,0
SH-CHA-0780,Chamoli Sector-19 Relief Center,Chamoli,Uttarakhand,earthquake,30.75559,79.79946,500,156,0.074,0.17,1,26.9,247.1,686.4,4.4,224.0,79.94,CRITICAL_DEFICIT,0
SH-DAR-0781,Darbhanga Sector-14 Relief Center,Darbhanga,Bihar,flood,26.22238,86.27338,150,33,0.48,1.43,1,50.9,219.2,540.4,6.4,191.9,15.39,BALANCED,2
SH-VIS-0782,Visakhapatnam Sector-3 Relief Center,Visakhapatnam,Andhra Pradesh,cyclone,17.52052,83.07261,500,98,0.534,1.73,1,46.4,172.0,486.9,2.6,158.5,79.54,CRITICAL_DEFICIT,0
SH-WAY-0783,Wayanad Sector-3 Relief Center,Wayanad,Kerala,flood,11.57951,76.19142,1200,817,0.222,1.12,1,24.5,5569.3,15856.1,109.1,4060.3,19.7,BALANCED,2
SH-KUT-0784,Kutch Sector-5 Relief Center,Kutch,Gujarat,earthquake,23.74926,69.7583,800,441,0.473,1.57,0,1.4,434.4,1042.6,8.5,170.7,100.0,CRITICAL_DEFICIT,0
SH-UTT-0785,Uttarkashi Sector-2 Relief Center,Uttarkashi,Uttarakhand,earthquake,30.55932,78.20389,150,25,0.079,0.58,1,37.7,49.9,123.9,0.7,47.0,70.46,CRITICAL_DEFICIT,0
SH-SOU-0786,South 24 Parganas Sector-7 Relief Center,South 24 Parganas,West Bengal,cyclone,21.99431,88.29266,300,281,0.412,0.93,1,0.0,1061.2,2710.4,23.1,374.0,54.08,DEFICIT,1
SH-BAL-0787,Balasore Sector-8 Relief Center,Balasore,Odisha,cyclone,21.33547,86.90403,300,336,0.38,4.57,0,35.9,716.4,1362.2,20.3,430.5,93.24,CRITICAL_DEFICIT,0
SH-PUR-0788,Puri Sector-17 Relief Center,Puri,Odisha,cyclone,19.83332,86.12193,500,352,0.408,8.53,0,19.7,3036.5,6124.6,77.8,2879.1,22.4,BALANCED,2
SH-DAR-0789,Darbhanga Sector-12 Relief Center,Darbhanga,Bihar,flood,26.0428,86.14862,300,200,0.65,0.77,0,32.0,68.1,119.9,1.2,39.2,100.0,CRITICAL_DEFICIT,0
SH-KAN-0790,Kangra Sector-8 Relief Center,Kangra,Himachal Pradesh,earthquake,32.00725,76.3315,500,322,0.211,1.73,0,41.9,528.0,1539.7,8.4,353.2,99.25,CRITICAL_DEFICIT,0
SH-SOU-0791,South 24 Parganas Sector-3 Relief Center,South 24 Parganas,West Bengal,cyclone,21.82154,88.69013,300,107,0.335,1.85,0,28.3,37.3,91.8,0.9,13.2,100.0,CRITICAL_DEFICIT,0
SH-KAZ-0792,Kaziranga Sector-17 Relief Center,Kaziranga,Assam,flood,26.35306,93.30779,500,314,0.237,3.78,0,8.9,1164.7,2216.3,14.3,965.5,78.46,CRITICAL_DEFICIT,0
SH-KAT-0793,Katihar Sector-17 Relief Center,Katihar,Bihar,flood,25.75557,88.06628,300,160,0.339,0.14,1,7.0,165.4,415.8,3.9,96.0,98.45,CRITICAL_DEFICIT,0
SH-SOU-0794,South 24 Parganas Sector-4 Relief Center,South 24 Parganas,West Bengal,cyclone,22.03021,88.49426,300,280,0.167,2.41,1,21.7,1208.6,3061.5,26.4,834.3,46.29,DEFICIT,1
SH-UTT-0795,Uttarkashi Sector-13 Relief Center,Uttarkashi,Uttarakhand,earthquake,30.63684,78.13767,300,134,0.386,9.27,1,24.3,39.4,85.6,1.0,17.4,96.03,CRITICAL_DEFICIT,0
SH-UTT-0796,Uttarkashi Sector-9 Relief Center,Uttarkashi,Uttarakhand,earthquake,30.59651,78.54351,500,232,0.211,6.01,1,28.8,2238.7,3920.2,23.7,1355.9,1.59,BALANCED,2
SH-IDU-0797,Idukki Sector-5 Relief Center,Idukki,Kerala,flood,10.13264,76.82401,500,420,0.376,2.59,1,31.1,124.8,266.2,2.6,118.3,99.89,CRITICAL_DEFICIT,0
SH-VIS-0798,Visakhapatnam Sector-7 Relief Center,Visakhapatnam,Andhra Pradesh,cyclone,17.68348,83.07487,300,249,0.524,0.18,1,24.0,67.2,143.1,1.9,44.6,100.0,CRITICAL_DEFICIT,0
SH-DHU-0799,Dhubri Sector-16 Relief Center,Dhubri,Assam,flood,25.9378,89.97596,500,215,0.24,1.32,0,14.0,462.1,791.6,9.8,333.1,98.32,CRITICAL_DEFICIT,0
SH-KAT-0800,Katihar Sector-2 Relief Center,Katihar,Bihar,flood,25.55424,87.65847,1200,467,0.403,1.33,1,7.3,124.0,295.5,2.6,82.8,100.0,CRITICAL_DEFICIT,0
SH-CHA-0801,Chamoli Sector-8 Relief Center,Chamoli,Uttarakhand,earthquake,30.14708,79.09939,1200,941,0.549,2.7,1,9.6,8396.9,19360.1,136.4,2925.8,8.9,SURPLUS,3
SH-UTT-0802,Uttarkashi Sector-14 Relief Center,Uttarkashi,Uttarakhand,earthquake,30.82904,78.67972,300,249,0.407,0.2,1,41.0,180.1,352.2,3.6,74.6,98.86,CRITICAL_DEFICIT,0
SH-IDU-0803,Idukki Sector-4 Relief Center,Idukki,Kerala,flood,9.88305,77.79171,500,329,0.343,3.71,0,12.8,335.9,834.4,9.4,323.9,100.0,CRITICAL_DEFICIT,0
SH-KAN-0804,Kangra Sector-7 Relief Center,Kangra,Himachal Pradesh,earthquake,31.83983,76.31755,500,291,0.161,0.8,1,27.5,283.1,733.0,3.2,266.0,81.58,CRITICAL_DEFICIT,0
SH-IDU-0805,Idukki Sector-19 Relief Center,Idukki,Kerala,flood,9.7746,76.98635,150,127,0.298,4.01,1,37.9,117.8,236.2,2.6,87.0,93.87,CRITICAL_DEFICIT,0
SH-SOU-0806,South 24 Parganas Sector-11 Relief Center,South 24 Parganas,West Bengal,cyclone,21.94358,88.45027,300,357,0.249,1.98,1,50.7,1470.4,3431.3,17.1,565.6,49.76,DEFICIT,1
SH-KUT-0807,Kutch Sector-7 Relief Center,Kutch,Gujarat,earthquake,23.85938,70.03444,2000,1062,0.067,0.13,0,0.0,8518.5,22458.7,143.2,6014.1,15.16,SURPLUS,3
SH-IDU-0808,Idukki Sector-4 Relief Center,Idukki,Kerala,flood,9.78531,77.00077,1200,1140,0.418,0.35,1,5.2,2015.4,4854.2,30.5,1749.5,79.5,CRITICAL_DEFICIT,0
SH-BAL-0809,Balasore Sector-16 Relief Center,Balasore,Odisha,cyclone,21.44962,86.64884,300,365,0.299,3.5,0,0.0,117.7,266.5,2.3,83.3,100.0,CRITICAL_DEFICIT,0
SH-KAZ-0810,Kaziranga Sector-11 Relief Center,Kaziranga,Assam,flood,26.70956,92.66989,300,204,0.21,0.09,1,28.6,330.4,774.3,4.1,302.1,84.84,CRITICAL_DEFICIT,0
SH-BAL-0811,Balasore Sector-10 Relief Center,Balasore,Odisha,cyclone,21.12541,86.79099,800,592,0.05,5.17,0,34.1,211.4,602.8,2.7,188.4,100.0,CRITICAL_DEFICIT,0
SH-PUR-0812,Puri Sector-7 Relief Center,Puri,Odisha,cyclone,19.98063,85.83816,800,412,0.42,0.38,1,38.9,857.1,1774.1,11.8,657.0,82.08,CRITICAL_DEFICIT,0
SH-KUT-0813,Kutch Sector-4 Relief Center,Kutch,Gujarat,earthquake,24.20355,69.7894,150,94,0.198,1.37,1,15.2,157.5,320.3,3.6,69.5,83.76,CRITICAL_DEFICIT,0
SH-PUR-0814,Puri Sector-15 Relief Center,Puri,Odisha,cyclone,19.4955,85.99004,1200,1342,0.183,0.76,1,11.5,1166.3,2363.5,21.8,669.5,92.03,CRITICAL_DEFICIT,0
SH-PUR-0815,Puri Sector-5 Relief Center,Puri,Odisha,cyclone,19.7419,85.66578,150,37,0.256,0.84,1,18.5,258.8,749.7,5.5,253.8,16.57,BALANCED,2
SH-PUR-0816,Puri Sector-3 Relief Center,Puri,Odisha,cyclone,19.85368,86.32362,500,207,0.273,0.24,1,45.5,1529.7,4419.2,24.7,599.8,3.61,BALANCED,2
SH-DAR-0817,Darbhanga Sector-9 Relief Center,Darbhanga,Bihar,flood,26.31961,85.47334,500,397,0.109,1.0,1,29.5,1537.0,3127.2,28.3,1116.0,61.8,DEFICIT,1
SH-KAN-0818,Kangra Sector-18 Relief Center,Kangra,Himachal Pradesh,earthquake,32.12301,76.32063,300,193,0.06,2.62,1,0.0,199.8,473.5,3.8,101.6,78.72,CRITICAL_DEFICIT,0
SH-KUT-0819,Kutch Sector-13 Relief Center,Kutch,Gujarat,earthquake,23.73737,69.69177,150,77,0.374,4.5,1,0.0,953.8,2357.0,14.1,482.3,0.0,SURPLUS,3
SH-WAY-0820,Wayanad Sector-16 Relief Center,Wayanad,Kerala,flood,11.5758,76.11888,1200,1228,0.433,1.1,0,19.4,1185.7,2889.0,36.1,1079.9,100.0,CRITICAL_DEFICIT,0
SH-VIS-0821,Visakhapatnam Sector-19 Relief Center,Visakhapatnam,Andhra Pradesh,cyclone,17.62029,83.05253,500,447,0.239,1.16,1,55.9,1829.5,5459.1,40.7,974.1,41.76,DEFICIT,1
SH-WAY-0822,Wayanad Sector-3 Relief Center,Wayanad,Kerala,flood,11.76898,75.91612,150,151,0.138,2.11,1,31.2,142.0,430.6,2.6,82.6,82.81,CRITICAL_DEFICIT,0
SH-UTT-0823,Uttarkashi Sector-1 Relief Center,Uttarkashi,Uttarakhand,earthquake,30.33605,78.12094,300,330,0.359,0.02,1,2.4,2146.9,3583.2,34.2,1706.2,43.59,DEFICIT,1
SH-KUT-0824,Kutch Sector-13 Relief Center,Kutch,Gujarat,earthquake,23.76988,69.72258,300,149,0.433,1.64,0,7.4,1034.6,1841.5,17.2,1033.8,47.42,DEFICIT,1
SH-KUT-0825,Kutch Sector-11 Relief Center,Kutch,Gujarat,earthquake,23.63623,69.48837,300,251,0.293,0.32,1,14.0,1605.0,4249.1,20.5,1167.5,15.22,BALANCED,2
SH-DHU-0826,Dhubri Sector-18 Relief Center,Dhubri,Assam,flood,26.18546,89.75248,300,106,0.14,3.48,0,28.0,831.0,2022.7,16.1,693.6,15.52,SURPLUS,3
SH-KAT-0827,Katihar Sector-9 Relief Center,Katihar,Bihar,flood,25.58993,87.80306,300,185,0.354,2.28,1,39.0,44.9,96.6,1.1,20.1,96.62,CRITICAL_DEFICIT,0
SH-IDU-0828,Idukki Sector-1 Relief Center,Idukki,Kerala,flood,10.04342,76.838,300,198,0.236,1.34,1,44.2,1340.6,2953.5,25.9,619.2,16.81,BALANCED,2
SH-KAT-0829,Katihar Sector-5 Relief Center,Katihar,Bihar,flood,25.29969,87.28363,800,173,0.165,1.25,0,13.1,294.9,588.1,3.1,237.2,100.0,CRITICAL_DEFICIT,0
SH-KUT-0830,Kutch Sector-6 Relief Center,Kutch,Gujarat,earthquake,23.62142,70.20813,300,52,0.158,1.4,1,54.3,75.6,224.3,1.6,38.3,84.61,CRITICAL_DEFICIT,0
SH-KAZ-0831,Kaziranga Sector-3 Relief Center,Kaziranga,Assam,flood,26.62536,92.39297,800,582,0.116,2.29,1,43.1,979.2,2448.1,21.2,605.0,76.67,CRITICAL_DEFICIT,0
SH-SOU-0832,South 24 Parganas Sector-11 Relief Center,South 24 Parganas,West Bengal,cyclone,21.5579,88.95048,300,355,0.05,1.32,0,17.6,378.9,710.3,4.3,243.4,100.0,CRITICAL_DEFICIT,0
SH-WAY-0833,Wayanad Sector-13 Relief Center,Wayanad,Kerala,flood,11.8951,75.41306,300,64,0.278,4.58,1,20.7,16.0,45.1,0.2,15.8,95.85,CRITICAL_DEFICIT,0
SH-KAN-0834,Kangra Sector-14 Relief Center,Kangra,Himachal Pradesh,earthquake,31.8128,76.3395,300,315,0.201,1.43,1,42.5,511.6,875.9,11.8,280.5,90.22,CRITICAL_DEFICIT,0
SH-WAY-0835,Wayanad Sector-15 Relief Center,Wayanad,Kerala,flood,11.61586,76.17688,500,574,0.65,2.61,0,34.4,1147.0,2142.4,21.9,783.6,100.0,CRITICAL_DEFICIT,0
SH-KUT-0836,Kutch Sector-5 Relief Center,Kutch,Gujarat,earthquake,24.04466,69.66635,300,241,0.122,2.34,1,47.3,259.9,751.0,3.4,180.4,90.29,CRITICAL_DEFICIT,0
SH-KAZ-0837,Kaziranga Sector-5 Relief Center,Kaziranga,Assam,flood,26.39949,92.98921,300,86,0.477,2.84,0,3.0,78.8,235.7,1.5,34.7,100.0,CRITICAL_DEFICIT,0
SH-DAR-0838,Darbhanga Sector-4 Relief Center,Darbhanga,Bihar,flood,26.21315,86.25765,500,542,0.131,4.62,0,12.1,2222.5,6534.7,27.2,2214.4,64.14,DEFICIT,1
SH-BAL-0839,Balasore Sector-7 Relief Center,Balasore,Odisha,cyclone,21.7186,86.85061,150,178,0.207,7.32,0,0.0,580.2,1438.0,10.4,573.4,75.45,CRITICAL_DEFICIT,0
SH-DAR-0840,Darbhanga Sector-4 Relief Center,Darbhanga,Bihar,flood,26.54198,85.92521,800,438,0.197,4.07,0,24.8,368.6,701.3,4.7,201.8,100.0,CRITICAL_DEFICIT,0
SH-PUR-0841,Puri Sector-11 Relief Center,Puri,Odisha,cyclone,19.76129,85.8358,150,122,0.336,1.29,0,0.0,716.1,2064.5,10.0,370.1,38.75,BALANCED,2
SH-KAZ-0842,Kaziranga Sector-12 Relief Center,Kaziranga,Assam,flood,26.65568,93.26016,150,54,0.143,0.36,1,4.5,210.2,493.9,4.3,208.2,51.49,DEFICIT,1
SH-KAZ-0843,Kaziranga Sector-5 Relief Center,Kaziranga,Assam,flood,26.34409,93.2248,150,144,0.143,5.79,1,2.3,111.7,265.9,2.2,59.2,93.66,CRITICAL_DEFICIT,0
SH-KAN-0844,Kangra Sector-5 Relief Center,Kangra,Himachal Pradesh,earthquake,32.39082,76.6163,1200,758,0.346,3.27,1,0.0,726.8,1677.5,17.5,708.0,92.56,CRITICAL_DEFICIT,0
SH-KUT-0845,Kutch Sector-14 Relief Center,Kutch,Gujarat,earthquake,23.57267,70.03147,150,44,0.264,1.04,1,25.6,64.2,118.4,0.9,49.9,82.03,CRITICAL_DEFICIT,0
SH-KUT-0846,Kutch Sector-2 Relief Center,Kutch,Gujarat,earthquake,23.75774,69.68962,500,291,0.487,0.76,0,24.4,277.8,741.6,7.9,276.8,100.0,CRITICAL_DEFICIT,0
SH-IDU-0847,Idukki Sector-16 Relief Center,Idukki,Kerala,flood,10.12362,76.8485,500,133,0.558,1.34,1,13.1,206.2,472.2,5.8,178.6,82.61,CRITICAL_DEFICIT,0
SH-KAT-0848,Katihar Sector-14 Relief Center,Katihar,Bihar,flood,25.54779,87.7388,300,234,0.155,3.25,0,23.9,434.2,965.4,7.7,418.9,92.88,CRITICAL_DEFICIT,0
SH-IDU-0849,Idukki Sector-4 Relief Center,Idukki,Kerala,flood,9.77174,77.38938,500,238,0.306,1.11,1,0.0,2961.9,7142.1,62.5,1354.0,2.35,SURPLUS,3
SH-DAR-0850,Darbhanga Sector-5 Relief Center,Darbhanga,Bihar,flood,26.2042,85.78419,300,236,0.163,1.7,1,13.3,920.8,2696.2,12.0,610.0,45.87,DEFICIT,1
SH-CHA-0851,Chamoli Sector-18 Relief Center,Chamoli,Uttarakhand,earthquake,30.61062,79.31812,500,386,0.166,1.56,1,46.2,766.8,1713.7,17.6,284.8,81.49,CRITICAL_DEFICIT,0
SH-BAL-0852,Balasore Sector-13 Relief Center,Balasore,Odisha,cyclone,21.92632,87.07055,300,259,0.162,2.74,1,14.1,984.3,1753.0,20.2,953.5,62.82,DEFICIT,1
SH-KAZ-0853,Kaziranga Sector-3 Relief Center,Kaziranga,Assam,flood,26.42529,93.23646,500,401,0.505,3.77,1,0.0,372.8,930.0,6.1,124.9,93.01,CRITICAL_DEFICIT,0
SH-KAT-0854,Katihar Sector-17 Relief Center,Katihar,Bihar,flood,25.76944,87.63647,800,631,0.573,0.66,0,34.5,643.7,1395.3,20.1,357.6,100.0,CRITICAL_DEFICIT,0
SH-KUT-0855,Kutch Sector-5 Relief Center,Kutch,Gujarat,earthquake,23.46669,69.8679,300,262,0.407,1.56,1,7.4,532.5,1312.1,16.0,456.8,74.96,CRITICAL_DEFICIT,0
SH-VIS-0856,Visakhapatnam Sector-16 Relief Center,Visakhapatnam,Andhra Pradesh,cyclone,17.46089,83.50059,150,175,0.393,4.5,0,32.5,661.1,1923.4,12.1,289.4,70.38,CRITICAL_DEFICIT,0
SH-UTT-0857,Uttarkashi Sector-8 Relief Center,Uttarkashi,Uttarakhand,earthquake,31.18142,78.51107,800,469,0.338,1.21,1,44.8,487.8,1310.7,8.1,282.2,86.27,CRITICAL_DEFICIT,0
SH-KAN-0858,Kangra Sector-13 Relief Center,Kangra,Himachal Pradesh,earthquake,32.55311,76.19124,300,269,0.355,4.04,1,36.5,820.6,1973.5,23.1,810.3,62.2,DEFICIT,1
SH-DAR-0859,Darbhanga Sector-18 Relief Center,Darbhanga,Bihar,flood,25.72386,85.8031,300,205,0.299,4.86,0,0.0,745.1,1480.2,20.0,399.3,78.46,CRITICAL_DEFICIT,0
SH-KAN-0860,Kangra Sector-6 Relief Center,Kangra,Himachal Pradesh,earthquake,31.96662,76.04013,300,44,0.101,0.92,0,50.1,72.9,149.2,1.0,54.5,97.05,CRITICAL_DEFICIT,0
SH-UTT-0861,Uttarkashi Sector-3 Relief Center,Uttarkashi,Uttarakhand,earthquake,30.71562,78.31962,300,206,0.218,2.44,1,6.6,218.4,573.5,3.6,134.9,88.92,CRITICAL_DEFICIT,0
SH-IDU-0862,Idukki Sector-14 Relief Center,Idukki,Kerala,flood,10.04683,76.62588,500,449,0.379,4.13,0,36.7,946.1,2255.3,20.0,341.9,90.93,CRITICAL_DEFICIT,0
SH-IDU-0863,Idukki Sector-4 Relief Center,Idukki,Kerala,flood,10.04863,76.71333,800,332,0.168,1.78,0,28.9,2661.2,6770.1,50.7,1995.9,13.95,SURPLUS,3
SH-UTT-0864,Uttarkashi Sector-6 Relief Center,Uttarkashi,Uttarakhand,earthquake,30.81551,78.62284,300,212,0.199,0.36,1,18.5,56.0,95.5,0.9,48.8,100.0,CRITICAL_DEFICIT,0
SH-IDU-0865,Idukki Sector-2 Relief Center,Idukki,Kerala,flood,10.20731,76.81721,300,342,0.154,4.81,0,29.0,114.5,312.6,1.3,88.7,100.0,CRITICAL_DEFICIT,0
SH-SOU-0866,South 24 Parganas Sector-2 Relief Center,South 24 Parganas,West Bengal,cyclone,22.1078,88.42293,300,20,0.554,12.98,0,13.9,34.7,71.9,1.1,34.0,95.52,CRITICAL_DEFICIT,0
SH-CHA-0867,Chamoli Sector-7 Relief Center,Chamoli,Uttarakhand,earthquake,30.41584,79.32986,800,553,0.549,2.73,1,17.3,401.7,1077.6,10.9,150.7,100.0,CRITICAL_DEFICIT,0
SH-CHA-0868,Chamoli Sector-1 Relief Center,Chamoli,Uttarakhand,earthquake,30.53699,79.55724,300,371,0.552,0.38,1,29.4,746.3,1856.8,19.3,587.4,76.18,CRITICAL_DEFICIT,0
SH-SOU-0869,South 24 Parganas Sector-13 Relief Center,South 24 Parganas,West Bengal,cyclone,21.78381,88.3787,150,95,0.207,0.64,1,23.6,83.9,240.9,1.3,48.9,90.85,CRITICAL_DEFICIT,0
SH-DAR-0870,Darbhanga Sector-18 Relief Center,Darbhanga,Bihar,flood,26.43967,86.03926,500,280,0.101,1.25,1,23.5,72.1,201.5,1.2,41.5,100.0,CRITICAL_DEFICIT,0
SH-BAL-0871,Balasore Sector-9 Relief Center,Balasore,Odisha,cyclone,21.49378,86.84662,300,315,0.409,6.68,0,34.2,2211.8,4028.6,43.5,2169.4,49.73,DEFICIT,1
SH-IDU-0872,Idukki Sector-13 Relief Center,Idukki,Kerala,flood,10.10837,77.01936,300,170,0.266,0.58,1,18.1,275.2,514.3,6.1,190.5,86.76,CRITICAL_DEFICIT,0
SH-IDU-0873,Idukki Sector-5 Relief Center,Idukki,Kerala,flood,9.78198,76.90374,2000,676,0.245,2.27,1,11.6,545.9,1329.5,9.7,424.8,87.74,CRITICAL_DEFICIT,0
SH-CHA-0874,Chamoli Sector-4 Relief Center,Chamoli,Uttarakhand,earthquake,30.65288,79.77707,300,128,0.076,9.88,0,17.8,267.8,721.3,5.5,227.6,90.33,CRITICAL_DEFICIT,0
SH-VIS-0875,Visakhapatnam Sector-13 Relief Center,Visakhapatnam,Andhra Pradesh,cyclone,17.66815,83.09912,300,258,0.166,0.59,1,41.4,1917.2,3754.1,44.3,1281.0,18.86,BALANCED,2
SH-SOU-0876,South 24 Parganas Sector-13 Relief Center,South 24 Parganas,West Bengal,cyclone,22.29561,88.35184,300,223,0.285,4.68,0,34.3,68.0,197.5,1.0,38.7,100.0,CRITICAL_DEFICIT,0
SH-SOU-0877,South 24 Parganas Sector-10 Relief Center,South 24 Parganas,West Bengal,cyclone,21.7924,88.30068,500,140,0.403,4.62,0,8.9,123.7,325.2,3.6,114.9,100.0,CRITICAL_DEFICIT,0
SH-KUT-0878,Kutch Sector-3 Relief Center,Kutch,Gujarat,earthquake,24.00475,69.86084,150,149,0.432,2.31,1,34.7,805.9,1634.5,18.2,364.4,43.26,DEFICIT,1
SH-PUR-0879,Puri Sector-4 Relief Center,Puri,Odisha,cyclone,19.99076,85.77943,150,115,0.15,0.04,1,44.9,116.6,266.4,2.5,100.2,90.9,CRITICAL_DEFICIT,0
SH-PUR-0880,Puri Sector-19 Relief Center,Puri,Odisha,cyclone,19.69356,85.85624,500,520,0.16,0.88,0,25.6,6422.1,17782.3,82.4,4421.1,14.71,SURPLUS,3
SH-PUR-0881,Puri Sector-18 Relief Center,Puri,Odisha,cyclone,19.60274,86.25769,1200,260,0.392,0.48,1,24.6,999.7,1730.1,22.8,342.3,69.94,DEFICIT,1
SH-CHA-0882,Chamoli Sector-19 Relief Center,Chamoli,Uttarakhand,earthquake,30.23294,79.66439,1200,893,0.421,0.55,0,44.8,2914.7,8506.8,50.5,1446.0,75.5,CRITICAL_DEFICIT,0
SH-UTT-0883,Uttarkashi Sector-13 Relief Center,Uttarkashi,Uttarakhand,earthquake,30.95929,78.57553,300,222,0.05,1.53,1,28.1,194.8,579.3,2.5,78.4,93.81,CRITICAL_DEFICIT,0
SH-KAN-0884,Kangra Sector-11 Relief Center,Kangra,Himachal Pradesh,earthquake,31.91127,75.98987,300,345,0.141,4.42,1,25.4,4014.5,9464.9,59.1,2924.9,3.31,SURPLUS,3
SH-KAN-0885,Kangra Sector-17 Relief Center,Kangra,Himachal Pradesh,earthquake,31.96633,76.12099,800,704,0.322,0.23,0,39.1,8603.0,19531.2,208.1,3749.2,18.21,SURPLUS,3
SH-KAT-0886,Katihar Sector-8 Relief Center,Katihar,Bihar,flood,25.28341,87.51092,800,490,0.381,4.36,0,22.4,1495.1,4038.3,19.6,952.2,85.13,CRITICAL_DEFICIT,0
SH-DAR-0887,Darbhanga Sector-5 Relief Center,Darbhanga,Bihar,flood,25.76155,85.60107,800,881,0.638,3.61,0,22.7,1461.9,3983.9,51.1,1185.6,96.82,CRITICAL_DEFICIT,0
SH-UTT-0888,Uttarkashi Sector-3 Relief Center,Uttarkashi,Uttarakhand,earthquake,30.7787,78.89239,800,774,0.294,0.3,0,64.2,4181.6,12543.6,71.3,2340.6,45.55,DEFICIT,1
SH-KAT-0889,Katihar Sector-9 Relief Center,Katihar,Bihar,flood,25.90412,87.41468,150,20,0.227,1.44,1,9.8,37.2,93.8,0.6,20.2,73.59,CRITICAL_DEFICIT,0
SH-WAY-0890,Wayanad Sector-8 Relief Center,Wayanad,Kerala,flood,11.97217,76.30225,150,118,0.43,5.97,0,26.4,28.8,51.7,0.8,24.1,100.0,CRITICAL_DEFICIT,0
SH-UTT-0891,Uttarkashi Sector-4 Relief Center,Uttarkashi,Uttarakhand,earthquake,30.71825,78.26167,300,255,0.212,0.69,1,8.2,91.8,224.6,1.2,47.9,99.83,CRITICAL_DEFICIT,0
SH-DHU-0892,Dhubri Sector-15 Relief Center,Dhubri,Assam,flood,26.22736,89.61536,500,105,0.306,1.22,0,8.5,93.8,263.8,1.7,81.6,100.0,CRITICAL_DEFICIT,0
SH-CHA-0893,Chamoli Sector-19 Relief Center,Chamoli,Uttarakhand,earthquake,30.89636,79.66972,300,182,0.19,4.17,0,16.7,290.4,629.9,5.3,171.1,93.16,CRITICAL_DEFICIT,0
SH-BAL-0894,Balasore Sector-2 Relief Center,Balasore,Odisha,cyclone,21.1256,86.85829,800,287,0.385,1.76,0,43.1,586.9,1167.7,16.4,444.8,99.45,CRITICAL_DEFICIT,0
SH-UTT-0895,Uttarkashi Sector-9 Relief Center,Uttarkashi,Uttarakhand,earthquake,30.67983,78.54291,500,385,0.164,0.32,1,1.0,111.5,300.8,2.4,44.4,97.71,CRITICAL_DEFICIT,0
SH-IDU-0896,Idukki Sector-4 Relief Center,Idukki,Kerala,flood,10.2675,77.14889,1200,838,0.65,4.16,1,38.8,217.8,556.8,4.9,111.2,100.0,CRITICAL_DEFICIT,0
SH-KAT-0897,Katihar Sector-2 Relief Center,Katihar,Bihar,flood,25.75451,87.73253,150,137,0.364,0.51,1,26.0,103.2,220.5,1.7,69.6,91.96,CRITICAL_DEFICIT,0
SH-SOU-0898,South 24 Parganas Sector-3 Relief Center,South 24 Parganas,West Bengal,cyclone,22.7138,88.48764,300,134,0.088,2.23,1,24.8,213.0,410.0,2.6,172.1,82.26,CRITICAL_DEFICIT,0
SH-DHU-0899,Dhubri Sector-9 Relief Center,Dhubri,Assam,flood,26.34383,90.09802,300,213,0.169,3.14,1,2.7,70.4,119.5,0.8,28.4,95.87,CRITICAL_DEFICIT,0
SH-SOU-0900,South 24 Parganas Sector-7 Relief Center,South 24 Parganas,West Bengal,cyclone,22.18859,88.86798,2000,1311,0.415,0.95,1,33.0,8891.7,25797.4,177.6,4329.8,14.64,BALANCED,2
SH-IDU-0901,Idukki Sector-1 Relief Center,Idukki,Kerala,flood,9.8529,77.51133,300,220,0.117,5.81,0,41.4,178.0,477.2,3.0,126.4,100.0,CRITICAL_DEFICIT,0
SH-DHU-0902,Dhubri Sector-3 Relief Center,Dhubri,Assam,flood,25.85731,89.93929,150,46,0.258,0.83,0,62.1,35.7,101.8,0.5,30.3,100.0,CRITICAL_DEFICIT,0
SH-SOU-0903,South 24 Parganas Sector-13 Relief Center,South 24 Parganas,West Bengal,cyclone,22.55154,89.06642,150,34,0.283,2.49,1,32.5,66.8,118.0,1.3,35.3,85.77,CRITICAL_DEFICIT,0
SH-DHU-0904,Dhubri Sector-13 Relief Center,Dhubri,Assam,flood,26.15426,89.99228,300,128,0.398,1.66,1,32.2,101.9,246.0,2.0,96.5,92.49,CRITICAL_DEFICIT,0
SH-KUT-0905,Kutch Sector-7 Relief Center,Kutch,Gujarat,earthquake,23.92484,69.9038,500,433,0.383,0.66,1,0.0,395.6,752.0,6.7,164.8,94.79,CRITICAL_DEFICIT,0
SH-SOU-0906,South 24 Parganas Sector-18 Relief Center,South 24 Parganas,West Bengal,cyclone,22.49112,88.83948,1200,1055,0.204,3.43,1,30.6,10456.3,22458.8,252.2,9491.0,3.12,SURPLUS,3
SH-IDU-0907,Idukki Sector-15 Relief Center,Idukki,Kerala,flood,9.50426,76.92285,500,560,0.346,0.66,1,0.0,572.3,1492.7,8.0,379.4,88.79,CRITICAL_DEFICIT,0
SH-PUR-0908,Puri Sector-3 Relief Center,Puri,Odisha,cyclone,19.9002,86.00539,300,102,0.244,0.4,0,25.8,162.2,410.9,3.2,140.4,95.61,CRITICAL_DEFICIT,0
SH-UTT-0909,Uttarkashi Sector-5 Relief Center,Uttarkashi,Uttarakhand,earthquake,30.64102,78.34522,800,392,0.139,6.02,0,39.8,755.0,1825.8,10.8,538.0,92.71,CRITICAL_DEFICIT,0
SH-BAL-0910,Balasore Sector-15 Relief Center,Balasore,Odisha,cyclone,21.58439,86.85459,150,112,0.634,3.08,1,36.2,98.1,261.7,3.1,83.1,95.68,CRITICAL_DEFICIT,0
SH-PUR-0911,Puri Sector-18 Relief Center,Puri,Odisha,cyclone,20.08122,85.79809,500,125,0.239,4.75,0,17.9,42.6,98.7,1.0,23.1,100.0,CRITICAL_DEFICIT,0
SH-DAR-0912,Darbhanga Sector-5 Relief Center,Darbhanga,Bihar,flood,26.42709,85.90923,800,231,0.294,4.69,0,3.4,993.8,2351.2,25.4,891.0,62.64,DEFICIT,1
SH-VIS-0913,Visakhapatnam Sector-19 Relief Center,Visakhapatnam,Andhra Pradesh,cyclone,18.14103,82.811,300,57,0.186,0.62,0,23.6,20.3,54.5,0.3,11.4,100.0,CRITICAL_DEFICIT,0
SH-DHU-0914,Dhubri Sector-18 Relief Center,Dhubri,Assam,flood,25.58635,90.07651,800,473,0.65,1.08,0,22.8,1462.2,3832.1,48.4,1131.6,79.08,CRITICAL_DEFICIT,0
SH-WAY-0915,Wayanad Sector-1 Relief Center,Wayanad,Kerala,flood,11.70809,75.66899,150,90,0.097,8.86,0,18.7,499.1,1501.4,10.1,287.2,44.48,DEFICIT,1
SH-WAY-0916,Wayanad Sector-12 Relief Center,Wayanad,Kerala,flood,11.78605,76.27057,300,272,0.134,1.49,1,0.0,271.1,594.6,4.4,206.9,90.7,CRITICAL_DEFICIT,0
SH-UTT-0917,Uttarkashi Sector-14 Relief Center,Uttarkashi,Uttarakhand,earthquake,30.6351,78.05749,500,583,0.209,1.27,1,40.2,3792.0,6311.6,73.7,3137.7,40.25,DEFICIT,1
SH-DAR-0918,Darbhanga Sector-6 Relief Center,Darbhanga,Bihar,flood,26.54992,85.9856,300,235,0.494,1.1,0,49.0,863.2,1424.6,20.4,854.0,82.27,CRITICAL_DEFICIT,0
SH-KAZ-0919,Kaziranga Sector-4 Relief Center,Kaziranga,Assam,flood,26.60183,93.6183,150,150,0.17,3.64,1,13.0,234.0,388.3,4.4,169.7,83.08,CRITICAL_DEFICIT,0
SH-DHU-0920,Dhubri Sector-2 Relief Center,Dhubri,Assam,flood,26.1941,89.67289,300,20,0.221,3.24,0,55.0,4.8,12.4,0.1,4.1,100.0,CRITICAL_DEFICIT,0
SH-VIS-0921,Visakhapatnam Sector-17 Relief Center,Visakhapatnam,Andhra Pradesh,cyclone,17.20293,83.74278,300,174,0.05,0.63,1,61.2,705.7,1934.8,12.4,284.2,43.64,DEFICIT,1
SH-DHU-0922,Dhubri Sector-16 Relief Center,Dhubri,Assam,flood,25.7993,89.82271,300,104,0.072,6.25,1,27.8,177.1,390.6,2.1,141.5,81.44,CRITICAL_DEFICIT,0
SH-VIS-0923,Visakhapatnam Sector-4 Relief Center,Visakhapatnam,Andhra Pradesh,cyclone,17.82275,83.00991,1200,198,0.225,1.8,1,34.0,369.8,789.3,8.0,156.7,70.46,CRITICAL_DEFICIT,0
SH-DAR-0924,Darbhanga Sector-18 Relief Center,Darbhanga,Bihar,flood,26.27893,86.04696,150,69,0.548,1.79,1,3.7,474.9,1337.1,15.8,456.9,16.7,BALANCED,2
SH-BAL-0925,Balasore Sector-11 Relief Center,Balasore,Odisha,cyclone,21.66008,86.90377,150,129,0.399,1.24,1,0.0,105.7,272.1,2.0,40.8,92.84,CRITICAL_DEFICIT,0
SH-KAT-0926,Katihar Sector-13 Relief Center,Katihar,Bihar,flood,25.31147,87.75016,300,367,0.405,2.69,0,17.8,730.6,1312.5,20.5,551.9,96.47,CRITICAL_DEFICIT,0
SH-KAT-0927,Katihar Sector-19 Relief Center,Katihar,Bihar,flood,25.64296,87.71927,2000,595,0.326,2.23,1,18.2,625.6,1823.3,11.3,389.7,92.94,CRITICAL_DEFICIT,0
SH-VIS-0928,Visakhapatnam Sector-3 Relief Center,Visakhapatnam,Andhra Pradesh,cyclone,18.00182,82.77172,800,570,0.501,1.51,1,32.4,5885.5,13762.1,119.0,2085.9,11.74,SURPLUS,3
SH-DHU-0929,Dhubri Sector-10 Relief Center,Dhubri,Assam,flood,25.81428,90.31827,300,186,0.447,0.63,0,0.0,381.3,875.9,8.9,380.1,92.58,CRITICAL_DEFICIT,0
SH-BAL-0930,Balasore Sector-2 Relief Center,Balasore,Odisha,cyclone,21.73891,87.00525,150,120,0.365,1.04,1,10.2,442.6,997.6,9.9,193.9,56.63,DEFICIT,1
SH-DAR-0931,Darbhanga Sector-18 Relief Center,Darbhanga,Bihar,flood,26.38991,85.88257,300,231,0.206,4.71,1,0.0,1632.2,3870.8,24.5,809.3,5.56,BALANCED,2
SH-PUR-0932,Puri Sector-16 Relief Center,Puri,Odisha,cyclone,20.33954,85.8072,300,239,0.102,0.94,1,49.6,763.2,2017.8,7.8,445.4,58.76,DEFICIT,1
SH-PUR-0933,Puri Sector-5 Relief Center,Puri,Odisha,cyclone,19.63109,86.29325,1200,734,0.201,0.66,0,37.2,1267.2,3559.9,14.7,774.6,89.9,CRITICAL_DEFICIT,0
SH-VIS-0934,Visakhapatnam Sector-10 Relief Center,Visakhapatnam,Andhra Pradesh,cyclone,17.37734,83.08129,1200,904,0.32,3.73,0,6.9,1768.1,5265.8,25.5,1765.1,97.29,CRITICAL_DEFICIT,0
SH-VIS-0935,Visakhapatnam Sector-2 Relief Center,Visakhapatnam,Andhra Pradesh,cyclone,17.50459,83.14233,150,152,0.407,0.92,1,18.7,112.4,306.2,2.7,63.0,88.69,CRITICAL_DEFICIT,0
SH-CHA-0936,Chamoli Sector-7 Relief Center,Chamoli,Uttarakhand,earthquake,30.35226,79.46218,300,198,0.427,2.69,1,8.4,187.1,381.8,2.7,72.6,92.55,CRITICAL_DEFICIT,0
SH-VIS-0937,Visakhapatnam Sector-5 Relief Center,Visakhapatnam,Andhra Pradesh,cyclone,17.73391,83.36824,300,248,0.22,1.14,1,20.5,224.0,572.6,2.5,181.5,93.25,CRITICAL_DEFICIT,0
SH-DHU-0938,Dhubri Sector-4 Relief Center,Dhubri,Assam,flood,26.11623,89.72653,150,46,0.192,3.14,0,47.5,40.1,83.4,1.0,28.9,100.0,CRITICAL_DEFICIT,0
SH-DHU-0939,Dhubri Sector-5 Relief Center,Dhubri,Assam,flood,25.80628,89.91126,800,224,0.485,0.33,0,63.6,1773.0,4316.0,34.2,1769.6,23.4,SURPLUS,3
SH-UTT-0940,Uttarkashi Sector-1 Relief Center,Uttarkashi,Uttarakhand,earthquake,30.63793,78.86099,300,196,0.149,1.72,1,39.0,200.9,407.2,4.0,132.4,92.9,CRITICAL_DEFICIT,0
SH-KAZ-0941,Kaziranga Sector-7 Relief Center,Kaziranga,Assam,flood,26.63565,92.98113,800,691,0.05,3.16,0,20.3,175.4,378.9,3.0,155.8,100.0,CRITICAL_DEFICIT,0
SH-KUT-0942,Kutch Sector-2 Relief Center,Kutch,Gujarat,earthquake,23.69537,69.51431,500,348,0.179,1.44,1,31.2,3410.0,8364.0,70.5,3229.5,4.49,SURPLUS,3
SH-KAT-0943,Katihar Sector-7 Relief Center,Katihar,Bihar,flood,25.84012,87.36856,300,288,0.073,4.2,1,4.7,102.8,170.0,2.1,91.1,96.88,CRITICAL_DEFICIT,0
SH-BAL-0944,Balasore Sector-12 Relief Center,Balasore,Odisha,cyclone,21.68465,86.02826,800,754,0.366,3.33,0,19.5,6379.5,17125.1,132.4,5965.6,14.93,SURPLUS,3
SH-KUT-0945,Kutch Sector-19 Relief Center,Kutch,Gujarat,earthquake,24.26492,69.72937,300,236,0.331,1.73,1,14.2,427.6,710.0,7.0,157.7,87.63,CRITICAL_DEFICIT,0
SH-KAT-0946,Katihar Sector-6 Relief Center,Katihar,Bihar,flood,25.68125,87.55443,500,294,0.118,3.47,1,7.8,504.7,1426.5,9.6,366.4,79.18,CRITICAL_DEFICIT,0
SH-DAR-0947,Darbhanga Sector-17 Relief Center,Darbhanga,Bihar,flood,26.12596,85.93846,800,246,0.257,2.07,0,28.1,1728.9,4798.9,27.2,839.8,29.87,BALANCED,2
SH-WAY-0948,Wayanad Sector-6 Relief Center,Wayanad,Kerala,flood,11.50704,76.11993,500,313,0.316,3.0,0,46.1,304.9,666.1,4.2,256.8,100.0,CRITICAL_DEFICIT,0
SH-KAN-0949,Kangra Sector-19 Relief Center,Kangra,Himachal Pradesh,earthquake,31.92601,76.19152,1200,1269,0.386,3.54,1,47.1,2005.2,5281.7,46.4,1735.3,82.46,CRITICAL_DEFICIT,0
SH-PUR-0950,Puri Sector-14 Relief Center,Puri,Odisha,cyclone,19.71145,86.13619,800,603,0.144,3.19,0,4.9,611.9,1560.5,8.2,529.2,100.0,CRITICAL_DEFICIT,0
SH-DAR-0951,Darbhanga Sector-6 Relief Center,Darbhanga,Bihar,flood,26.10638,86.28961,800,411,0.358,0.03,1,23.0,3161.2,7315.0,70.9,1664.2,5.67,SURPLUS,3
SH-UTT-0952,Uttarkashi Sector-5 Relief Center,Uttarkashi,Uttarakhand,earthquake,31.05223,78.94095,150,109,0.413,1.38,1,0.0,27.5,71.3,0.7,19.3,100.0,CRITICAL_DEFICIT,0
SH-KAT-0953,Katihar Sector-8 Relief Center,Katihar,Bihar,flood,25.23435,87.71538,300,188,0.277,3.1,0,31.2,56.5,110.9,1.4,24.6,100.0,CRITICAL_DEFICIT,0
SH-VIS-0954,Visakhapatnam Sector-6 Relief Center,Visakhapatnam,Andhra Pradesh,cyclone,17.9027,83.12666,150,37,0.291,3.43,1,33.9,28.2,64.1,0.6,13.4,95.62,CRITICAL_DEFICIT,0
SH-DHU-0955,Dhubri Sector-3 Relief Center,Dhubri,Assam,flood,25.73594,89.88948,150,130,0.095,2.12,0,0.7,419.5,1222.3,7.8,141.3,75.79,CRITICAL_DEFICIT,0
SH-DAR-0956,Darbhanga Sector-19 Relief Center,Darbhanga,Bihar,flood,26.37731,85.38795,500,572,0.383,1.06,1,16.1,2411.9,6250.2,52.3,2338.6,47.21,DEFICIT,1
SH-DHU-0957,Dhubri Sector-9 Relief Center,Dhubri,Assam,flood,26.0902,89.93316,150,159,0.386,0.62,0,68.4,309.8,753.2,4.1,267.7,93.85,CRITICAL_DEFICIT,0
SH-KAZ-0958,Kaziranga Sector-4 Relief Center,Kaziranga,Assam,flood,26.20286,93.57138,150,125,0.05,0.23,1,28.1,226.5,427.8,4.0,226.1,75.66,CRITICAL_DEFICIT,0
SH-KAZ-0959,Kaziranga Sector-9 Relief Center,Kaziranga,Assam,flood,26.3516,93.40823,300,177,0.116,0.2,0,30.5,344.2,890.8,6.1,231.0,92.88,CRITICAL_DEFICIT,0
SH-UTT-0960,Uttarkashi Sector-5 Relief Center,Uttarkashi,Uttarakhand,earthquake,30.36942,77.88428,150,79,0.633,1.6,1,19.4,68.9,177.5,1.7,37.9,93.59,CRITICAL_DEFICIT,0
SH-BAL-0961,Balasore Sector-12 Relief Center,Balasore,Odisha,cyclone,21.65618,86.76386,150,111,0.477,4.88,0,20.6,234.5,437.1,5.5,87.3,95.29,CRITICAL_DEFICIT,0
SH-CHA-0962,Chamoli Sector-13 Relief Center,Chamoli,Uttarakhand,earthquake,30.32513,79.31233,800,402,0.318,12.13,1,0.0,732.5,1267.0,16.0,384.2,81.64,CRITICAL_DEFICIT,0
SH-VIS-0963,Visakhapatnam Sector-19 Relief Center,Visakhapatnam,Andhra Pradesh,cyclone,17.64906,83.29956,800,749,0.255,3.73,0,0.0,578.6,1454.7,10.2,258.1,100.0,CRITICAL_DEFICIT,0
SH-IDU-0964,Idukki Sector-3 Relief Center,Idukki,Kerala,flood,9.58403,76.62999,150,90,0.501,3.23,0,28.8,362.7,853.9,11.0,362.0,68.87,DEFICIT,1
SH-CHA-0965,Chamoli Sector-8 Relief Center,Chamoli,Uttarakhand,earthquake,30.7535,79.07951,500,284,0.331,2.09,1,25.1,282.6,695.7,5.9,181.9,92.78,CRITICAL_DEFICIT,0
SH-DHU-0966,Dhubri Sector-11 Relief Center,Dhubri,Assam,flood,26.12958,90.25587,1200,875,0.302,0.22,1,36.5,1582.3,3185.8,38.7,724.7,85.25,CRITICAL_DEFICIT,0
SH-KAT-0967,Katihar Sector-15 Relief Center,Katihar,Bihar,flood,25.04441,87.79826,500,430,0.413,0.64,0,41.1,362.0,691.1,10.7,179.7,100.0,CRITICAL_DEFICIT,0
SH-VIS-0968,Visakhapatnam Sector-19 Relief Center,Visakhapatnam,Andhra Pradesh,cyclone,17.78657,83.14919,800,605,0.274,0.22,1,35.5,637.2,1299.3,11.0,569.6,86.41,CRITICAL_DEFICIT,0
SH-DAR-0969,Darbhanga Sector-6 Relief Center,Darbhanga,Bihar,flood,26.06373,86.09004,150,64,0.091,0.6,0,32.7,202.9,391.7,3.4,124.4,83.04,CRITICAL_DEFICIT,0
SH-KAZ-0970,Kaziranga Sector-12 Relief Center,Kaziranga,Assam,flood,26.57898,93.10104,300,149,0.353,1.42,1,12.0,610.8,1104.5,10.2,293.7,65.91,DEFICIT,1
SH-WAY-0971,Wayanad Sector-18 Relief Center,Wayanad,Kerala,flood,11.53206,76.30598,300,333,0.324,8.43,1,26.7,1419.5,3391.5,24.1,926.1,39.49,DEFICIT,1
SH-PUR-0972,Puri Sector-15 Relief Center,Puri,Odisha,cyclone,19.8912,85.68463,300,42,0.113,10.12,1,25.7,266.9,485.5,3.0,213.7,36.33,BALANCED,2
SH-KAN-0973,Kangra Sector-5 Relief Center,Kangra,Himachal Pradesh,earthquake,32.32467,76.63131,300,251,0.151,3.85,0,27.9,84.0,163.7,1.1,33.3,100.0,CRITICAL_DEFICIT,0
SH-KAN-0974,Kangra Sector-17 Relief Center,Kangra,Himachal Pradesh,earthquake,32.91661,76.76848,500,123,0.167,0.61,0,48.4,980.2,1705.3,16.8,750.6,40.56,DEFICIT,1
SH-KAT-0975,Katihar Sector-14 Relief Center,Katihar,Bihar,flood,25.89282,87.32504,150,90,0.278,8.85,0,16.9,92.0,201.3,2.3,46.7,100.0,CRITICAL_DEFICIT,0
SH-SOU-0976,South 24 Parganas Sector-13 Relief Center,South 24 Parganas,West Bengal,cyclone,21.51482,88.62561,150,61,0.65,4.77,0,44.2,102.8,193.4,3.7,55.9,100.0,CRITICAL_DEFICIT,0
SH-KUT-0977,Kutch Sector-13 Relief Center,Kutch,Gujarat,earthquake,23.95691,69.94175,800,38,0.299,2.86,1,32.8,140.4,346.7,2.5,62.0,57.47,DEFICIT,1
SH-VIS-0978,Visakhapatnam Sector-9 Relief Center,Visakhapatnam,Andhra Pradesh,cyclone,17.77556,83.20042,150,87,0.064,2.54,1,50.6,537.8,1425.0,9.3,258.7,18.29,BALANCED,2
SH-VIS-0979,Visakhapatnam Sector-12 Relief Center,Visakhapatnam,Andhra Pradesh,cyclone,17.91852,83.26961,300,360,0.491,0.62,1,7.8,2364.4,4001.1,38.9,912.7,38.6,BALANCED,2
SH-PUR-0980,Puri Sector-12 Relief Center,Puri,Odisha,cyclone,19.9028,85.62826,300,294,0.5,2.71,0,0.0,262.8,763.6,5.3,257.2,100.0,CRITICAL_DEFICIT,0
SH-IDU-0981,Idukki Sector-2 Relief Center,Idukki,Kerala,flood,9.8246,76.78162,2000,1821,0.31,5.16,0,12.9,560.2,1540.3,7.7,213.9,100.0,CRITICAL_DEFICIT,0
SH-WAY-0982,Wayanad Sector-12 Relief Center,Wayanad,Kerala,flood,11.49734,75.79854,300,207,0.183,4.98,1,23.1,423.8,1238.6,7.1,322.0,73.42,CRITICAL_DEFICIT,0
SH-CHA-0983,Chamoli Sector-4 Relief Center,Chamoli,Uttarakhand,earthquake,30.35656,79.50797,500,59,0.143,0.87,1,47.5,91.1,236.8,1.0,42.0,82.7,CRITICAL_DEFICIT,0
SH-CHA-0984,Chamoli Sector-4 Relief Center,Chamoli,Uttarakhand,earthquake,30.68348,79.36228,500,149,0.249,0.14,1,47.5,1118.4,3058.0,14.9,640.1,0.75,SURPLUS,3
SH-DAR-0985,Darbhanga Sector-2 Relief Center,Darbhanga,Bihar,flood,25.88326,85.91099,300,217,0.076,4.62,1,7.3,1510.4,3029.9,18.4,896.6,18.62,BALANCED,2
SH-VIS-0986,Visakhapatnam Sector-9 Relief Center,Visakhapatnam,Andhra Pradesh,cyclone,17.66687,83.02172,800,621,0.302,8.5,0,29.5,1318.3,3940.8,34.4,801.4,92.15,CRITICAL_DEFICIT,0
SH-SOU-0987,South 24 Parganas Sector-8 Relief Center,South 24 Parganas,West Bengal,cyclone,22.42161,88.16007,800,497,0.246,2.68,0,21.4,504.8,1061.1,10.7,403.8,100.0,CRITICAL_DEFICIT,0
SH-PUR-0988,Puri Sector-1 Relief Center,Puri,Odisha,cyclone,19.30812,86.20009,150,46,0.245,2.68,0,19.8,43.0,119.5,0.8,35.5,100.0,CRITICAL_DEFICIT,0
SH-WAY-0989,Wayanad Sector-7 Relief Center,Wayanad,Kerala,flood,11.28784,75.76932,300,296,0.362,0.72,1,10.6,234.5,404.4,5.7,137.6,95.56,CRITICAL_DEFICIT,0
SH-CHA-0990,Chamoli Sector-5 Relief Center,Chamoli,Uttarakhand,earthquake,30.54847,78.85211,300,171,0.317,0.84,1,0.0,677.6,1826.7,16.8,642.8,48.48,DEFICIT,1
SH-CHA-0991,Chamoli Sector-15 Relief Center,Chamoli,Uttarakhand,earthquake,30.38795,79.19396,500,445,0.261,0.57,0,34.4,327.5,704.2,6.1,155.3,100.0,CRITICAL_DEFICIT,0
SH-SOU-0992,South 24 Parganas Sector-16 Relief Center,South 24 Parganas,West Bengal,cyclone,21.99704,88.90191,150,119,0.351,0.99,1,26.8,32.0,62.7,0.9,10.8,100.0,CRITICAL_DEFICIT,0
SH-KAZ-0993,Kaziranga Sector-3 Relief Center,Kaziranga,Assam,flood,26.73105,93.14975,500,546,0.359,2.69,0,11.5,451.6,807.2,8.3,261.6,100.0,CRITICAL_DEFICIT,0
SH-UTT-0994,Uttarkashi Sector-6 Relief Center,Uttarkashi,Uttarakhand,earthquake,30.66488,78.59827,300,284,0.22,4.66,1,34.8,88.8,252.0,2.1,30.3,97.45,CRITICAL_DEFICIT,0
SH-SOU-0995,South 24 Parganas Sector-15 Relief Center,South 24 Parganas,West Bengal,cyclone,21.94713,88.59649,500,322,0.269,1.97,1,0.0,331.5,980.0,4.1,279.6,89.32,CRITICAL_DEFICIT,0
SH-WAY-0996,Wayanad Sector-3 Relief Center,Wayanad,Kerala,flood,11.84276,76.13042,300,341,0.231,5.28,0,21.4,312.9,768.6,6.2,190.1,100.0,CRITICAL_DEFICIT,0
SH-UTT-0997,Uttarkashi Sector-1 Relief Center,Uttarkashi,Uttarakhand,earthquake,30.43192,78.46848,1200,675,0.407,3.83,1,31.9,666.8,1388.6,18.0,532.2,93.53,CRITICAL_DEFICIT,0
SH-VIS-0998,Visakhapatnam Sector-9 Relief Center,Visakhapatnam,Andhra Pradesh,cyclone,17.79019,83.86685,150,152,0.248,0.66,1,22.2,614.4,1853.3,11.3,379.8,55.59,DEFICIT,1
SH-DHU-0999,Dhubri Sector-12 Relief Center,Dhubri,Assam,flood,25.77152,90.07829,150,20,0.322,1.16,1,32.0,74.8,203.4,1.8,69.4,54.16,DEFICIT,1
SH-KAZ-1000,Kaziranga Sector-18 Relief Center,Kaziranga,Assam,flood,26.28945,93.14807,1200,1195,0.42,2.59,1,5.7,1242.5,2597.7,28.4,743.5,92.0,CRITICAL_DEFICIT,0
SH-VIS-1001,Visakhapatnam Sector-14 Relief Center,Visakhapatnam,Andhra Pradesh,cyclone,17.52828,83.14153,500,453,0.582,0.39,1,4.6,157.0,461.1,4.2,140.3,100.0,CRITICAL_DEFICIT,0
SH-DHU-1002,Dhubri Sector-2 Relief Center,Dhubri,Assam,flood,26.02349,90.66854,300,267,0.105,1.22,0,4.5,211.2,442.4,3.5,122.1,100.0,CRITICAL_DEFICIT,0
SH-CHA-1003,Chamoli Sector-19 Relief Center,Chamoli,Uttarakhand,earthquake,30.6098,79.72734,300,187,0.305,0.45,1,21.0,366.2,696.8,9.0,201.7,86.87,CRITICAL_DEFICIT,0
SH-CHA-1004,Chamoli Sector-4 Relief Center,Chamoli,Uttarakhand,earthquake,30.34584,79.29308,300,226,0.268,3.51,1,0.0,1429.6,2936.0,30.7,1244.2,33.15,BALANCED,2
SH-KAT-1005,Katihar Sector-3 Relief Center,Katihar,Bihar,flood,25.38341,87.71276,800,213,0.386,0.87,1,10.6,205.9,573.3,4.1,192.2,90.2,CRITICAL_DEFICIT,0
SH-VIS-1006,Visakhapatnam Sector-12 Relief Center,Visakhapatnam,Andhra Pradesh,cyclone,17.92403,83.01621,800,833,0.359,3.22,0,13.6,837.0,1717.7,12.2,514.8,100.0,CRITICAL_DEFICIT,0
SH-KUT-1007,Kutch Sector-4 Relief Center,Kutch,Gujarat,earthquake,23.63099,69.75814,500,215,0.08,5.08,1,41.8,1359.7,2458.8,21.9,794.0,34.75,BALANCED,2
SH-VIS-1008,Visakhapatnam Sector-15 Relief Center,Visakhapatnam,Andhra Pradesh,cyclone,18.00963,83.14495,500,389,0.32,1.74,1,33.8,3600.4,6848.6,44.5,1991.8,3.84,SURPLUS,3
SH-KAZ-1009,Kaziranga Sector-18 Relief Center,Kaziranga,Assam,flood,26.46634,93.39436,300,116,0.404,0.2,1,12.7,431.8,859.5,8.0,164.5,64.05,DEFICIT,1
SH-VIS-1010,Visakhapatnam Sector-9 Relief Center,Visakhapatnam,Andhra Pradesh,cyclone,17.76015,83.29752,150,186,0.075,2.62,1,37.5,2117.8,4724.2,30.1,1860.9,3.19,SURPLUS,3
SH-UTT-1011,Uttarkashi Sector-10 Relief Center,Uttarkashi,Uttarakhand,earthquake,30.02907,77.98018,1200,892,0.253,1.44,1,22.1,1675.2,4844.5,23.2,973.2,77.75,CRITICAL_DEFICIT,0
SH-KAN-1012,Kangra Sector-7 Relief Center,Kangra,Himachal Pradesh,earthquake,32.38509,75.7844,150,100,0.325,3.09,0,0.0,301.8,783.4,5.1,145.7,76.6,CRITICAL_DEFICIT,0
SH-PUR-1013,Puri Sector-6 Relief Center,Puri,Odisha,cyclone,19.6556,86.07168,300,192,0.091,1.1,0,23.7,328.4,713.7,3.8,221.6,89.85,CRITICAL_DEFICIT,0
SH-UTT-1014,Uttarkashi Sector-3 Relief Center,Uttarkashi,Uttarakhand,earthquake,30.61551,78.68206,150,114,0.358,2.63,1,22.6,37.3,68.1,0.7,35.9,100.0,CRITICAL_DEFICIT,0
SH-IDU-1015,Idukki Sector-9 Relief Center,Idukki,Kerala,flood,9.8502,77.31613,500,336,0.165,0.29,1,16.3,1165.3,3073.6,14.7,745.9,54.7,DEFICIT,1
SH-CHA-1016,Chamoli Sector-5 Relief Center,Chamoli,Uttarakhand,earthquake,30.00309,79.49709,1200,556,0.182,4.13,0,48.7,175.9,471.7,2.4,113.1,100.0,CRITICAL_DEFICIT,0
SH-SOU-1017,South 24 Parganas Sector-19 Relief Center,South 24 Parganas,West Bengal,cyclone,21.97214,88.8378,500,435,0.309,1.08,0,17.3,142.6,255.8,2.3,101.8,100.0,CRITICAL_DEFICIT,0
SH-KAN-1018,Kangra Sector-16 Relief Center,Kangra,Himachal Pradesh,earthquake,32.21753,76.46872,800,386,0.212,0.65,1,43.0,346.4,954.3,5.4,245.9,88.75,CRITICAL_DEFICIT,0
SH-KAN-1019,Kangra Sector-1 Relief Center,Kangra,Himachal Pradesh,earthquake,32.2777,76.27776,500,219,0.387,2.27,0,14.8,1489.4,3157.2,34.9,939.2,36.65,BALANCED,2
SH-WAY-1020,Wayanad Sector-18 Relief Center,Wayanad,Kerala,flood,11.50781,76.37799,1200,391,0.17,1.6,1,26.6,119.4,287.4,2.6,97.5,95.14,CRITICAL_DEFICIT,0
SH-IDU-1021,Idukki Sector-15 Relief Center,Idukki,Kerala,flood,9.89432,77.2192,1200,385,0.123,2.05,0,0.0,571.4,1056.7,7.0,501.6,97.83,CRITICAL_DEFICIT,0
SH-DHU-1022,Dhubri Sector-19 Relief Center,Dhubri,Assam,flood,25.86606,89.76177,1200,215,0.308,3.59,1,34.7,2153.9,6235.7,52.8,1633.6,8.67,SURPLUS,3
SH-DHU-1023,Dhubri Sector-1 Relief Center,Dhubri,Assam,flood,26.19566,90.04856,300,114,0.211,1.64,1,8.4,225.7,513.6,2.9,113.1,74.93,CRITICAL_DEFICIT,0
SH-UTT-1024,Uttarkashi Sector-10 Relief Center,Uttarkashi,Uttarakhand,earthquake,30.67925,78.27922,300,352,0.337,0.91,1,4.4,627.9,1612.4,15.6,616.4,83.0,CRITICAL_DEFICIT,0
SH-KAN-1025,Kangra Sector-6 Relief Center,Kangra,Himachal Pradesh,earthquake,32.17857,75.87077,300,385,0.123,0.24,1,0.0,673.7,1244.1,9.9,579.2,84.01,CRITICAL_DEFICIT,0
SH-DAR-1026,Darbhanga Sector-12 Relief Center,Darbhanga,Bihar,flood,26.31402,85.60304,300,319,0.347,6.18,0,50.5,512.6,1032.8,8.1,355.8,100.0,CRITICAL_DEFICIT,0
SH-KAT-1027,Katihar Sector-12 Relief Center,Katihar,Bihar,flood,25.67152,87.87332,500,565,0.376,2.03,0,19.9,1150.7,3045.3,32.1,633.5,91.87,CRITICAL_DEFICIT,0
SH-VIS-1028,Visakhapatnam Sector-9 Relief Center,Visakhapatnam,Andhra Pradesh,cyclone,17.45559,83.73976,150,22,0.275,0.07,1,30.4,41.0,95.4,1.0,39.3,75.43,CRITICAL_DEFICIT,0
SH-WAY-1029,Wayanad Sector-1 Relief Center,Wayanad,Kerala,flood,11.22169,76.11564,500,347,0.432,6.9,0,39.5,560.7,1064.5,15.9,457.9,100.0,CRITICAL_DEFICIT,0
SH-PUR-1030,Puri Sector-7 Relief Center,Puri,Odisha,cyclone,19.5704,86.36461,300,219,0.437,6.05,1,45.6,665.7,1506.5,18.6,549.2,64.27,DEFICIT,1
SH-WAY-1031,Wayanad Sector-17 Relief Center,Wayanad,Kerala,flood,11.99219,75.60017,1200,91,0.254,2.97,0,6.6,84.1,189.9,1.8,49.3,100.0,CRITICAL_DEFICIT,0
SH-KAT-1032,Katihar Sector-6 Relief Center,Katihar,Bihar,flood,25.52158,87.79393,150,57,0.25,4.61,0,0.7,85.2,214.9,1.9,48.5,98.8,CRITICAL_DEFICIT,0
SH-KAN-1033,Kangra Sector-14 Relief Center,Kangra,Himachal Pradesh,earthquake,31.84487,76.44303,150,47,0.223,1.09,0,26.2,46.6,93.8,0.9,16.3,100.0,CRITICAL_DEFICIT,0
SH-KAN-1034,Kangra Sector-17 Relief Center,Kangra,Himachal Pradesh,earthquake,32.13494,76.35485,500,147,0.589,6.27,0,5.5,289.0,724.2,8.6,248.8,94.53,CRITICAL_DEFICIT,0
SH-CHA-1035,Chamoli Sector-7 Relief Center,Chamoli,Uttarakhand,earthquake,30.31474,79.65438,1200,644,0.477,5.17,1,37.7,546.3,1641.7,17.3,263.4,95.68,CRITICAL_DEFICIT,0
SH-DHU-1036,Dhubri Sector-19 Relief Center,Dhubri,Assam,flood,25.74148,89.99816,300,232,0.162,0.69,1,21.1,473.5,1044.9,8.6,442.0,76.0,CRITICAL_DEFICIT,0
SH-DAR-1037,Darbhanga Sector-15 Relief Center,Darbhanga,Bihar,flood,26.30922,85.68846,300,281,0.217,0.09,1,20.9,232.0,532.1,3.2,115.4,88.85,CRITICAL_DEFICIT,0
SH-CHA-1038,Chamoli Sector-14 Relief Center,Chamoli,Uttarakhand,earthquake,30.11523,79.40892,300,148,0.329,0.03,1,20.7,40.9,95.3,0.6,26.4,100.0,CRITICAL_DEFICIT,0
SH-IDU-1039,Idukki Sector-17 Relief Center,Idukki,Kerala,flood,9.3551,77.23784,150,172,0.166,0.74,1,31.3,269.5,813.7,4.2,107.3,77.68,CRITICAL_DEFICIT,0
SH-KAZ-1040,Kaziranga Sector-14 Relief Center,Kaziranga,Assam,flood,27.11742,93.25363,1200,629,0.448,1.79,1,14.4,1216.8,3305.3,32.3,682.7,74.63,CRITICAL_DEFICIT,0
SH-KAT-1041,Katihar Sector-15 Relief Center,Katihar,Bihar,flood,25.64454,87.56113,150,162,0.152,0.29,1,31.5,327.8,599.4,6.6,327.6,78.04,CRITICAL_DEFICIT,0
SH-KAZ-1042,Kaziranga Sector-15 Relief Center,Kaziranga,Assam,flood,26.7713,93.47203,500,269,0.402,0.04,1,27.4,79.7,162.8,1.7,48.1,100.0,CRITICAL_DEFICIT,0
SH-DHU-1043,Dhubri Sector-4 Relief Center,Dhubri,Assam,flood,26.08905,89.35988,150,156,0.571,2.54,1,56.2,156.2,355.9,5.4,92.3,88.21,CRITICAL_DEFICIT,0
SH-IDU-1044,Idukki Sector-10 Relief Center,Idukki,Kerala,flood,9.76355,77.00317,300,164,0.505,1.33,1,2.4,966.5,2507.3,20.0,953.9,23.9,BALANCED,2
SH-DAR-1045,Darbhanga Sector-15 Relief Center,Darbhanga,Bihar,flood,26.16758,86.02041,500,419,0.227,0.44,1,18.7,412.0,944.3,8.6,251.7,92.39,CRITICAL_DEFICIT,0
SH-IDU-1046,Idukki Sector-14 Relief Center,Idukki,Kerala,flood,9.94847,77.04613,300,256,0.19,2.05,0,35.1,410.5,716.2,7.7,286.0,99.88,CRITICAL_DEFICIT,0
SH-DAR-1047,Darbhanga Sector-2 Relief Center,Darbhanga,Bihar,flood,26.6507,85.42769,500,567,0.05,0.63,1,42.7,160.8,322.7,1.8,60.1,96.65,CRITICAL_DEFICIT,0
SH-SOU-1048,South 24 Parganas Sector-5 Relief Center,South 24 Parganas,West Bengal,cyclone,21.79948,88.77693,500,291,0.449,0.03,0,52.7,80.0,239.1,1.1,45.3,100.0,CRITICAL_DEFICIT,0
SH-KAN-1049,Kangra Sector-12 Relief Center,Kangra,Himachal Pradesh,earthquake,32.25858,76.20298,300,252,0.488,0.11,0,16.8,256.0,575.2,6.5,98.3,100.0,CRITICAL_DEFICIT,0
SH-KAT-1050,Katihar Sector-8 Relief Center,Katihar,Bihar,flood,25.71885,87.31869,150,64,0.135,1.82,1,0.0,227.8,651.9,2.4,164.7,54.37,DEFICIT,1
SH-KAT-1051,Katihar Sector-6 Relief Center,Katihar,Bihar,flood,25.71139,87.5567,500,504,0.309,1.75,1,16.7,463.9,1248.8,7.4,273.2,93.79,CRITICAL_DEFICIT,0
SH-KAT-1052,Katihar Sector-7 Relief Center,Katihar,Bihar,flood,25.4123,87.41757,150,146,0.105,2.75,0,0.0,286.1,502.5,4.9,181.9,95.82,CRITICAL_DEFICIT,0
SH-KUT-1053,Kutch Sector-3 Relief Center,Kutch,Gujarat,earthquake,23.95845,69.71229,300,186,0.324,1.74,1,34.6,761.0,1662.4,19.3,720.6,48.39,DEFICIT,1
SH-KAN-1054,Kangra Sector-5 Relief Center,Kangra,Himachal Pradesh,earthquake,32.14752,76.56747,150,79,0.184,1.32,1,25.5,59.1,125.0,0.8,46.3,89.83,CRITICAL_DEFICIT,0
SH-BAL-1055,Balasore Sector-10 Relief Center,Balasore,Odisha,cyclone,21.53277,86.93194,800,589,0.215,0.27,1,0.0,1144.3,2879.3,27.3,988.4,72.34,CRITICAL_DEFICIT,0
SH-KAN-1056,Kangra Sector-9 Relief Center,Kangra,Himachal Pradesh,earthquake,32.17197,76.48611,500,576,0.168,7.63,1,67.8,3594.4,8450.7,41.2,1368.1,23.59,BALANCED,2
SH-UTT-1057,Uttarkashi Sector-14 Relief Center,Uttarkashi,Uttarakhand,earthquake,30.61089,78.22256,300,172,0.324,8.14,0,1.0,710.7,1721.4,17.0,644.3,70.91,CRITICAL_DEFICIT,0
SH-VIS-1058,Visakhapatnam Sector-13 Relief Center,Visakhapatnam,Andhra Pradesh,cyclone,17.6181,83.26493,300,151,0.357,7.56,1,25.6,317.0,522.0,7.2,206.0,88.22,CRITICAL_DEFICIT,0
SH-WAY-1059,Wayanad Sector-7 Relief Center,Wayanad,Kerala,flood,11.31694,76.142,800,299,0.348,0.4,1,36.1,93.3,236.8,1.5,89.4,100.0,CRITICAL_DEFICIT,0
SH-SOU-1060,South 24 Parganas Sector-11 Relief Center,South 24 Parganas,West Bengal,cyclone,21.93071,88.80246,300,131,0.109,0.61,1,18.2,38.5,99.4,0.5,14.7,96.2,CRITICAL_DEFICIT,0
SH-BAL-1061,Balasore Sector-8 Relief Center,Balasore,Odisha,cyclone,21.40258,87.34305,800,150,0.65,2.82,1,17.4,138.9,403.7,5.0,67.3,97.21,CRITICAL_DEFICIT,0
SH-SOU-1062,South 24 Parganas Sector-3 Relief Center,South 24 Parganas,West Bengal,cyclone,21.88089,88.53966,300,136,0.46,6.31,1,6.0,526.1,896.0,10.6,345.9,64.16,DEFICIT,1
SH-UTT-1063,Uttarkashi Sector-10 Relief Center,Uttarkashi,Uttarakhand,earthquake,30.97898,78.23884,300,184,0.536,1.0,1,16.6,162.5,441.0,5.0,141.3,90.29,CRITICAL_DEFICIT,0
SH-DAR-1064,Darbhanga Sector-18 Relief Center,Darbhanga,Bihar,flood,26.35489,85.81811,500,122,0.426,5.28,1,11.4,190.1,404.8,5.6,158.2,81.27,CRITICAL_DEFICIT,0
SH-UTT-1065,Uttarkashi Sector-14 Relief Center,Uttarkashi,Uttarakhand,earthquake,30.80178,78.17925,150,44,0.383,5.5,0,7.4,35.2,99.6,0.6,27.3,100.0,CRITICAL_DEFICIT,0
SH-WAY-1066,Wayanad Sector-12 Relief Center,Wayanad,Kerala,flood,11.44171,76.38482,150,135,0.355,0.47,1,44.3,736.1,1329.6,12.0,390.0,49.34,DEFICIT,1
SH-DHU-1067,Dhubri Sector-16 Relief Center,Dhubri,Assam,flood,25.73246,90.17721,500,249,0.185,0.24,1,9.6,758.3,1326.9,17.5,295.1,78.18,CRITICAL_DEFICIT,0
SH-SOU-1068,South 24 Parganas Sector-17 Relief Center,South 24 Parganas,West Bengal,cyclone,22.27563,87.82359,1200,961,0.249,0.9,1,40.9,811.0,2081.4,20.1,311.1,89.21,CRITICAL_DEFICIT,0
SH-CHA-1069,Chamoli Sector-15 Relief Center,Chamoli,Uttarakhand,earthquake,30.43135,79.44867,150,136,0.153,4.03,1,9.9,139.1,291.2,2.7,122.1,87.92,CRITICAL_DEFICIT,0
SH-VIS-1070,Visakhapatnam Sector-13 Relief Center,Visakhapatnam,Andhra Pradesh,cyclone,18.02823,83.31788,500,307,0.422,13.93,1,3.6,1270.1,3113.7,18.7,908.0,49.51,DEFICIT,1
SH-KUT-1071,Kutch Sector-17 Relief Center,Kutch,Gujarat,earthquake,23.82866,70.41302,150,170,0.161,1.03,0,14.9,154.9,415.4,2.0,147.1,100.0,CRITICAL_DEFICIT,0
SH-VIS-1072,Visakhapatnam Sector-10 Relief Center,Visakhapatnam,Andhra Pradesh,cyclone,17.83074,83.1782,800,405,0.152,1.08,1,20.2,3201.7,6377.1,46.9,3167.3,11.47,BALANCED,2
SH-SOU-1073,South 24 Parganas Sector-12 Relief Center,South 24 Parganas,West Bengal,cyclone,22.84566,88.73982,300,216,0.28,2.47,1,40.1,383.2,970.7,7.6,207.0,74.87,CRITICAL_DEFICIT,0
SH-BAL-1074,Balasore Sector-16 Relief Center,Balasore,Odisha,cyclone,21.81716,86.7291,800,61,0.65,2.39,1,44.7,259.8,469.2,6.5,163.7,59.51,DEFICIT,1
SH-UTT-1075,Uttarkashi Sector-17 Relief Center,Uttarkashi,Uttarakhand,earthquake,31.01613,78.44906,300,72,0.403,3.41,1,0.0,24.3,54.4,0.5,17.9,97.68,CRITICAL_DEFICIT,0
SH-KAT-1076,Katihar Sector-7 Relief Center,Katihar,Bihar,flood,25.71413,87.54592,150,155,0.059,5.42,1,44.7,152.4,407.6,2.8,53.8,89.07,CRITICAL_DEFICIT,0
SH-KUT-1077,Kutch Sector-18 Relief Center,Kutch,Gujarat,earthquake,23.45655,69.86063,300,317,0.186,1.0,1,12.1,302.1,673.3,5.9,222.4,92.25,CRITICAL_DEFICIT,0
SH-KUT-1078,Kutch Sector-6 Relief Center,Kutch,Gujarat,earthquake,23.58754,69.57105,800,251,0.053,0.86,0,0.0,2434.6,6558.1,36.7,1182.4,20.59,SURPLUS,3
SH-PUR-1079,Puri Sector-16 Relief Center,Puri,Odisha,cyclone,19.7284,85.65319,150,178,0.187,2.65,1,19.4,1008.1,1780.2,11.5,992.3,43.48,DEFICIT,1
SH-BAL-1080,Balasore Sector-15 Relief Center,Balasore,Odisha,cyclone,21.43814,86.42612,1200,1449,0.424,1.63,0,17.9,2796.5,7467.5,56.2,1113.0,94.1,CRITICAL_DEFICIT,0
SH-UTT-1081,Uttarkashi Sector-8 Relief Center,Uttarkashi,Uttarakhand,earthquake,30.20688,78.05305,300,53,0.4,0.42,1,23.2,89.3,239.6,2.2,87.6,81.04,CRITICAL_DEFICIT,0
SH-UTT-1082,Uttarkashi Sector-10 Relief Center,Uttarkashi,Uttarakhand,earthquake,30.81258,78.62742,2000,789,0.116,1.7,1,50.4,2639.8,4490.7,48.0,2600.7,68.67,DEFICIT,1
SH-CHA-1083,Chamoli Sector-18 Relief Center,Chamoli,Uttarakhand,earthquake,30.39173,79.03051,300,299,0.289,8.37,0,8.8,1137.6,2820.0,26.2,929.7,65.89,DEFICIT,1
SH-KAT-1084,Katihar Sector-3 Relief Center,Katihar,Bihar,flood,25.92276,87.82455,300,273,0.188,0.44,1,21.3,454.4,1243.0,5.0,211.0,80.67,CRITICAL_DEFICIT,0
SH-VIS-1085,Visakhapatnam Sector-13 Relief Center,Visakhapatnam,Andhra Pradesh,cyclone,17.70737,82.97109,150,119,0.618,2.64,1,42.6,41.4,72.2,0.9,30.6,100.0,CRITICAL_DEFICIT,0
SH-UTT-1086,Uttarkashi Sector-12 Relief Center,Uttarkashi,Uttarakhand,earthquake,30.80428,78.31524,2000,1578,0.067,2.31,1,46.8,1187.1,3453.4,15.8,671.4,90.12,CRITICAL_DEFICIT,0
SH-PUR-1087,Puri Sector-4 Relief Center,Puri,Odisha,cyclone,20.3462,85.42551,800,220,0.296,0.27,1,34.6,61.7,180.8,1.6,56.2,99.8,CRITICAL_DEFICIT,0
SH-DHU-1088,Dhubri Sector-14 Relief Center,Dhubri,Assam,flood,25.70663,89.648,300,274,0.514,13.19,1,40.8,1184.1,2491.5,22.9,1066.7,54.88,DEFICIT,1
SH-KUT-1089,Kutch Sector-6 Relief Center,Kutch,Gujarat,earthquake,23.93673,69.86448,300,311,0.226,1.96,1,38.4,1850.6,4012.3,34.6,1669.0,28.35,BALANCED,2
SH-DHU-1090,Dhubri Sector-18 Relief Center,Dhubri,Assam,flood,26.41635,89.9954,800,292,0.315,0.37,1,0.0,2091.7,6286.9,26.8,1247.2,7.57,BALANCED,2
SH-IDU-1091,Idukki Sector-14 Relief Center,Idukki,Kerala,flood,9.76902,76.89372,300,226,0.429,2.35,1,40.0,66.6,170.8,1.2,36.1,100.0,CRITICAL_DEFICIT,0
SH-SOU-1092,South 24 Parganas Sector-9 Relief Center,South 24 Parganas,West Bengal,cyclone,21.94186,88.25887,300,278,0.446,0.97,1,7.7,1158.7,2703.4,19.9,876.3,50.83,DEFICIT,1
SH-UTT-1093,Uttarkashi Sector-4 Relief Center,Uttarkashi,Uttarakhand,earthquake,31.09406,78.21814,1200,193,0.119,0.19,0,3.5,197.0,433.4,2.0,192.6,99.53,CRITICAL_DEFICIT,0
SH-KUT-1094,Kutch Sector-18 Relief Center,Kutch,Gujarat,earthquake,23.32419,69.83082,800,601,0.496,6.64,0,20.1,1113.4,2714.4,20.8,840.7,93.07,CRITICAL_DEFICIT,0
SH-UTT-1095,Uttarkashi Sector-11 Relief Center,Uttarkashi,Uttarakhand,earthquake,30.77745,77.90049,150,124,0.065,0.03,1,0.0,32.3,83.6,0.3,29.8,100.0,CRITICAL_DEFICIT,0
SH-KAN-1096,Kangra Sector-16 Relief Center,Kangra,Himachal Pradesh,earthquake,32.02487,76.61528,150,37,0.277,1.09,0,42.7,114.4,219.3,2.1,66.2,86.89,CRITICAL_DEFICIT,0
SH-WAY-1097,Wayanad Sector-15 Relief Center,Wayanad,Kerala,flood,11.65083,75.96732,500,491,0.279,1.77,1,0.0,413.9,802.6,9.4,404.1,96.84,CRITICAL_DEFICIT,0
SH-WAY-1098,Wayanad Sector-14 Relief Center,Wayanad,Kerala,flood,11.92116,76.20227,150,142,0.246,0.72,1,52.0,260.6,516.4,4.8,91.0,78.16,CRITICAL_DEFICIT,0
SH-KAN-1099,Kangra Sector-6 Relief Center,Kangra,Himachal Pradesh,earthquake,31.9722,76.02444,300,338,0.521,9.48,1,31.0,333.3,558.7,9.2,318.8,96.66,CRITICAL_DEFICIT,0
SH-KUT-1100,Kutch Sector-16 Relief Center,Kutch,Gujarat,earthquake,23.13119,70.10872,150,82,0.351,1.78,0,0.0,84.2,196.3,1.5,58.6,100.0,CRITICAL_DEFICIT,0
SH-IDU-1101,Idukki Sector-6 Relief Center,Idukki,Kerala,flood,10.23772,77.21093,500,356,0.213,1.49,1,40.6,327.8,724.6,4.2,125.4,86.93,CRITICAL_DEFICIT,0
SH-PUR-1102,Puri Sector-15 Relief Center,Puri,Odisha,cyclone,20.00744,85.86935,300,214,0.65,2.23,1,40.5,1292.7,2600.3,23.0,941.6,41.19,DEFICIT,1
SH-KAT-1103,Katihar Sector-17 Relief Center,Katihar,Bihar,flood,25.53551,87.65909,150,98,0.253,2.93,1,2.6,606.2,1360.5,9.8,236.9,21.1,BALANCED,2
SH-KAZ-1104,Kaziranga Sector-6 Relief Center,Kaziranga,Assam,flood,26.58846,93.2376,1200,212,0.403,4.25,0,25.8,1573.0,4118.2,39.5,1280.5,21.56,BALANCED,2
SH-CHA-1105,Chamoli Sector-4 Relief Center,Chamoli,Uttarakhand,earthquake,30.24997,79.44183,500,384,0.5,1.51,1,16.1,1605.6,3627.4,32.2,549.7,53.34,DEFICIT,1
SH-IDU-1106,Idukki Sector-10 Relief Center,Idukki,Kerala,flood,9.88824,76.912,300,210,0.088,2.83,1,44.8,2608.2,7385.9,23.9,2409.5,1.71,SURPLUS,3
SH-BAL-1107,Balasore Sector-3 Relief Center,Balasore,Odisha,cyclone,21.66916,86.72764,300,106,0.407,0.18,1,23.2,205.8,448.8,4.0,161.2,82.99,CRITICAL_DEFICIT,0
SH-IDU-1108,Idukki Sector-4 Relief Center,Idukki,Kerala,flood,10.1657,76.66713,300,174,0.406,1.64,1,1.8,634.4,1382.7,15.4,532.3,59.32,DEFICIT,1
SH-CHA-1109,Chamoli Sector-9 Relief Center,Chamoli,Uttarakhand,earthquake,30.34663,79.50735,150,140,0.105,0.05,1,5.7,1025.4,2091.0,16.0,797.9,19.13,BALANCED,2
SH-KAN-1110,Kangra Sector-12 Relief Center,Kangra,Himachal Pradesh,earthquake,32.16237,76.03462,1200,1063,0.116,3.07,1,34.4,3532.6,9203.3,57.0,3499.7,58.55,DEFICIT,1
SH-WAY-1111,Wayanad Sector-12 Relief Center,Wayanad,Kerala,flood,11.27591,75.95079,300,197,0.153,0.58,1,15.2,1559.1,2659.8,27.5,1106.1,23.14,BALANCED,2
SH-DAR-1112,Darbhanga Sector-10 Relief Center,Darbhanga,Bihar,flood,26.29407,86.12453,150,84,0.108,4.74,1,40.8,23.4,53.0,0.3,10.6,96.09,CRITICAL_DEFICIT,0
SH-BAL-1113,Balasore Sector-9 Relief Center,Balasore,Odisha,cyclone,21.5767,86.66473,2000,780,0.358,0.28,0,19.3,3125.7,6038.6,55.8,2111.1,78.55,CRITICAL_DEFICIT,0
SH-CHA-1114,Chamoli Sector-19 Relief Center,Chamoli,Uttarakhand,earthquake,30.55528,79.37033,300,106,0.437,0.09,1,25.2,26.7,73.2,0.6,23.1,99.09,CRITICAL_DEFICIT,0
SH-DHU-1115,Dhubri Sector-7 Relief Center,Dhubri,Assam,flood,25.8033,89.86099,300,372,0.136,2.29,1,31.4,2101.0,4405.0,39.4,2042.6,33.26,BALANCED,2
SH-DHU-1116,Dhubri Sector-7 Relief Center,Dhubri,Assam,flood,25.97343,90.59135,1200,741,0.44,0.01,0,4.7,602.4,1171.5,9.7,602.1,100.0,CRITICAL_DEFICIT,0
SH-BAL-1117,Balasore Sector-9 Relief Center,Balasore,Odisha,cyclone,21.08838,86.59194,150,24,0.175,0.84,0,4.3,37.4,63.5,0.5,36.0,100.0,CRITICAL_DEFICIT,0
SH-BAL-1118,Balasore Sector-12 Relief Center,Balasore,Odisha,cyclone,21.78708,87.16683,300,123,0.295,2.59,1,26.8,202.2,519.8,2.8,166.6,82.29,CRITICAL_DEFICIT,0
SH-PUR-1119,Puri Sector-17 Relief Center,Puri,Odisha,cyclone,19.83073,85.9146,300,62,0.221,7.58,0,5.8,130.5,266.1,2.0,100.6,95.19,CRITICAL_DEFICIT,0
SH-KAZ-1120,Kaziranga Sector-19 Relief Center,Kaziranga,Assam,flood,26.82429,93.11911,150,92,0.478,5.29,0,0.0,646.9,1840.4,12.0,401.3,25.59,BALANCED,2
SH-VIS-1121,Visakhapatnam Sector-18 Relief Center,Visakhapatnam,Andhra Pradesh,cyclone,17.91419,83.11369,300,273,0.272,3.52,0,65.6,253.7,642.0,5.4,189.1,100.0,CRITICAL_DEFICIT,0
SH-DAR-1122,Darbhanga Sector-7 Relief Center,Darbhanga,Bihar,flood,26.42582,86.04978,300,207,0.423,3.75,1,3.7,398.5,905.6,5.8,318.9,78.19,CRITICAL_DEFICIT,0
SH-KAN-1123,Kangra Sector-10 Relief Center,Kangra,Himachal Pradesh,earthquake,31.88245,76.26944,2000,491,0.44,1.68,0,39.6,372.7,688.8,6.4,139.0,100.0,CRITICAL_DEFICIT,0
SH-IDU-1124,Idukki Sector-17 Relief Center,Idukki,Kerala,flood,9.97675,77.01522,500,370,0.438,1.62,0,32.1,560.1,1488.8,7.8,463.9,99.48,CRITICAL_DEFICIT,0
SH-SOU-1125,South 24 Parganas Sector-5 Relief Center,South 24 Parganas,West Bengal,cyclone,22.38343,88.67129,2000,785,0.394,0.34,1,38.4,278.5,752.7,8.1,99.5,99.2,CRITICAL_DEFICIT,0
SH-VIS-1126,Visakhapatnam Sector-15 Relief Center,Visakhapatnam,Andhra Pradesh,cyclone,17.71287,83.66752,300,64,0.421,0.09,0,0.0,20.4,39.8,0.3,12.5,100.0,CRITICAL_DEFICIT,0
SH-DAR-1127,Darbhanga Sector-3 Relief Center,Darbhanga,Bihar,flood,26.77265,86.33024,1200,20,0.386,6.24,0,14.6,75.5,171.3,1.9,55.5,68.49,DEFICIT,1
SH-KAT-1128,Katihar Sector-14 Relief Center,Katihar,Bihar,flood,25.50759,87.54848,500,342,0.302,3.4,0,19.3,3293.5,5804.2,60.2,2287.3,26.09,BALANCED,2
SH-BAL-1129,Balasore Sector-14 Relief Center,Balasore,Odisha,cyclone,21.79221,86.93535,150,141,0.478,0.45,1,21.7,1349.0,2323.2,37.6,1201.3,13.15,BALANCED,2
SH-VIS-1130,Visakhapatnam Sector-13 Relief Center,Visakhapatnam,Andhra Pradesh,cyclone,17.95568,83.24889,150,56,0.416,0.37,1,41.3,17.2,43.6,0.3,9.1,100.0,CRITICAL_DEFICIT,0
SH-SOU-1131,South 24 Parganas Sector-18 Relief Center,South 24 Parganas,West Bengal,cyclone,22.25311,88.40235,500,415,0.373,1.46,0,17.7,635.3,1560.4,11.0,309.0,95.16,CRITICAL_DEFICIT,0
SH-KAT-1132,Katihar Sector-6 Relief Center,Katihar,Bihar,flood,25.86879,87.71936,150,152,0.182,0.89,1,4.1,152.3,385.9,2.2,118.2,90.71,CRITICAL_DEFICIT,0
SH-VIS-1133,Visakhapatnam Sector-15 Relief Center,Visakhapatnam,Andhra Pradesh,cyclone,17.78271,83.65509,300,325,0.415,4.36,1,0.0,269.3,501.9,5.5,96.2,99.02,CRITICAL_DEFICIT,0
SH-BAL-1134,Balasore Sector-7 Relief Center,Balasore,Odisha,cyclone,21.45673,87.1894,300,128,0.111,0.47,1,0.0,215.5,470.4,4.3,198.9,78.04,CRITICAL_DEFICIT,0
SH-VIS-1135,Visakhapatnam Sector-7 Relief Center,Visakhapatnam,Andhra Pradesh,cyclone,17.93176,83.20046,500,439,0.287,0.79,1,3.9,344.9,691.1,7.7,311.5,94.52,CRITICAL_DEFICIT,0
SH-CHA-1136,Chamoli Sector-8 Relief Center,Chamoli,Uttarakhand,earthquake,30.78587,79.10035,150,101,0.219,3.99,1,30.8,24.8,44.2,0.3,19.8,96.97,CRITICAL_DEFICIT,0
SH-UTT-1137,Uttarkashi Sector-5 Relief Center,Uttarkashi,Uttarakhand,earthquake,30.25274,78.39268,500,422,0.467,1.82,1,40.5,383.3,1004.9,9.4,226.2,96.17,CRITICAL_DEFICIT,0
SH-WAY-1138,Wayanad Sector-18 Relief Center,Wayanad,Kerala,flood,11.72063,76.02685,500,284,0.371,0.96,1,33.4,481.6,1140.5,12.3,334.0,82.18,CRITICAL_DEFICIT,0
SH-KUT-1139,Kutch Sector-3 Relief Center,Kutch,Gujarat,earthquake,23.4567,69.86589,500,291,0.126,1.02,1,14.2,3438.6,6068.5,76.3,2533.2,6.3,SURPLUS,3
SH-DAR-1140,Darbhanga Sector-17 Relief Center,Darbhanga,Bihar,flood,25.89467,85.86416,300,281,0.117,1.25,0,38.8,1974.3,3369.2,28.4,755.8,46.88,DEFICIT,1
SH-KAN-1141,Kangra Sector-19 Relief Center,Kangra,Himachal Pradesh,earthquake,31.78258,76.03821,300,50,0.074,1.46,1,54.5,166.6,362.1,2.7,58.7,65.6,DEFICIT,1
SH-KAT-1142,Katihar Sector-5 Relief Center,Katihar,Bihar,flood,25.23036,87.60008,300,182,0.263,4.79,1,37.2,63.9,192.1,1.3,59.1,97.3,CRITICAL_DEFICIT,0
SH-BAL-1143,Balasore Sector-10 Relief Center,Balasore,Odisha,cyclone,21.42584,86.99772,500,437,0.18,1.32,1,40.1,377.5,876.4,4.9,354.1,87.73,CRITICAL_DEFICIT,0
SH-BAL-1144,Balasore Sector-6 Relief Center,Balasore,Odisha,cyclone,21.7413,87.19555,800,687,0.273,2.24,1,10.2,5004.4,12845.7,68.1,1852.4,3.8,BALANCED,2
SH-SOU-1145,South 24 Parganas Sector-17 Relief Center,South 24 Parganas,West Bengal,cyclone,22.13978,88.38449,150,128,0.278,1.16,1,30.2,536.4,1399.6,6.4,364.5,45.94,DEFICIT,1
SH-DAR-1146,Darbhanga Sector-9 Relief Center,Darbhanga,Bihar,flood,25.76642,85.9493,1200,862,0.108,1.22,0,22.0,800.2,1742.1,15.1,335.7,100.0,CRITICAL_DEFICIT,0
SH-KUT-1147,Kutch Sector-3 Relief Center,Kutch,Gujarat,earthquake,23.593,69.75151,300,133,0.268,2.1,1,35.6,45.3,104.3,1.2,36.7,98.68,CRITICAL_DEFICIT,0
SH-UTT-1148,Uttarkashi Sector-11 Relief Center,Uttarkashi,Uttarakhand,earthquake,30.77789,78.19103,800,384,0.194,6.65,0,53.7,1660.5,3014.6,36.7,1355.3,72.41,CRITICAL_DEFICIT,0
SH-WAY-1149,Wayanad Sector-7 Relief Center,Wayanad,Kerala,flood,11.99631,76.07538,500,100,0.296,1.61,1,0.0,75.8,171.7,1.0,37.6,94.78,CRITICAL_DEFICIT,0
SH-IDU-1150,Idukki Sector-13 Relief Center,Idukki,Kerala,flood,10.03918,77.14879,300,300,0.332,10.57,0,50.8,1623.9,2803.8,20.0,1378.3,64.22,DEFICIT,1
SH-DHU-1151,Dhubri Sector-12 Relief Center,Dhubri,Assam,flood,25.81636,89.73562,500,397,0.137,3.94,0,34.8,137.4,289.6,2.6,72.4,100.0,CRITICAL_DEFICIT,0
SH-PUR-1152,Puri Sector-16 Relief Center,Puri,Odisha,cyclone,19.81358,86.13585,1200,1065,0.147,1.67,0,49.0,2086.8,4390.9,25.5,1051.3,87.86,CRITICAL_DEFICIT,0
SH-CHA-1153,Chamoli Sector-16 Relief Center,Chamoli,Uttarakhand,earthquake,30.4902,79.58336,500,556,0.471,2.41,1,55.6,518.2,950.5,10.9,184.2,99.14,CRITICAL_DEFICIT,0
SH-WAY-1154,Wayanad Sector-9 Relief Center,Wayanad,Kerala,flood,11.59664,76.25081,500,544,0.361,0.51,1,29.3,2373.7,6367.5,63.1,1450.2,48.68,DEFICIT,1
SH-BAL-1155,Balasore Sector-19 Relief Center,Balasore,Odisha,cyclone,21.17816,86.97793,1200,203,0.179,3.82,1,26.0,216.7,402.5,3.8,118.6,95.34,CRITICAL_DEFICIT,0
SH-KAT-1156,Katihar Sector-16 Relief Center,Katihar,Bihar,flood,25.49007,87.08225,300,101,0.378,0.19,1,12.9,1170.1,2896.0,33.9,636.8,7.37,SURPLUS,3
SH-PUR-1157,Puri Sector-2 Relief Center,Puri,Odisha,cyclone,20.02725,85.7828,1200,665,0.127,0.6,1,50.4,2690.1,7484.6,31.6,2065.9,47.35,DEFICIT,1
SH-BAL-1158,Balasore Sector-4 Relief Center,Balasore,Odisha,cyclone,21.2206,87.27297,800,517,0.05,0.03,1,21.2,854.2,1689.1,8.9,361.7,80.95,CRITICAL_DEFICIT,0
SH-IDU-1159,Idukki Sector-3 Relief Center,Idukki,Kerala,flood,9.77066,77.09426,150,48,0.636,4.28,1,0.0,265.5,599.1,5.6,246.7,32.62,BALANCED,2
SH-BAL-1160,Balasore Sector-18 Relief Center,Balasore,Odisha,cyclone,21.05054,87.16486,150,49,0.059,2.32,0,39.2,17.3,36.7,0.2,11.1,100.0,CRITICAL_DEFICIT,0
SH-CHA-1161,Chamoli Sector-1 Relief Center,Chamoli,Uttarakhand,earthquake,30.47807,78.95948,1200,931,0.05,3.71,0,48.6,3334.3,7173.2,28.9,1454.2,75.66,CRITICAL_DEFICIT,0
SH-UTT-1162,Uttarkashi Sector-18 Relief Center,Uttarkashi,Uttarakhand,earthquake,31.31084,78.52486,800,399,0.096,1.9,1,28.2,421.3,874.5,7.4,370.5,89.57,CRITICAL_DEFICIT,0
SH-KAZ-1163,Kaziranga Sector-12 Relief Center,Kaziranga,Assam,flood,26.6843,93.73836,2000,1519,0.149,1.3,1,33.6,465.4,1213.4,6.2,332.0,98.48,CRITICAL_DEFICIT,0
SH-VIS-1164,Visakhapatnam Sector-5 Relief Center,Visakhapatnam,Andhra Pradesh,cyclone,17.72548,83.70255,500,158,0.554,3.94,1,10.9,987.2,2711.7,24.5,389.0,24.69,BALANCED,2
SH-KAN-1165,Kangra Sector-10 Relief Center,Kangra,Himachal Pradesh,earthquake,32.0706,76.37767,300,260,0.253,4.47,0,0.0,193.5,333.2,2.9,128.9,100.0,CRITICAL_DEFICIT,0
SH-BAL-1166,Balasore Sector-7 Relief Center,Balasore,Odisha,cyclone,21.7329,86.94569,500,447,0.263,2.87,0,11.8,1774.0,5173.5,21.3,789.4,59.83,DEFICIT,1
SH-CHA-1167,Chamoli Sector-7 Relief Center,Chamoli,Uttarakhand,earthquake,30.12032,79.0144,300,150,0.325,4.27,0,3.5,124.8,225.5,3.3,94.7,100.0,CRITICAL_DEFICIT,0
SH-WAY-1168,Wayanad Sector-13 Relief Center,Wayanad,Kerala,flood,11.67295,75.91479,800,724,0.251,2.94,0,24.3,699.7,1329.5,17.9,508.0,100.0,CRITICAL_DEFICIT,0
SH-BAL-1169,Balasore Sector-6 Relief Center,Balasore,Odisha,cyclone,21.80523,86.75752,300,117,0.475,5.18,0,20.1,114.7,267.0,2.0,70.4,100.0,CRITICAL_DEFICIT,0
SH-DHU-1170,Dhubri Sector-11 Relief Center,Dhubri,Assam,flood,25.85302,90.534,300,135,0.39,4.39,0,66.2,105.0,292.2,2.4,41.5,100.0,CRITICAL_DEFICIT,0
SH-VIS-1171,Visakhapatnam Sector-3 Relief Center,Visakhapatnam,Andhra Pradesh,cyclone,18.15491,83.26351,150,123,0.408,2.57,0,33.8,385.1,1039.9,6.2,189.1,73.34,CRITICAL_DEFICIT,0
SH-CHA-1172,Chamoli Sector-5 Relief Center,Chamoli,Uttarakhand,earthquake,30.19502,79.70481,150,83,0.429,2.82,1,42.1,325.7,603.5,9.2,244.8,65.36,DEFICIT,1
SH-KAZ-1173,Kaziranga Sector-3 Relief Center,Kaziranga,Assam,flood,26.74173,93.29619,150,77,0.329,6.15,1,30.9,248.1,645.2,3.0,107.6,64.05,DEFICIT,1
SH-KAN-1174,Kangra Sector-5 Relief Center,Kangra,Himachal Pradesh,earthquake,32.35278,76.55838,150,123,0.082,7.47,0,12.5,187.1,536.3,2.0,81.8,97.34,CRITICAL_DEFICIT,0
SH-SOU-1175,South 24 Parganas Sector-18 Relief Center,South 24 Parganas,West Bengal,cyclone,21.86053,88.22432,150,131,0.57,0.46,1,14.8,265.3,545.5,5.4,226.3,86.53,CRITICAL_DEFICIT,0
SH-KAN-1176,Kangra Sector-2 Relief Center,Kangra,Himachal Pradesh,earthquake,31.99113,76.48413,300,122,0.317,0.3,1,65.4,505.6,1349.8,12.1,183.5,43.64,DEFICIT,1
SH-VIS-1177,Visakhapatnam Sector-8 Relief Center,Visakhapatnam,Andhra Pradesh,cyclone,17.73872,83.24168,300,138,0.49,5.98,0,52.2,124.0,207.4,2.5,84.6,100.0,CRITICAL_DEFICIT,0
SH-KAT-1178,Katihar Sector-18 Relief Center,Katihar,Bihar,flood,25.57568,87.701,500,358,0.124,1.37,1,4.7,337.2,887.3,7.0,187.0,92.58,CRITICAL_DEFICIT,0
SH-KAN-1179,Kangra Sector-10 Relief Center,Kangra,Himachal Pradesh,earthquake,32.26617,76.30163,300,167,0.112,4.01,0,31.7,342.2,670.1,6.7,164.7,92.85,CRITICAL_DEFICIT,0
SH-BAL-1180,Balasore Sector-1 Relief Center,Balasore,Odisha,cyclone,21.61564,86.6597,300,332,0.154,0.85,1,27.9,1452.4,3057.9,22.8,1355.1,48.3,DEFICIT,1
SH-KAT-1181,Katihar Sector-2 Relief Center,Katihar,Bihar,flood,24.99969,87.85602,150,154,0.542,5.41,1,15.5,1638.4,4955.4,37.8,1128.6,7.94,SURPLUS,3
SH-UTT-1182,Uttarkashi Sector-2 Relief Center,Uttarkashi,Uttarakhand,earthquake,30.65615,78.39656,300,35,0.101,1.97,1,45.3,107.3,190.0,1.7,77.9,67.42,DEFICIT,1
SH-KAZ-1183,Kaziranga Sector-19 Relief Center,Kaziranga,Assam,flood,26.79776,92.68699,500,364,0.151,2.65,1,1.2,1152.5,3326.8,24.0,905.7,60.05,DEFICIT,1
SH-KAZ-1184,Kaziranga Sector-3 Relief Center,Kaziranga,Assam,flood,26.27759,93.08713,300,237,0.482,4.7,1,15.0,1047.9,2540.4,22.1,536.7,47.4,DEFICIT,1
SH-IDU-1185,Idukki Sector-5 Relief Center,Idukki,Kerala,flood,9.96273,76.93077,300,47,0.114,0.5,1,23.9,35.6,60.7,0.3,22.1,90.12,CRITICAL_DEFICIT,0
SH-UTT-1186,Uttarkashi Sector-17 Relief Center,Uttarkashi,Uttarakhand,earthquake,30.65176,78.60932,500,334,0.459,4.49,1,39.6,710.6,1997.7,10.4,388.4,79.93,CRITICAL_DEFICIT,0
SH-KUT-1187,Kutch Sector-18 Relief Center,Kutch,Gujarat,earthquake,23.84941,69.75171,300,281,0.05,1.62,0,31.0,84.9,173.9,1.3,60.8,100.0,CRITICAL_DEFICIT,0
SH-WAY-1188,Wayanad Sector-4 Relief Center,Wayanad,Kerala,flood,11.7468,76.86007,500,344,0.388,0.6,1,23.7,100.3,247.8,1.4,60.1,97.65,CRITICAL_DEFICIT,0
SH-KAN-1189,Kangra Sector-1 Relief Center,Kangra,Himachal Pradesh,earthquake,31.90199,76.04873,300,247,0.341,0.19,1,46.9,266.2,801.9,4.0,200.5,86.13,CRITICAL_DEFICIT,0
SH-KAT-1190,Katihar Sector-4 Relief Center,Katihar,Bihar,flood,25.58494,87.5476,150,112,0.069,5.51,1,6.9,394.7,906.9,4.8,314.8,53.11,DEFICIT,1
SH-SOU-1191,South 24 Parganas Sector-2 Relief Center,South 24 Parganas,West Bengal,cyclone,22.32972,88.41386,500,527,0.246,0.37,1,15.5,538.4,1623.1,12.9,369.1,90.85,CRITICAL_DEFICIT,0
SH-UTT-1192,Uttarkashi Sector-7 Relief Center,Uttarkashi,Uttarakhand,earthquake,30.76323,78.23583,500,114,0.452,0.86,1,28.7,450.9,931.3,7.9,438.2,61.85,DEFICIT,1
SH-KUT-1193,Kutch Sector-4 Relief Center,Kutch,Gujarat,earthquake,24.12482,70.01128,1200,356,0.063,1.36,1,3.4,609.3,1477.3,6.8,424.9,79.84,CRITICAL_DEFICIT,0
SH-SOU-1194,South 24 Parganas Sector-14 Relief Center,South 24 Parganas,West Bengal,cyclone,22.31825,88.46785,300,96,0.26,4.17,1,7.8,166.5,452.0,2.4,163.0,74.54,CRITICAL_DEFICIT,0
SH-DAR-1195,Darbhanga Sector-6 Relief Center,Darbhanga,Bihar,flood,26.17604,86.30752,500,309,0.504,0.45,1,5.0,1691.5,3152.8,48.4,712.7,46.73,DEFICIT,1
SH-KAN-1196,Kangra Sector-13 Relief Center,Kangra,Himachal Pradesh,earthquake,31.67133,76.07622,500,156,0.191,0.23,1,36.1,1405.4,2491.5,22.9,996.3,7.91,BALANCED,2
SH-UTT-1197,Uttarkashi Sector-9 Relief Center,Uttarkashi,Uttarakhand,earthquake,30.4565,78.73979,150,95,0.087,1.36,1,48.5,98.5,276.5,1.5,55.2,85.53,CRITICAL_DEFICIT,0
SH-DAR-1198,Darbhanga Sector-8 Relief Center,Darbhanga,Bihar,flood,26.29372,86.10915,300,28,0.411,1.74,1,37.9,30.2,58.8,0.8,14.9,92.42,CRITICAL_DEFICIT,0
SH-SOU-1199,South 24 Parganas Sector-4 Relief Center,South 24 Parganas,West Bengal,cyclone,22.23363,88.53846,150,131,0.083,1.35,1,17.2,31.5,91.1,0.4,19.4,97.86,CRITICAL_DEFICIT,0
SH-KAT-1200,Katihar Sector-1 Relief Center,Katihar,Bihar,flood,25.30772,87.67182,300,66,0.227,1.32,1,9.7,122.1,276.8,2.9,63.9,76.45,CRITICAL_DEFICIT,0
SH-KAT-1201,Katihar Sector-10 Relief Center,Katihar,Bihar,flood,25.63435,87.68147,500,432,0.246,2.24,1,23.4,399.9,951.7,8.9,380.7,87.39,CRITICAL_DEFICIT,0
SH-UTT-1202,Uttarkashi Sector-19 Relief Center,Uttarkashi,Uttarakhand,earthquake,30.57046,78.47126,800,247,0.5,0.29,1,8.7,71.0,165.9,1.2,56.1,100.0,CRITICAL_DEFICIT,0
SH-UTT-1203,Uttarkashi Sector-5 Relief Center,Uttarkashi,Uttarakhand,earthquake,30.79214,78.70487,800,343,0.05,2.3,1,33.8,736.4,2064.0,9.8,548.1,68.67,CRITICAL_DEFICIT,0
SH-KAT-1204,Katihar Sector-12 Relief Center,Katihar,Bihar,flood,25.91777,87.39494,150,47,0.211,4.26,0,62.4,89.5,184.7,2.0,71.7,93.61,CRITICAL_DEFICIT,0
SH-KUT-1205,Kutch Sector-11 Relief Center,Kutch,Gujarat,earthquake,23.83437,69.63246,150,108,0.452,3.59,0,24.8,368.7,1065.5,6.5,141.7,73.42,CRITICAL_DEFICIT,0
SH-CHA-1206,Chamoli Sector-12 Relief Center,Chamoli,Uttarakhand,earthquake,30.22682,79.67378,500,22,0.375,2.32,1,8.7,7.5,20.1,0.1,6.6,99.2,CRITICAL_DEFICIT,0
SH-KAT-1207,Katihar Sector-4 Relief Center,Katihar,Bihar,flood,25.67763,87.82691,800,852,0.478,2.0,1,33.2,2836.7,7913.2,45.3,2122.2,62.06,DEFICIT,1
SH-WAY-1208,Wayanad Sector-17 Relief Center,Wayanad,Kerala,flood,11.12427,76.24254,500,67,0.483,3.6,1,24.0,98.2,292.0,1.7,68.0,87.27,CRITICAL_DEFICIT,0
SH-UTT-1209,Uttarkashi Sector-12 Relief Center,Uttarkashi,Uttarakhand,earthquake,30.59558,78.19172,500,491,0.269,1.19,1,27.0,6112.6,17079.7,93.0,2128.9,1.14,SURPLUS,3
SH-UTT-1210,Uttarkashi Sector-4 Relief Center,Uttarkashi,Uttarakhand,earthquake,30.89922,78.45664,300,252,0.147,2.75,1,20.6,254.6,584.8,4.1,206.6,85.46,CRITICAL_DEFICIT,0
SH-KUT-1211,Kutch Sector-15 Relief Center,Kutch,Gujarat,earthquake,23.32318,69.76042,500,415,0.167,1.76,1,23.4,130.8,285.9,1.6,53.8,98.2,CRITICAL_DEFICIT,0
SH-KAN-1212,Kangra Sector-17 Relief Center,Kangra,Himachal Pradesh,earthquake,32.14616,76.67941,500,279,0.235,5.77,0,17.8,455.9,1373.3,5.4,287.8,98.13,CRITICAL_DEFICIT,0
SH-UTT-1213,Uttarkashi Sector-3 Relief Center,Uttarkashi,Uttarakhand,earthquake,30.90053,78.31021,500,167,0.206,1.39,1,8.2,292.2,607.9,6.9,160.6,83.51,CRITICAL_DEFICIT,0
SH-KUT-1214,Kutch Sector-9 Relief Center,Kutch,Gujarat,earthquake,23.60881,69.76217,150,21,0.3,5.57,0,30.3,71.8,181.6,1.2,45.5,74.01,CRITICAL_DEFICIT,0
SH-CHA-1215,Chamoli Sector-7 Relief Center,Chamoli,Uttarakhand,earthquake,30.38803,79.38191,300,132,0.458,1.75,1,25.6,36.1,91.4,0.6,32.0,100.0,CRITICAL_DEFICIT,0
SH-KAZ-1216,Kaziranga Sector-13 Relief Center,Kaziranga,Assam,flood,27.00916,93.55689,150,69,0.098,1.45,1,0.0,18.8,39.1,0.3,15.9,95.34,CRITICAL_DEFICIT,0
SH-KAT-1217,Katihar Sector-2 Relief Center,Katihar,Bihar,flood,25.48444,87.85642,2000,1023,0.236,1.47,1,51.9,7846.7,21451.1,86.6,7385.7,0.65,SURPLUS,3
SH-KAT-1218,Katihar Sector-18 Relief Center,Katihar,Bihar,flood,25.36957,87.68573,300,161,0.05,2.96,1,0.0,145.8,369.9,2.9,129.6,91.79,CRITICAL_DEFICIT,0
SH-CHA-1219,Chamoli Sector-17 Relief Center,Chamoli,Uttarakhand,earthquake,30.46375,79.43198,300,153,0.279,0.54,1,0.0,163.1,360.7,3.6,74.4,95.07,CRITICAL_DEFICIT,0
SH-CHA-1220,Chamoli Sector-14 Relief Center,Chamoli,Uttarakhand,earthquake,30.53791,79.75664,150,87,0.462,2.55,0,24.8,70.6,186.4,2.0,41.0,100.0,CRITICAL_DEFICIT,0
SH-UTT-1221,Uttarkashi Sector-1 Relief Center,Uttarkashi,Uttarakhand,earthquake,30.5318,78.33068,150,99,0.346,3.56,0,36.6,152.2,359.4,2.0,69.5,94.36,CRITICAL_DEFICIT,0
SH-KAT-1222,Katihar Sector-13 Relief Center,Katihar,Bihar,flood,25.75793,87.62326,150,137,0.144,1.75,0,62.8,47.0,102.1,1.1,19.4,100.0,CRITICAL_DEFICIT,0
SH-KAT-1223,Katihar Sector-3 Relief Center,Katihar,Bihar,flood,25.49501,87.41744,2000,2425,0.105,0.64,1,41.8,2519.3,7614.4,25.0,1671.6,86.83,CRITICAL_DEFICIT,0
SH-UTT-1224,Uttarkashi Sector-5 Relief Center,Uttarkashi,Uttarakhand,earthquake,30.8226,78.625,500,370,0.129,4.93,0,31.9,108.7,274.3,1.0,79.5,100.0,CRITICAL_DEFICIT,0
SH-CHA-1225,Chamoli Sector-12 Relief Center,Chamoli,Uttarakhand,earthquake,30.5734,79.00206,150,183,0.176,2.02,1,0.0,51.7,132.6,1.0,33.4,97.32,CRITICAL_DEFICIT,0
SH-CHA-1226,Chamoli Sector-6 Relief Center,Chamoli,Uttarakhand,earthquake,30.6069,79.62501,150,20,0.65,0.38,1,16.5,158.6,353.7,5.6,70.0,1.77,SURPLUS,3
SH-CHA-1227,Chamoli Sector-4 Relief Center,Chamoli,Uttarakhand,earthquake,30.2177,79.05219,150,143,0.403,3.55,0,20.2,225.7,415.6,4.0,80.1,100.0,CRITICAL_DEFICIT,0
SH-IDU-1228,Idukki Sector-2 Relief Center,Idukki,Kerala,flood,9.5535,76.686,800,387,0.218,9.76,0,26.7,1640.6,3158.2,26.4,1247.8,71.45,CRITICAL_DEFICIT,0
SH-KAT-1229,Katihar Sector-15 Relief Center,Katihar,Bihar,flood,25.71834,87.86875,300,292,0.65,0.86,0,22.5,2287.2,5981.5,64.5,1190.4,20.21,SURPLUS,3
SH-SOU-1230,South 24 Parganas Sector-4 Relief Center,South 24 Parganas,West Bengal,cyclone,21.94172,88.97314,300,371,0.143,0.52,1,25.5,91.4,164.7,1.4,71.2,100.0,CRITICAL_DEFICIT,0
SH-DAR-1231,Darbhanga Sector-13 Relief Center,Darbhanga,Bihar,flood,26.1807,86.40128,800,407,0.551,0.51,1,26.1,394.0,643.7,6.2,244.9,94.4,CRITICAL_DEFICIT,0
SH-IDU-1232,Idukki Sector-17 Relief Center,Idukki,Kerala,flood,9.51862,76.89436,300,204,0.23,0.24,1,33.6,646.4,1771.8,7.2,406.4,54.19,DEFICIT,1
SH-SOU-1233,South 24 Parganas Sector-14 Relief Center,South 24 Parganas,West Bengal,cyclone,22.71285,88.35089,150,20,0.106,0.2,0,0.0,6.3,13.6,0.1,2.3,100.0,CRITICAL_DEFICIT,0
SH-VIS-1234,Visakhapatnam Sector-7 Relief Center,Visakhapatnam,Andhra Pradesh,cyclone,17.86618,82.97043,150,85,0.41,1.24,1,49.5,165.9,392.8,4.1,92.7,71.4,CRITICAL_DEFICIT,0
SH-DAR-1235,Darbhanga Sector-14 Relief Center,Darbhanga,Bihar,flood,26.31595,85.78803,150,41,0.525,4.91,0,11.8,32.2,54.3,1.0,22.1,100.0,CRITICAL_DEFICIT,0
SH-KUT-1236,Kutch Sector-12 Relief Center,Kutch,Gujarat,earthquake,23.70398,69.29481,800,633,0.397,0.08,1,34.1,516.6,1292.9,14.9,399.6,87.7,CRITICAL_DEFICIT,0
SH-VIS-1237,Visakhapatnam Sector-6 Relief Center,Visakhapatnam,Andhra Pradesh,cyclone,17.79918,82.83169,150,39,0.262,4.58,0,21.2,39.9,87.9,0.9,18.7,100.0,CRITICAL_DEFICIT,0
SH-UTT-1238,Uttarkashi Sector-9 Relief Center,Uttarkashi,Uttarakhand,earthquake,30.58617,78.56533,150,31,0.537,4.61,1,10.7,45.1,77.4,1.2,41.5,88.37,CRITICAL_DEFICIT,0
SH-KAT-1239,Katihar Sector-9 Relief Center,Katihar,Bihar,flood,25.54787,87.32601,1200,453,0.402,2.97,1,45.2,454.1,775.4,11.7,397.7,97.7,CRITICAL_DEFICIT,0
SH-DAR-1240,Darbhanga Sector-14 Relief Center,Darbhanga,Bihar,flood,26.16586,86.24239,300,311,0.05,1.26,0,38.7,485.1,1013.4,8.6,217.4,98.79,CRITICAL_DEFICIT,0
SH-DAR-1241,Darbhanga Sector-12 Relief Center,Darbhanga,Bihar,flood,26.6067,85.6882,300,268,0.208,0.69,1,75.4,399.7,1152.1,5.2,246.5,87.61,CRITICAL_DEFICIT,0
SH-SOU-1242,South 24 Parganas Sector-12 Relief Center,South 24 Parganas,West Bengal,cyclone,21.61497,88.53222,500,344,0.089,2.97,1,37.7,311.9,825.4,4.0,129.3,87.39,CRITICAL_DEFICIT,0
SH-KAZ-1243,Kaziranga Sector-2 Relief Center,Kaziranga,Assam,flood,26.75353,93.50661,500,325,0.137,1.01,1,0.0,566.2,1187.1,6.2,371.6,82.16,CRITICAL_DEFICIT,0
SH-KAN-1244,Kangra Sector-19 Relief Center,Kangra,Himachal Pradesh,earthquake,32.27532,76.17241,300,298,0.323,1.93,0,2.1,243.1,717.3,4.6,208.9,98.29,CRITICAL_DEFICIT,0
SH-KAZ-1245,Kaziranga Sector-19 Relief Center,Kaziranga,Assam,flood,26.35817,93.39869,300,155,0.403,1.32,1,22.6,1618.5,4509.3,42.1,1254.6,4.01,SURPLUS,3
SH-PUR-1246,Puri Sector-12 Relief Center,Puri,Odisha,cyclone,19.92224,86.12529,300,259,0.395,1.52,0,28.6,1054.3,2943.1,15.2,828.3,68.01,DEFICIT,1
SH-IDU-1247,Idukki Sector-14 Relief Center,Idukki,Kerala,flood,9.67518,76.98552,300,127,0.421,1.7,0,33.5,118.6,211.4,1.8,108.7,100.0,CRITICAL_DEFICIT,0
SH-SOU-1248,South 24 Parganas Sector-18 Relief Center,South 24 Parganas,West Bengal,cyclone,21.86148,89.0144,800,846,0.248,1.1,1,12.3,6533.1,14447.7,130.3,4973.7,5.8,BALANCED,2
SH-BAL-1249,Balasore Sector-4 Relief Center,Balasore,Odisha,cyclone,21.90811,87.41566,300,199,0.05,2.12,1,18.2,173.4,477.6,2.0,158.6,89.84,CRITICAL_DEFICIT,0
SH-DAR-1250,Darbhanga Sector-5 Relief Center,Darbhanga,Bihar,flood,26.34398,86.0238,300,273,0.05,0.94,1,18.9,244.7,723.9,3.2,186.0,86.91,CRITICAL_DEFICIT,0
SH-SOU-1251,South 24 Parganas Sector-16 Relief Center,South 24 Parganas,West Bengal,cyclone,22.11214,88.66204,500,331,0.277,0.76,0,13.0,279.2,533.8,5.3,250.1,100.0,CRITICAL_DEFICIT,0
SH-CHA-1252,Chamoli Sector-11 Relief Center,Chamoli,Uttarakhand,earthquake,30.44268,79.55274,1200,258,0.409,4.62,1,40.0,1825.4,4062.8,43.1,1097.5,14.72,BALANCED,2
SH-CHA-1253,Chamoli Sector-15 Relief Center,Chamoli,Uttarakhand,earthquake,30.73486,79.85925,300,146,0.194,0.54,1,46.6,149.8,394.6,2.7,51.9,90.75,CRITICAL_DEFICIT,0
SH-UTT-1254,Uttarkashi Sector-11 Relief Center,Uttarkashi,Uttarakhand,earthquake,30.57381,78.47443,500,356,0.521,4.07,1,4.3,374.4,1099.1,8.5,136.7,89.03,CRITICAL_DEFICIT,0
SH-KAT-1255,Katihar Sector-9 Relief Center,Katihar,Bihar,flood,25.35,87.61163,500,186,0.305,1.41,1,45.2,326.3,769.2,7.9,251.4,82.04,CRITICAL_DEFICIT,0
SH-SOU-1256,South 24 Parganas Sector-12 Relief Center,South 24 Parganas,West Bengal,cyclone,21.93789,88.51593,300,130,0.459,1.18,1,23.1,202.3,530.0,4.8,103.9,84.54,CRITICAL_DEFICIT,0
SH-KAZ-1257,Kaziranga Sector-8 Relief Center,Kaziranga,Assam,flood,26.6167,93.13613,500,387,0.246,7.48,1,27.7,617.2,1751.6,13.5,351.2,78.77,CRITICAL_DEFICIT,0
SH-BAL-1258,Balasore Sector-7 Relief Center,Balasore,Odisha,cyclone,21.63388,87.03795,800,564,0.317,1.33,1,27.9,3445.8,7549.4,61.4,1702.7,25.21,BALANCED,2
SH-WAY-1259,Wayanad Sector-6 Relief Center,Wayanad,Kerala,flood,11.43561,75.99054,300,138,0.313,0.31,1,0.0,102.7,214.7,1.3,82.4,90.17,CRITICAL_DEFICIT,0
SH-PUR-1260,Puri Sector-13 Relief Center,Puri,Odisha,cyclone,19.55573,85.77129,2000,1262,0.319,2.5,1,31.2,14765.6,40121.0,257.5,5004.5,4.45,SURPLUS,3
SH-CHA-1261,Chamoli Sector-1 Relief Center,Chamoli,Uttarakhand,earthquake,30.41304,79.1123,300,200,0.107,1.71,1,56.3,654.7,1430.4,13.9,257.0,58.02,DEFICIT,1
SH-VIS-1262,Visakhapatnam Sector-7 Relief Center,Visakhapatnam,Andhra Pradesh,cyclone,17.73676,83.01956,300,149,0.65,1.1,1,24.9,142.5,235.2,4.1,120.9,97.56,CRITICAL_DEFICIT,0
SH-KAT-1263,Katihar Sector-5 Relief Center,Katihar,Bihar,flood,25.44883,87.77012,500,281,0.05,2.71,1,8.8,2694.3,5106.6,37.5,1805.0,4.69,SURPLUS,3
SH-KUT-1264,Kutch Sector-16 Relief Center,Kutch,Gujarat,earthquake,23.48085,69.71551,1200,547,0.127,1.31,1,46.7,1973.0,5792.3,26.5,1766.9,56.01,DEFICIT,1
SH-DAR-1265,Darbhanga Sector-6 Relief Center,Darbhanga,Bihar,flood,26.26358,86.14896,500,261,0.285,2.01,1,46.6,74.4,180.8,1.6,68.2,100.0,CRITICAL_DEFICIT,0
SH-KUT-1266,Kutch Sector-9 Relief Center,Kutch,Gujarat,earthquake,23.98522,70.27612,150,101,0.543,2.8,1,0.0,32.5,81.6,0.9,16.5,95.49,CRITICAL_DEFICIT,0
SH-PUR-1267,Puri Sector-19 Relief Center,Puri,Odisha,cyclone,19.88231,85.79173,150,81,0.26,1.79,1,14.8,76.9,143.1,1.7,55.4,92.35,CRITICAL_DEFICIT,0
SH-WAY-1268,Wayanad Sector-19 Relief Center,Wayanad,Kerala,flood,11.86075,76.23318,300,114,0.434,0.93,1,14.7,412.5,711.1,9.7,173.3,73.87,CRITICAL_DEFICIT,0
SH-IDU-1269,Idukki Sector-5 Relief Center,Idukki,Kerala,flood,9.9414,77.14122,500,103,0.251,6.95,0,19.7,1238.1,2970.1,26.6,1208.9,21.52,SURPLUS,3
SH-KAT-1270,Katihar Sector-8 Relief Center,Katihar,Bihar,flood,25.62128,87.66152,150,185,0.05,1.75,1,44.6,151.3,336.0,2.2,113.5,87.61,CRITICAL_DEFICIT,0
SH-KAN-1271,Kangra Sector-12 Relief Center,Kangra,Himachal Pradesh,earthquake,32.08,76.40962,300,291,0.629,4.44,0,0.0,1243.0,3336.9,43.5,892.0,68.82,DEFICIT,1
SH-DHU-1272,Dhubri Sector-6 Relief Center,Dhubri,Assam,flood,26.0823,90.11216,300,189,0.243,1.4,1,13.5,164.3,338.1,3.3,78.6,88.12,CRITICAL_DEFICIT,0
SH-SOU-1273,South 24 Parganas Sector-9 Relief Center,South 24 Parganas,West Bengal,cyclone,22.49294,88.26536,800,623,0.126,1.63,0,38.4,624.6,1866.0,12.9,397.1,100.0,CRITICAL_DEFICIT,0
SH-KAN-1274,Kangra Sector-15 Relief Center,Kangra,Himachal Pradesh,earthquake,32.25151,76.32007,800,693,0.342,1.33,1,61.3,2385.8,6642.4,29.4,1436.9,57.45,DEFICIT,1
SH-PUR-1275,Puri Sector-17 Relief Center,Puri,Odisha,cyclone,19.82906,85.32324,150,159,0.253,0.02,1,11.1,298.3,892.4,7.6,204.2,83.98,CRITICAL_DEFICIT,0
SH-WAY-1276,Wayanad Sector-9 Relief Center,Wayanad,Kerala,flood,11.77173,76.52628,300,67,0.34,0.85,1,58.4,69.3,162.1,1.1,40.8,91.18,CRITICAL_DEFICIT,0
SH-KAZ-1277,Kaziranga Sector-8 Relief Center,Kaziranga,Assam,flood,26.56356,92.63295,300,344,0.29,1.18,1,13.9,313.5,915.0,6.3,114.7,88.87,CRITICAL_DEFICIT,0
SH-CHA-1278,Chamoli Sector-18 Relief Center,Chamoli,Uttarakhand,earthquake,30.46777,79.22857,500,543,0.16,1.87,1,12.3,482.3,1413.7,9.3,462.0,91.41,CRITICAL_DEFICIT,0
SH-CHA-1279,Chamoli Sector-7 Relief Center,Chamoli,Uttarakhand,earthquake,30.35932,79.4011,800,461,0.573,1.66,1,43.8,443.2,1153.7,7.8,305.2,90.44,CRITICAL_DEFICIT,0
SH-IDU-1280,Idukki Sector-6 Relief Center,Idukki,Kerala,flood,9.95453,76.7576,500,413,0.178,1.36,0,34.0,734.7,1939.0,9.6,631.6,90.33,CRITICAL_DEFICIT,0
SH-KUT-1281,Kutch Sector-17 Relief Center,Kutch,Gujarat,earthquake,23.68484,69.85668,2000,2040,0.149,2.02,1,34.2,4158.5,11658.4,72.7,3139.7,76.17,CRITICAL_DEFICIT,0
SH-KUT-1282,Kutch Sector-1 Relief Center,Kutch,Gujarat,earthquake,23.38508,69.84713,500,164,0.371,2.39,0,29.9,349.9,961.1,8.4,130.7,91.62,CRITICAL_DEFICIT,0
SH-WAY-1283,Wayanad Sector-5 Relief Center,Wayanad,Kerala,flood,11.61423,76.05578,300,289,0.171,4.24,1,23.2,244.3,576.8,5.5,201.2,91.81,CRITICAL_DEFICIT,0
SH-PUR-1284,Puri Sector-14 Relief Center,Puri,Odisha,cyclone,19.78319,85.9375,300,200,0.397,0.98,1,50.2,2101.3,3924.1,51.2,1760.6,4.36,SURPLUS,3
SH-KAN-1285,Kangra Sector-16 Relief Center,Kangra,Himachal Pradesh,earthquake,31.54414,75.75455,300,265,0.122,1.04,1,0.0,282.9,767.7,2.7,274.8,84.32,CRITICAL_DEFICIT,0
SH-KAZ-1286,Kaziranga Sector-5 Relief Center,Kaziranga,Assam,flood,26.31378,92.96411,150,104,0.181,2.51,1,64.6,27.8,80.1,0.4,24.1,98.53,CRITICAL_DEFICIT,0
SH-BAL-1287,Balasore Sector-8 Relief Center,Balasore,Odisha,cyclone,21.49353,86.76606,300,335,0.378,6.7,0,17.6,1195.1,2374.8,33.2,471.8,81.4,CRITICAL_DEFICIT,0
SH-IDU-1288,Idukki Sector-6 Relief Center,Idukki,Kerala,flood,9.81019,77.32663,150,147,0.135,4.11,1,33.5,45.7,122.2,0.9,37.1,97.24,CRITICAL_DEFICIT,0
SH-KAT-1289,Katihar Sector-7 Relief Center,Katihar,Bihar,flood,25.63328,87.52227,150,32,0.521,3.87,1,10.1,134.9,313.9,3.4,119.3,47.55,DEFICIT,1
SH-CHA-1290,Chamoli Sector-4 Relief Center,Chamoli,Uttarakhand,earthquake,30.3746,79.58927,1200,337,0.25,6.04,1,35.4,3765.2,9443.4,59.1,1306.3,1.35,SURPLUS,3
SH-IDU-1291,Idukki Sector-17 Relief Center,Idukki,Kerala,flood,9.70741,77.29019,800,830,0.428,2.53,1,39.8,6456.0,11909.3,94.1,3419.9,29.53,BALANCED,2
SH-PUR-1292,Puri Sector-6 Relief Center,Puri,Odisha,cyclone,20.1314,85.91684,150,147,0.376,0.95,1,0.1,468.3,1386.7,6.6,450.7,60.85,DEFICIT,1
SH-PUR-1293,Puri Sector-11 Relief Center,Puri,Odisha,cyclone,19.68339,86.00417,150,105,0.197,2.33,0,0.0,105.3,182.6,2.5,64.4,100.0,CRITICAL_DEFICIT,0
SH-CHA-1294,Chamoli Sector-18 Relief Center,Chamoli,Uttarakhand,earthquake,30.42404,79.8164,500,420,0.101,0.17,1,11.4,5149.9,9587.9,82.7,3623.9,3.07,SURPLUS,3
SH-KUT-1295,Kutch Sector-15 Relief Center,Kutch,Gujarat,earthquake,24.019,69.84507,500,531,0.359,0.63,1,35.3,508.9,898.9,6.5,355.8,96.24,CRITICAL_DEFICIT,0
SH-UTT-1296,Uttarkashi Sector-19 Relief Center,Uttarkashi,Uttarakhand,earthquake,30.80022,78.02999,300,164,0.554,1.85,1,33.7,41.5,116.8,0.7,14.9,100.0,CRITICAL_DEFICIT,0
SH-WAY-1297,Wayanad Sector-8 Relief Center,Wayanad,Kerala,flood,11.69535,75.91035,300,189,0.194,1.69,1,4.1,167.5,400.7,2.1,134.8,94.87,CRITICAL_DEFICIT,0
SH-PUR-1298,Puri Sector-11 Relief Center,Puri,Odisha,cyclone,19.60792,85.68839,150,161,0.298,1.05,0,2.3,277.4,597.8,5.9,124.8,96.75,CRITICAL_DEFICIT,0
SH-DHU-1299,Dhubri Sector-17 Relief Center,Dhubri,Assam,flood,26.40844,90.15973,150,20,0.236,11.32,1,1.3,170.2,449.9,2.5,148.7,0.67,SURPLUS,3
SH-CHA-1300,Chamoli Sector-19 Relief Center,Chamoli,Uttarakhand,earthquake,30.51325,79.40629,300,107,0.398,2.34,0,31.5,92.5,216.0,1.6,59.3,100.0,CRITICAL_DEFICIT,0
SH-KAT-1301,Katihar Sector-10 Relief Center,Katihar,Bihar,flood,25.67315,87.24812,150,158,0.416,3.38,0,25.2,165.1,446.9,3.6,161.3,100.0,CRITICAL_DEFICIT,0
SH-UTT-1302,Uttarkashi Sector-10 Relief Center,Uttarkashi,Uttarakhand,earthquake,30.56129,78.36525,150,50,0.635,3.77,0,44.1,74.3,148.4,1.9,29.9,100.0,CRITICAL_DEFICIT,0
SH-PUR-1303,Puri Sector-2 Relief Center,Puri,Odisha,cyclone,19.98348,85.61683,800,785,0.161,0.97,0,53.2,1565.6,4205.5,29.2,1563.2,92.42,CRITICAL_DEFICIT,0
SH-KAT-1304,Katihar Sector-9 Relief Center,Katihar,Bihar,flood,26.40478,87.29892,300,264,0.096,3.81,1,33.2,73.1,123.0,1.1,43.6,93.1,CRITICAL_DEFICIT,0
SH-DHU-1305,Dhubri Sector-6 Relief Center,Dhubri,Assam,flood,26.14798,90.11407,500,339,0.331,0.39,1,36.1,1150.2,2601.6,16.6,903.2,57.66,DEFICIT,1
SH-UTT-1306,Uttarkashi Sector-16 Relief Center,Uttarkashi,Uttarakhand,earthquake,31.06561,78.49998,500,407,0.282,5.85,1,6.3,4803.7,13774.0,122.4,4013.4,2.46,SURPLUS,3
SH-DHU-1307,Dhubri Sector-16 Relief Center,Dhubri,Assam,flood,26.3753,89.80792,150,99,0.274,4.63,1,19.7,26.6,55.7,0.5,11.2,95.9,CRITICAL_DEFICIT,0
SH-KAZ-1308,Kaziranga Sector-11 Relief Center,Kaziranga,Assam,flood,26.50397,93.46931,1200,1184,0.367,1.38,1,38.3,2008.4,5509.3,46.0,1593.0,78.53,CRITICAL_DEFICIT,0
SH-VIS-1309,Visakhapatnam Sector-13 Relief Center,Visakhapatnam,Andhra Pradesh,cyclone,17.83057,82.88546,300,176,0.077,2.0,1,3.0,1798.3,4408.0,36.3,1785.4,5.04,SURPLUS,3
SH-KAT-1310,Katihar Sector-15 Relief Center,Katihar,Bihar,flood,25.12814,87.29077,500,368,0.646,2.05,0,13.9,355.8,891.4,10.4,293.4,100.0,CRITICAL_DEFICIT,0
SH-CHA-1311,Chamoli Sector-18 Relief Center,Chamoli,Uttarakhand,earthquake,30.14426,79.17342,300,140,0.226,0.9,0,34.9,112.4,266.9,1.4,97.2,100.0,CRITICAL_DEFICIT,0
SH-DAR-1312,Darbhanga Sector-7 Relief Center,Darbhanga,Bihar,flood,26.33606,85.79585,150,84,0.37,0.52,0,44.8,307.3,873.8,4.5,275.7,75.9,CRITICAL_DEFICIT,0
SH-CHA-1313,Chamoli Sector-17 Relief Center,Chamoli,Uttarakhand,earthquake,30.58574,79.53006,300,181,0.533,0.34,0,29.7,1392.5,3648.5,32.5,839.9,19.43,SURPLUS,3
SH-WAY-1314,Wayanad Sector-6 Relief Center,Wayanad,Kerala,flood,11.64582,76.13862,800,692,0.232,0.46,0,30.0,2819.5,5805.4,59.4,2274.0,64.66,DEFICIT,1
SH-KUT-1315,Kutch Sector-9 Relief Center,Kutch,Gujarat,earthquake,24.01979,69.9632,150,21,0.123,1.16,1,30.6,32.8,85.4,0.6,21.4,81.3,CRITICAL_DEFICIT,0
SH-KUT-1316,Kutch Sector-11 Relief Center,Kutch,Gujarat,earthquake,23.53373,69.88437,500,226,0.141,1.28,1,40.6,448.7,1135.5,6.2,253.2,75.85,CRITICAL_DEFICIT,0
SH-PUR-1317,Puri Sector-11 Relief Center,Puri,Odisha,cyclone,20.20816,85.62466,2000,2036,0.149,4.32,0,4.9,518.8,1497.9,10.6,334.8,100.0,CRITICAL_DEFICIT,0
SH-KAT-1318,Katihar Sector-7 Relief Center,Katihar,Bihar,flood,25.65223,87.85576,150,20,0.147,0.6,1,11.8,32.1,65.6,0.5,18.1,87.3,CRITICAL_DEFICIT,0
SH-SOU-1319,South 24 Parganas Sector-5 Relief Center,South 24 Parganas,West Bengal,cyclone,21.9554,88.76876,800,362,0.071,2.65,1,26.6,103.8,173.3,2.0,36.0,100.0,CRITICAL_DEFICIT,0
SH-DAR-1320,Darbhanga Sector-6 Relief Center,Darbhanga,Bihar,flood,26.70007,86.20509,800,468,0.245,2.72,1,36.0,1546.3,2630.6,19.1,1382.7,66.46,DEFICIT,1
SH-UTT-1321,Uttarkashi Sector-14 Relief Center,Uttarkashi,Uttarakhand,earthquake,30.49011,77.96755,800,963,0.05,0.77,1,23.7,5716.9,16714.3,92.6,5690.5,24.01,BALANCED,2
SH-KAZ-1322,Kaziranga Sector-17 Relief Center,Kaziranga,Assam,flood,26.8785,93.41362,150,98,0.378,5.52,0,21.3,34.9,69.8,0.6,15.1,100.0,CRITICAL_DEFICIT,0
SH-KAZ-1323,Kaziranga Sector-17 Relief Center,Kaziranga,Assam,flood,26.24158,93.19914,150,28,0.117,4.12,0,5.9,8.1,24.3,0.2,5.9,100.0,CRITICAL_DEFICIT,0
SH-BAL-1324,Balasore Sector-4 Relief Center,Balasore,Odisha,cyclone,21.50846,87.18022,500,295,0.266,1.72,0,23.9,446.4,1113.8,11.6,159.1,96.62,CRITICAL_DEFICIT,0
SH-UTT-1325,Uttarkashi Sector-19 Relief Center,Uttarkashi,Uttarakhand,earthquake,30.87775,78.69857,300,185,0.477,6.86,1,13.4,166.1,283.0,2.4,110.3,96.36,CRITICAL_DEFICIT,0
SH-CHA-1326,Chamoli Sector-3 Relief Center,Chamoli,Uttarakhand,earthquake,29.95401,79.36009,150,56,0.223,0.04,0,24.7,41.1,91.0,0.9,25.8,100.0,CRITICAL_DEFICIT,0
SH-WAY-1327,Wayanad Sector-8 Relief Center,Wayanad,Kerala,flood,12.09162,76.46946,150,48,0.312,0.68,0,45.8,35.0,60.3,0.8,29.3,100.0,CRITICAL_DEFICIT,0
SH-KAZ-1328,Kaziranga Sector-15 Relief Center,Kaziranga,Assam,flood,26.48757,92.89184,500,99,0.166,6.04,0,12.7,169.5,376.3,3.6,167.2,95.59,CRITICAL_DEFICIT,0
SH-UTT-1329,Uttarkashi Sector-19 Relief Center,Uttarkashi,Uttarakhand,earthquake,30.57604,78.75077,300,380,0.137,2.53,0,8.5,2935.0,6513.5,36.5,1588.5,21.94,BALANCED,2
SH-BAL-1330,Balasore Sector-17 Relief Center,Balasore,Odisha,cyclone,21.55994,87.47931,2000,1672,0.496,6.31,1,3.2,15564.4,46561.6,373.8,11953.6,8.8,SURPLUS,3
SH-SOU-1331,South 24 Parganas Sector-12 Relief Center,South 24 Parganas,West Bengal,cyclone,21.7431,88.51725,2000,1131,0.29,2.86,1,30.1,6382.7,12535.6,82.2,2569.2,46.02,DEFICIT,1
SH-KUT-1332,Kutch Sector-14 Relief Center,Kutch,Gujarat,earthquake,23.79614,70.20807,300,317,0.125,1.74,0,11.0,290.7,733.8,4.6,119.6,100.0,CRITICAL_DEFICIT,0
SH-UTT-1333,Uttarkashi Sector-6 Relief Center,Uttarkashi,Uttarakhand,earthquake,30.85176,78.18076,150,113,0.614,0.36,0,32.1,166.7,408.5,3.2,56.3,100.0,CRITICAL_DEFICIT,0
SH-PUR-1334,Puri Sector-8 Relief Center,Puri,Odisha,cyclone,19.92885,85.83683,1200,1010,0.174,0.57,0,29.5,846.0,2468.7,8.7,391.4,100.0,CRITICAL_DEFICIT,0
SH-KAN-1335,Kangra Sector-16 Relief Center,Kangra,Himachal Pradesh,earthquake,31.93347,76.36317,1200,806,0.195,0.29,1,46.3,267.6,772.4,3.7,231.0,96.02,CRITICAL_DEFICIT,0
SH-VIS-1336,Visakhapatnam Sector-4 Relief Center,Visakhapatnam,Andhra Pradesh,cyclone,17.49711,82.89708,1200,463,0.535,0.54,0,15.9,398.9,817.9,10.7,159.9,100.0,CRITICAL_DEFICIT,0
SH-DAR-1337,Darbhanga Sector-11 Relief Center,Darbhanga,Bihar,flood,26.08553,85.85818,800,603,0.088,5.86,0,39.5,1181.8,3057.3,23.1,1000.7,87.61,CRITICAL_DEFICIT,0
SH-VIS-1338,Visakhapatnam Sector-13 Relief Center,Visakhapatnam,Andhra Pradesh,cyclone,17.7817,83.17274,1200,928,0.346,1.73,0,6.1,8567.0,16485.7,216.7,5534.6,19.47,SURPLUS,3
SH-DAR-1339,Darbhanga Sector-3 Relief Center,Darbhanga,Bihar,flood,26.1953,85.6269,300,209,0.278,1.41,1,0.4,388.1,912.1,5.9,187.3,75.34,CRITICAL_DEFICIT,0
SH-VIS-1340,Visakhapatnam Sector-19 Relief Center,Visakhapatnam,Andhra Pradesh,cyclone,17.58187,83.43021,500,432,0.541,2.99,0,38.1,1532.6,3599.7,49.9,1256.4,81.95,CRITICAL_DEFICIT,0
SH-WAY-1341,Wayanad Sector-14 Relief Center,Wayanad,Kerala,flood,11.71781,76.10699,300,248,0.112,1.7,1,42.3,523.7,1314.1,10.8,176.4,74.16,CRITICAL_DEFICIT,0
SH-VIS-1342,Visakhapatnam Sector-16 Relief Center,Visakhapatnam,Andhra Pradesh,cyclone,17.8295,83.07614,150,81,0.42,8.68,0,23.3,134.4,299.3,1.8,109.2,99.06,CRITICAL_DEFICIT,0
SH-WAY-1343,Wayanad Sector-17 Relief Center,Wayanad,Kerala,flood,11.45055,76.54047,300,118,0.332,0.93,1,35.6,32.3,74.2,0.4,23.3,97.22,CRITICAL_DEFICIT,0
SH-UTT-1344,Uttarkashi Sector-9 Relief Center,Uttarkashi,Uttarakhand,earthquake,30.32669,78.14947,150,140,0.185,0.07,1,29.3,39.1,84.1,0.7,17.4,100.0,CRITICAL_DEFICIT,0
SH-DAR-1345,Darbhanga Sector-9 Relief Center,Darbhanga,Bihar,flood,25.74616,86.06749,500,412,0.413,0.76,1,0.0,1289.6,3268.1,30.2,610.9,67.76,DEFICIT,1
SH-SOU-1346,South 24 Parganas Sector-2 Relief Center,South 24 Parganas,West Bengal,cyclone,22.06354,88.63527,150,71,0.128,1.98,0,25.9,17.8,47.3,0.2,11.2,100.0,CRITICAL_DEFICIT,0
SH-DHU-1347,Dhubri Sector-8 Relief Center,Dhubri,Assam,flood,26.33324,89.64895,800,631,0.571,2.1,1,50.2,964.7,2170.1,29.8,524.2,93.38,CRITICAL_DEFICIT,0
SH-KAZ-1348,Kaziranga Sector-14 Relief Center,Kaziranga,Assam,flood,26.54425,93.15228,300,238,0.432,13.84,1,25.2,2838.2,6406.2,71.8,1864.0,5.35,SURPLUS,3
SH-DAR-1349,Darbhanga Sector-16 Relief Center,Darbhanga,Bihar,flood,26.29117,86.14625,500,224,0.371,0.84,1,0.0,366.8,776.7,8.9,265.2,88.28,CRITICAL_DEFICIT,0
SH-SOU-1350,South 24 Parganas Sector-19 Relief Center,South 24 Parganas,West Bengal,cyclone,22.43177,88.03471,150,98,0.108,2.51,0,20.1,672.7,1542.0,12.1,270.5,28.85,BALANCED,2
SH-DHU-1351,Dhubri Sector-19 Relief Center,Dhubri,Assam,flood,26.02505,90.31195,150,48,0.05,0.27,0,31.4,309.6,821.4,5.4,278.7,31.39,BALANCED,2
SH-DHU-1352,Dhubri Sector-19 Relief Center,Dhubri,Assam,flood,25.79346,89.86634,300,72,0.501,2.16,1,17.2,441.7,729.7,8.9,150.1,41.53,DEFICIT,1
SH-VIS-1353,Visakhapatnam Sector-16 Relief Center,Visakhapatnam,Andhra Pradesh,cyclone,17.88279,83.43476,300,289,0.05,3.15,0,34.2,2110.0,5327.6,31.0,961.0,18.13,BALANCED,2
SH-VIS-1354,Visakhapatnam Sector-10 Relief Center,Visakhapatnam,Andhra Pradesh,cyclone,17.42086,83.03792,300,290,0.203,4.03,1,32.8,513.3,1088.9,11.2,208.5,76.22,CRITICAL_DEFICIT,0
SH-BAL-1355,Balasore Sector-11 Relief Center,Balasore,Odisha,cyclone,21.02617,87.13379,150,167,0.199,8.48,1,8.3,704.0,1424.9,14.6,625.3,51.71,DEFICIT,1
SH-SOU-1356,South 24 Parganas Sector-13 Relief Center,South 24 Parganas,West Bengal,cyclone,22.28123,88.22532,2000,1061,0.19,7.62,0,51.9,1053.7,2219.1,22.6,391.2,100.0,CRITICAL_DEFICIT,0
SH-SOU-1357,South 24 Parganas Sector-15 Relief Center,South 24 Parganas,West Bengal,cyclone,22.06624,88.93004,800,369,0.203,1.24,1,32.1,2351.2,5854.7,36.4,932.2,24.19,BALANCED,2
SH-DAR-1358,Darbhanga Sector-10 Relief Center,Darbhanga,Bihar,flood,25.88658,85.74006,800,121,0.333,0.23,0,0.0,250.3,699.7,6.1,90.0,85.26,CRITICAL_DEFICIT,0
SH-CHA-1359,Chamoli Sector-9 Relief Center,Chamoli,Uttarakhand,earthquake,30.47218,79.64012,300,37,0.124,2.34,1,21.4,137.4,234.5,3.0,61.2,67.16,DEFICIT,1
SH-UTT-1360,Uttarkashi Sector-7 Relief Center,Uttarkashi,Uttarakhand,earthquake,30.79069,77.96666,150,46,0.452,2.54,1,31.7,11.5,31.4,0.2,5.2,100.0,CRITICAL_DEFICIT,0
SH-DAR-1361,Darbhanga Sector-13 Relief Center,Darbhanga,Bihar,flood,26.43769,85.94066,150,64,0.299,7.55,0,15.6,17.3,28.5,0.4,11.2,100.0,CRITICAL_DEFICIT,0
SH-DAR-1362,Darbhanga Sector-2 Relief Center,Darbhanga,Bihar,flood,26.17481,85.9395,500,65,0.372,2.64,1,0.0,99.1,248.4,1.5,77.4,80.32,CRITICAL_DEFICIT,0
SH-KAN-1363,Kangra Sector-1 Relief Center,Kangra,Himachal Pradesh,earthquake,31.96472,76.44147,500,208,0.397,0.87,0,34.3,206.9,547.3,3.0,114.4,100.0,CRITICAL_DEFICIT,0
SH-KAT-1364,Katihar Sector-6 Relief Center,Katihar,Bihar,flood,25.42522,87.51297,300,280,0.07,1.07,1,0.0,1120.6,1838.9,21.3,670.2,66.25,DEFICIT,1
SH-KAZ-1365,Kaziranga Sector-10 Relief Center,Kaziranga,Assam,flood,26.81171,93.1077,800,804,0.516,0.08,1,24.9,1556.6,3582.1,50.9,866.2,79.3,CRITICAL_DEFICIT,0
SH-DAR-1366,Darbhanga Sector-7 Relief Center,Darbhanga,Bihar,flood,26.63225,85.98012,300,91,0.336,1.01,1,31.7,318.1,665.3,7.3,159.7,62.5,DEFICIT,1
SH-WAY-1367,Wayanad Sector-14 Relief Center,Wayanad,Kerala,flood,11.90611,76.47417,300,286,0.087,4.59,1,29.1,533.5,1336.2,5.9,276.4,78.41,CRITICAL_DEFICIT,0
SH-DAR-1368,Darbhanga Sector-10 Relief Center,Darbhanga,Bihar,flood,25.76379,85.74619,300,137,0.293,4.08,0,11.0,530.8,1058.5,8.0,180.1,75.93,CRITICAL_DEFICIT,0
SH-CHA-1369,Chamoli Sector-13 Relief Center,Chamoli,Uttarakhand,earthquake,30.52873,79.34602,300,123,0.492,3.26,1,17.2,820.1,1710.3,17.7,661.3,25.74,BALANCED,2
SH-KAN-1370,Kangra Sector-3 Relief Center,Kangra,Himachal Pradesh,earthquake,32.10182,76.40185,300,305,0.354,0.77,1,33.0,292.4,516.5,6.5,138.7,100.0,CRITICAL_DEFICIT,0
SH-SOU-1371,South 24 Parganas Sector-7 Relief Center,South 24 Parganas,West Bengal,cyclone,21.65371,88.60343,500,69,0.238,2.84,1,13.6,50.8,112.1,1.2,29.8,95.66,CRITICAL_DEFICIT,0
SH-BAL-1372,Balasore Sector-1 Relief Center,Balasore,Odisha,cyclone,21.47186,86.6949,300,202,0.249,3.88,0,79.4,415.5,687.3,8.4,389.9,100.0,CRITICAL_DEFICIT,0
SH-KAZ-1373,Kaziranga Sector-1 Relief Center,Kaziranga,Assam,flood,26.25359,93.64061,300,59,0.084,4.79,0,28.1,45.5,106.9,0.7,30.9,100.0,CRITICAL_DEFICIT,0
SH-IDU-1374,Idukki Sector-12 Relief Center,Idukki,Kerala,flood,10.0843,76.97194,500,221,0.506,0.37,1,12.7,1770.9,4622.1,28.9,1163.9,4.31,SURPLUS,3
SH-VIS-1375,Visakhapatnam Sector-18 Relief Center,Visakhapatnam,Andhra Pradesh,cyclone,17.85907,83.17763,150,64,0.325,0.47,1,33.4,207.2,408.2,5.5,108.9,68.74,DEFICIT,1
SH-KUT-1376,Kutch Sector-13 Relief Center,Kutch,Gujarat,earthquake,23.31352,70.08797,300,282,0.503,3.58,0,35.7,94.8,239.7,2.4,46.1,100.0,CRITICAL_DEFICIT,0
SH-CHA-1377,Chamoli Sector-10 Relief Center,Chamoli,Uttarakhand,earthquake,30.12606,79.51926,300,141,0.177,0.14,1,0.0,276.6,478.5,6.1,143.2,83.18,CRITICAL_DEFICIT,0
SH-UTT-1378,Uttarkashi Sector-6 Relief Center,Uttarkashi,Uttarakhand,earthquake,30.96649,78.32046,150,146,0.205,0.57,1,38.3,40.7,89.2,0.9,25.0,100.0,CRITICAL_DEFICIT,0
SH-BAL-1379,Balasore Sector-4 Relief Center,Balasore,Odisha,cyclone,21.50992,87.05162,500,256,0.599,1.27,1,35.3,847.0,1847.5,28.8,352.2,65.79,DEFICIT,1
SH-PUR-1380,Puri Sector-13 Relief Center,Puri,Odisha,cyclone,20.21819,85.81271,2000,829,0.182,0.86,1,10.6,3500.8,10615.0,48.7,2466.0,42.62,DEFICIT,1
SH-UTT-1381,Uttarkashi Sector-12 Relief Center,Uttarkashi,Uttarakhand,earthquake,30.64628,78.40547,300,39,0.172,1.62,1,15.3,79.6,204.1,1.3,74.5,69.32,CRITICAL_DEFICIT,0
SH-PUR-1382,Puri Sector-5 Relief Center,Puri,Odisha,cyclone,19.85931,85.89362,500,304,0.343,1.17,1,38.6,503.4,1276.1,13.5,170.1,86.35,CRITICAL_DEFICIT,0
SH-KUT-1383,Kutch Sector-10 Relief Center,Kutch,Gujarat,earthquake,23.56217,70.02185,1200,126,0.43,0.2,1,43.6,106.4,183.5,2.4,78.9,95.02,CRITICAL_DEFICIT,0
SH-BAL-1384,Balasore Sector-10 Relief Center,Balasore,Odisha,cyclone,21.25847,86.66211,150,82,0.42,1.55,1,52.9,73.9,207.7,1.2,51.5,95.01,CRITICAL_DEFICIT,0
SH-DAR-1385,Darbhanga Sector-11 Relief Center,Darbhanga,Bihar,flood,26.24725,86.06884,150,112,0.459,0.09,1,10.7,848.2,2496.8,26.7,528.0,1.99,SURPLUS,3
SH-DAR-1386,Darbhanga Sector-4 Relief Center,Darbhanga,Bihar,flood,25.8796,86.03033,150,120,0.186,0.41,1,45.4,777.0,1771.7,12.9,398.8,20.27,BALANCED,2
SH-SOU-1387,South 24 Parganas Sector-7 Relief Center,South 24 Parganas,West Bengal,cyclone,22.0278,88.78095,300,207,0.31,0.01,1,19.2,397.6,740.0,7.4,135.9,86.18,CRITICAL_DEFICIT,0
SH-UTT-1388,Uttarkashi Sector-6 Relief Center,Uttarkashi,Uttarakhand,earthquake,30.71314,78.73813,150,51,0.235,0.24,1,54.1,86.2,143.1,1.9,66.3,84.78,CRITICAL_DEFICIT,0
SH-KAT-1389,Katihar Sector-11 Relief Center,Katihar,Bihar,flood,25.48169,87.54167,500,350,0.126,4.75,0,44.3,340.4,987.2,7.4,179.4,100.0,CRITICAL_DEFICIT,0
SH-DHU-1390,Dhubri Sector-5 Relief Center,Dhubri,Assam,flood,26.17214,90.24082,300,176,0.249,1.41,0,40.5,680.8,2002.3,16.5,596.6,69.72,DEFICIT,1
SH-KAN-1391,Kangra Sector-3 Relief Center,Kangra,Himachal Pradesh,earthquake,32.74676,76.13788,300,260,0.282,2.2,1,0.0,213.5,505.3,5.0,132.6,89.86,CRITICAL_DEFICIT,0
SH-CHA-1392,Chamoli Sector-2 Relief Center,Chamoli,Uttarakhand,earthquake,30.88017,79.0009,300,107,0.319,6.19,0,18.1,201.0,445.1,4.3,101.7,92.13,CRITICAL_DEFICIT,0
SH-KAZ-1393,Kaziranga Sector-1 Relief Center,Kaziranga,Assam,flood,26.06017,93.60636,500,368,0.301,3.26,1,2.5,128.7,223.4,2.9,105.5,95.31,CRITICAL_DEFICIT,0
SH-KAT-1394,Katihar Sector-16 Relief Center,Katihar,Bihar,flood,25.69123,87.35631,300,70,0.516,0.59,1,21.1,122.4,313.6,2.7,118.0,77.1,CRITICAL_DEFICIT,0
SH-UTT-1395,Uttarkashi Sector-5 Relief Center,Uttarkashi,Uttarakhand,earthquake,31.0694,78.8272,300,241,0.291,1.22,1,41.2,893.7,2402.1,19.7,841.9,54.79,DEFICIT,1
SH-PUR-1396,Puri Sector-6 Relief Center,Puri,Odisha,cyclone,19.76672,85.93443,800,791,0.368,0.47,1,43.6,284.6,813.9,5.4,142.9,99.38,CRITICAL_DEFICIT,0
SH-KAN-1397,Kangra Sector-6 Relief Center,Kangra,Himachal Pradesh,earthquake,32.1599,76.03276,500,469,0.187,0.81,1,54.9,1951.0,5196.2,27.7,1542.6,43.61,DEFICIT,1
SH-SOU-1398,South 24 Parganas Sector-2 Relief Center,South 24 Parganas,West Bengal,cyclone,22.39278,88.43582,300,154,0.249,0.99,1,0.0,988.7,2293.8,18.6,845.1,20.52,BALANCED,2
SH-KAT-1399,Katihar Sector-8 Relief Center,Katihar,Bihar,flood,25.78088,87.20297,150,102,0.316,0.33,0,45.1,109.7,205.5,1.3,80.1,100.0,CRITICAL_DEFICIT,0
SH-BAL-1400,Balasore Sector-5 Relief Center,Balasore,Odisha,cyclone,21.2274,86.84361,1200,1281,0.182,7.99,1,12.9,1019.5,1670.0,12.6,742.9,95.31,CRITICAL_DEFICIT,0
SH-KAN-1401,Kangra Sector-4 Relief Center,Kangra,Himachal Pradesh,earthquake,32.00164,76.66575,500,321,0.65,0.28,1,10.7,88.1,189.7,2.0,51.4,100.0,CRITICAL_DEFICIT,0
SH-WAY-1402,Wayanad Sector-14 Relief Center,Wayanad,Kerala,flood,11.51765,76.40395,300,339,0.291,0.56,1,1.5,699.2,1279.3,8.6,420.5,77.62,CRITICAL_DEFICIT,0
SH-WAY-1403,Wayanad Sector-13 Relief Center,Wayanad,Kerala,flood,11.43938,76.39272,500,431,0.338,1.25,1,34.2,110.8,238.7,2.6,80.1,100.0,CRITICAL_DEFICIT,0
SH-KAT-1404,Katihar Sector-11 Relief Center,Katihar,Bihar,flood,25.66756,87.89203,300,255,0.443,4.05,1,15.9,1976.6,3805.0,28.8,797.9,26.29,BALANCED,2
SH-PUR-1405,Puri Sector-13 Relief Center,Puri,Odisha,cyclone,20.11803,86.37835,300,356,0.274,0.92,1,13.8,350.2,721.5,6.5,269.6,97.76,CRITICAL_DEFICIT,0
SH-SOU-1406,South 24 Parganas Sector-8 Relief Center,South 24 Parganas,West Bengal,cyclone,22.27078,88.20824,500,341,0.314,8.68,0,24.6,2463.5,4121.6,32.0,2007.2,46.55,DEFICIT,1
SH-CHA-1407,Chamoli Sector-2 Relief Center,Chamoli,Uttarakhand,earthquake,30.46151,79.91873,150,164,0.126,4.4,1,30.3,143.6,315.2,1.8,142.7,88.72,CRITICAL_DEFICIT,0
SH-KAT-1408,Katihar Sector-2 Relief Center,Katihar,Bihar,flood,25.75612,87.48699,300,189,0.244,0.26,1,28.2,343.6,895.5,4.7,328.2,78.7,CRITICAL_DEFICIT,0
SH-VIS-1409,Visakhapatnam Sector-7 Relief Center,Visakhapatnam,Andhra Pradesh,cyclone,17.59547,83.28718,500,209,0.29,8.65,1,15.5,53.2,132.8,1.2,33.3,100.0,CRITICAL_DEFICIT,0
SH-KAN-1410,Kangra Sector-14 Relief Center,Kangra,Himachal Pradesh,earthquake,32.001,76.41165,300,335,0.203,3.02,0,62.1,115.2,192.8,2.2,46.0,100.0,CRITICAL_DEFICIT,0
SH-BAL-1411,Balasore Sector-11 Relief Center,Balasore,Odisha,cyclone,21.36148,86.63561,300,67,0.289,3.1,1,46.7,58.6,170.0,0.7,40.2,89.87,CRITICAL_DEFICIT,0
SH-DAR-1412,Darbhanga Sector-2 Relief Center,Darbhanga,Bihar,flood,26.4994,86.13592,1200,1517,0.265,2.35,1,38.8,1213.5,3499.2,26.1,489.8,93.33,CRITICAL_DEFICIT,0
SH-PUR-1413,Puri Sector-14 Relief Center,Puri,Odisha,cyclone,19.82411,85.93738,500,431,0.126,0.07,1,0.0,680.4,1178.6,9.7,464.7,84.58,CRITICAL_DEFICIT,0
SH-PUR-1414,Puri Sector-9 Relief Center,Puri,Odisha,cyclone,19.62856,85.93571,150,22,0.236,5.04,0,38.2,16.9,43.1,0.3,8.2,100.0,CRITICAL_DEFICIT,0
SH-PUR-1415,Puri Sector-5 Relief Center,Puri,Odisha,cyclone,20.09241,85.90019,1200,580,0.497,2.8,1,0.0,147.6,365.8,2.2,144.9,100.0,CRITICAL_DEFICIT,0
SH-PUR-1416,Puri Sector-7 Relief Center,Puri,Odisha,cyclone,19.82973,85.71681,500,306,0.528,0.64,1,0.0,1106.0,3179.9,36.2,1002.6,56.81,DEFICIT,1
SH-VIS-1417,Visakhapatnam Sector-6 Relief Center,Visakhapatnam,Andhra Pradesh,cyclone,17.70579,82.84035,300,206,0.135,0.78,1,2.9,437.3,865.7,8.6,343.0,71.99,CRITICAL_DEFICIT,0
SH-WAY-1418,Wayanad Sector-11 Relief Center,Wayanad,Kerala,flood,11.59087,75.84469,500,311,0.252,0.8,1,47.6,81.2,133.9,1.5,56.4,100.0,CRITICAL_DEFICIT,0
SH-UTT-1419,Uttarkashi Sector-4 Relief Center,Uttarkashi,Uttarakhand,earthquake,31.08914,78.58462,500,329,0.366,1.54,1,39.8,97.2,191.8,2.0,66.5,94.83,CRITICAL_DEFICIT,0
SH-WAY-1420,Wayanad Sector-1 Relief Center,Wayanad,Kerala,flood,11.79127,75.99561,300,155,0.142,0.39,0,33.4,147.2,338.7,2.0,141.8,100.0,CRITICAL_DEFICIT,0
SH-IDU-1421,Idukki Sector-15 Relief Center,Idukki,Kerala,flood,9.54058,76.99708,800,260,0.423,1.65,1,36.3,804.7,2401.3,10.5,442.8,69.05,DEFICIT,1
SH-KAN-1422,Kangra Sector-3 Relief Center,Kangra,Himachal Pradesh,earthquake,32.17877,76.56019,150,120,0.449,3.31,1,6.5,406.3,824.7,12.7,224.1,64.2,DEFICIT,1
SH-IDU-1423,Idukki Sector-4 Relief Center,Idukki,Kerala,flood,9.62461,76.88662,300,99,0.247,0.7,1,38.1,158.0,317.1,2.1,58.6,80.02,CRITICAL_DEFICIT,0
SH-KUT-1424,Kutch Sector-15 Relief Center,Kutch,Gujarat,earthquake,23.83168,69.91128,500,496,0.133,0.19,1,0.0,421.6,796.0,8.0,196.5,89.79,CRITICAL_DEFICIT,0
SH-KUT-1425,Kutch Sector-6 Relief Center,Kutch,Gujarat,earthquake,23.79006,69.39509,500,634,0.285,1.46,0,54.1,931.5,2366.1,19.6,354.8,100.0,CRITICAL_DEFICIT,0
SH-PUR-1426,Puri Sector-7 Relief Center,Puri,Odisha,cyclone,19.82287,86.56362,300,209,0.251,0.43,1,12.1,813.6,2000.6,14.7,565.8,50.29,DEFICIT,1
SH-KAZ-1427,Kaziranga Sector-15 Relief Center,Kaziranga,Assam,flood,26.64914,93.01336,500,245,0.05,1.91,1,33.3,195.4,391.0,3.0,136.6,95.24,CRITICAL_DEFICIT,0
SH-KAN-1428,Kangra Sector-17 Relief Center,Kangra,Himachal Pradesh,earthquake,32.12697,76.25174,300,193,0.236,0.32,1,24.3,651.1,1735.0,10.6,352.3,57.63,DEFICIT,1
SH-KAT-1429,Katihar Sector-2 Relief Center,Katihar,Bihar,flood,25.45943,87.61634,500,213,0.298,0.1,0,32.9,1328.6,3714.5,22.2,1146.3,32.86,BALANCED,2
SH-WAY-1430,Wayanad Sector-4 Relief Center,Wayanad,Kerala,flood,12.20169,76.53961,300,214,0.494,1.22,0,15.0,224.7,500.2,6.7,153.1,100.0,CRITICAL_DEFICIT,0
SH-PUR-1431,Puri Sector-12 Relief Center,Puri,Odisha,cyclone,19.34533,85.92394,500,380,0.214,1.96,1,19.8,380.8,844.6,4.0,140.6,87.82,CRITICAL_DEFICIT,0
SH-KAZ-1432,Kaziranga Sector-4 Relief Center,Kaziranga,Assam,flood,26.55397,93.1436,300,180,0.292,3.23,1,26.9,786.1,1346.0,11.3,263.3,61.55,DEFICIT,1
SH-WAY-1433,Wayanad Sector-10 Relief Center,Wayanad,Kerala,flood,11.46952,75.98227,1200,1170,0.236,1.93,1,28.3,4518.6,13619.7,61.9,2027.1,50.04,DEFICIT,1
SH-DAR-1434,Darbhanga Sector-14 Relief Center,Darbhanga,Bihar,flood,26.34003,85.80909,300,239,0.105,1.35,1,13.2,199.1,511.2,2.3,192.7,91.93,CRITICAL_DEFICIT,0
SH-PUR-1435,Puri Sector-3 Relief Center,Puri,Odisha,cyclone,19.62853,86.01994,150,129,0.484,3.51,1,26.0,458.7,1206.5,14.2,342.5,58.16,DEFICIT,1
SH-WAY-1436,Wayanad Sector-13 Relief Center,Wayanad,Kerala,flood,11.71715,75.89954,300,216,0.201,2.14,1,47.4,1560.6,3470.8,30.3,1300.7,11.07,BALANCED,2
SH-WAY-1437,Wayanad Sector-16 Relief Center,Wayanad,Kerala,flood,11.77046,76.04701,500,365,0.47,0.41,1,7.7,578.1,1636.2,7.9,517.8,86.97,CRITICAL_DEFICIT,0
SH-CHA-1438,Chamoli Sector-11 Relief Center,Chamoli,Uttarakhand,earthquake,30.43323,79.36217,150,144,0.168,2.51,0,37.4,1674.6,3104.0,21.8,1408.2,11.42,SURPLUS,3
SH-WAY-1439,Wayanad Sector-10 Relief Center,Wayanad,Kerala,flood,11.74691,76.17406,150,173,0.158,2.44,1,15.3,60.6,168.9,1.4,34.8,94.29,CRITICAL_DEFICIT,0
SH-SOU-1440,South 24 Parganas Sector-10 Relief Center,South 24 Parganas,West Bengal,cyclone,22.25685,88.28241,300,290,0.262,0.3,1,42.0,259.8,690.3,4.7,108.4,87.57,CRITICAL_DEFICIT,0
SH-PUR-1441,Puri Sector-19 Relief Center,Puri,Odisha,cyclone,19.75914,85.63589,150,128,0.132,14.18,1,23.6,509.3,1453.8,5.5,264.9,51.06,DEFICIT,1
SH-IDU-1442,Idukki Sector-7 Relief Center,Idukki,Kerala,flood,9.81178,76.95371,300,209,0.322,1.14,1,41.0,1666.7,4438.1,38.9,823.2,9.46,SURPLUS,3
SH-PUR-1443,Puri Sector-10 Relief Center,Puri,Odisha,cyclone,19.96541,85.69874,800,781,0.243,1.67,1,27.5,189.6,480.3,3.0,125.9,99.2,CRITICAL_DEFICIT,0
SH-CHA-1444,Chamoli Sector-13 Relief Center,Chamoli,Uttarakhand,earthquake,30.15671,79.28111,150,161,0.051,0.05,1,11.6,238.8,434.8,3.5,117.0,85.04,CRITICAL_DEFICIT,0
SH-DHU-1445,Dhubri Sector-1 Relief Center,Dhubri,Assam,flood,26.03467,89.93876,500,357,0.379,3.52,0,34.0,2178.2,5548.7,31.7,1149.8,41.28,DEFICIT,1
SH-DHU-1446,Dhubri Sector-16 Relief Center,Dhubri,Assam,flood,26.14422,90.12824,500,333,0.135,2.0,1,24.9,99.6,268.3,1.6,67.6,95.19,CRITICAL_DEFICIT,0
SH-KAT-1447,Katihar Sector-11 Relief Center,Katihar,Bihar,flood,25.68917,87.93863,300,341,0.382,4.36,1,0.0,654.5,1893.9,14.3,463.1,75.43,CRITICAL_DEFICIT,0
SH-DAR-1448,Darbhanga Sector-7 Relief Center,Darbhanga,Bihar,flood,26.61047,86.1161,500,174,0.251,1.65,1,57.9,522.7,1283.1,10.4,434.0,62.51,DEFICIT,1
SH-UTT-1449,Uttarkashi Sector-7 Relief Center,Uttarkashi,Uttarakhand,earthquake,30.96828,78.63381,150,20,0.65,0.64,1,49.4,14.8,25.3,0.2,5.3,98.1,CRITICAL_DEFICIT,0
SH-WAY-1450,Wayanad Sector-13 Relief Center,Wayanad,Kerala,flood,11.60095,76.28675,150,85,0.467,0.08,1,23.0,304.6,823.6,4.8,110.1,59.43,DEFICIT,1
SH-KAT-1451,Katihar Sector-10 Relief Center,Katihar,Bihar,flood,25.31662,87.30031,500,413,0.247,6.94,0,28.4,712.1,1642.3,15.9,602.3,95.71,CRITICAL_DEFICIT,0
SH-KAZ-1452,Kaziranga Sector-4 Relief Center,Kaziranga,Assam,flood,26.72782,93.03821,500,218,0.427,0.08,1,45.6,941.8,2708.2,19.1,400.2,48.12,DEFICIT,1
SH-UTT-1453,Uttarkashi Sector-8 Relief Center,Uttarkashi,Uttarakhand,earthquake,30.52151,78.29545,150,153,0.393,0.76,0,21.5,252.9,715.8,6.4,192.6,100.0,CRITICAL_DEFICIT,0
SH-DAR-1454,Darbhanga Sector-4 Relief Center,Darbhanga,Bihar,flood,25.815,86.03836,2000,1257,0.061,0.35,0,57.7,2607.8,7878.8,51.1,1909.0,83.84,CRITICAL_DEFICIT,0
SH-SOU-1455,South 24 Parganas Sector-2 Relief Center,South 24 Parganas,West Bengal,cyclone,22.48338,88.45364,150,102,0.121,2.92,1,0.0,557.5,1011.2,11.2,457.9,51.64,DEFICIT,1
SH-KAN-1456,Kangra Sector-9 Relief Center,Kangra,Himachal Pradesh,earthquake,32.12751,76.24457,800,780,0.209,1.71,0,40.0,630.9,1051.8,12.2,544.7,100.0,CRITICAL_DEFICIT,0
SH-SOU-1457,South 24 Parganas Sector-16 Relief Center,South 24 Parganas,West Bengal,cyclone,21.82434,88.29647,150,143,0.246,11.32,1,1.1,38.1,110.3,0.9,16.9,96.65,CRITICAL_DEFICIT,0
SH-BAL-1458,Balasore Sector-8 Relief Center,Balasore,Odisha,cyclone,21.64313,86.95869,500,546,0.058,4.53,0,28.3,2273.2,4004.6,27.7,1014.0,77.54,CRITICAL_DEFICIT,0
SH-BAL-1459,Balasore Sector-16 Relief Center,Balasore,Odisha,cyclone,21.50403,87.14786,1200,759,0.309,1.06,1,47.1,774.0,2232.0,20.5,473.9,96.85,CRITICAL_DEFICIT,0
SH-CHA-1460,Chamoli Sector-10 Relief Center,Chamoli,Uttarakhand,earthquake,30.76062,79.32364,300,337,0.156,2.44,1,32.6,1501.3,4261.3,25.4,1289.8,40.47,DEFICIT,1
SH-CHA-1461,Chamoli Sector-8 Relief Center,Chamoli,Uttarakhand,earthquake,30.63613,78.87786,500,351,0.09,2.6,1,31.8,286.0,527.2,3.9,163.0,94.47,CRITICAL_DEFICIT,0
SH-UTT-1462,Uttarkashi Sector-16 Relief Center,Uttarkashi,Uttarakhand,earthquake,31.11049,78.25044,150,101,0.223,0.41,0,15.1,85.7,144.2,1.1,47.1,100.0,CRITICAL_DEFICIT,0
SH-IDU-1463,Idukki Sector-8 Relief Center,Idukki,Kerala,flood,10.12526,77.08797,1200,836,0.22,3.34,0,17.1,226.7,518.7,4.6,133.3,100.0,CRITICAL_DEFICIT,0
SH-PUR-1464,Puri Sector-9 Relief Center,Puri,Odisha,cyclone,19.89387,86.14522,300,171,0.171,1.75,0,0.0,43.8,107.0,0.7,25.2,100.0,CRITICAL_DEFICIT,0
SH-DAR-1465,Darbhanga Sector-7 Relief Center,Darbhanga,Bihar,flood,26.5067,86.00944,500,46,0.504,0.8,1,15.7,175.7,490.7,3.2,141.7,55.51,DEFICIT,1
SH-BAL-1466,Balasore Sector-4 Relief Center,Balasore,Odisha,cyclone,21.12945,87.17238,150,140,0.104,5.78,1,24.2,213.7,419.3,4.0,76.5,83.36,CRITICAL_DEFICIT,0
SH-SOU-1467,South 24 Parganas Sector-2 Relief Center,South 24 Parganas,West Bengal,cyclone,21.8607,88.73326,150,167,0.455,14.93,0,25.1,943.4,2138.2,19.1,499.9,40.65,DEFICIT,1
SH-VIS-1468,Visakhapatnam Sector-8 Relief Center,Visakhapatnam,Andhra Pradesh,cyclone,17.51225,83.58493,500,493,0.084,1.39,1,33.2,499.8,1135.1,8.4,463.5,88.24,CRITICAL_DEFICIT,0
SH-KUT-1469,Kutch Sector-10 Relief Center,Kutch,Gujarat,earthquake,23.5236,69.34243,150,141,0.313,4.14,1,7.1,139.2,416.9,2.1,118.9,87.16,CRITICAL_DEFICIT,0
SH-VIS-1470,Visakhapatnam Sector-8 Relief Center,Visakhapatnam,Andhra Pradesh,cyclone,17.69711,82.95853,300,114,0.513,5.46,0,18.5,28.8,58.2,0.5,26.4,100.0,CRITICAL_DEFICIT,0
SH-DHU-1471,Dhubri Sector-5 Relief Center,Dhubri,Assam,flood,26.01384,90.10529,300,87,0.391,0.01,1,55.2,93.2,239.7,2.2,88.2,88.67,CRITICAL_DEFICIT,0
SH-KUT-1472,Kutch Sector-4 Relief Center,Kutch,Gujarat,earthquake,23.65028,70.32619,800,296,0.427,1.8,1,0.0,100.8,263.4,1.7,96.9,100.0,CRITICAL_DEFICIT,0
SH-CHA-1473,Chamoli Sector-6 Relief Center,Chamoli,Uttarakhand,earthquake,30.4128,78.92725,150,132,0.382,2.95,0,8.1,238.9,396.5,4.7,178.3,97.16,CRITICAL_DEFICIT,0
SH-KAN-1474,Kangra Sector-4 Relief Center,Kangra,Himachal Pradesh,earthquake,31.91415,76.32217,150,84,0.068,0.37,1,22.6,125.1,332.8,2.1,73.1,83.14,CRITICAL_DEFICIT,0
SH-CHA-1475,Chamoli Sector-13 Relief Center,Chamoli,Uttarakhand,earthquake,30.40469,79.47989,500,338,0.489,0.86,1,0.0,534.4,1447.3,10.5,300.2,88.3,CRITICAL_DEFICIT,0
SH-BAL-1476,Balasore Sector-12 Relief Center,Balasore,Odisha,cyclone,21.48445,87.1501,150,83,0.248,4.77,0,0.8,122.0,369.5,2.0,79.0,93.88,CRITICAL_DEFICIT,0
SH-KAN-1477,Kangra Sector-8 Relief Center,Kangra,Himachal Pradesh,earthquake,31.97753,76.17277,150,89,0.054,0.59,0,32.6,160.6,486.3,2.1,148.1,87.8,CRITICAL_DEFICIT,0
SH-SOU-1478,South 24 Parganas Sector-1 Relief Center,South 24 Parganas,West Bengal,cyclone,21.82783,88.5329,500,523,0.244,1.12,1,5.9,1581.2,2833.4,18.0,669.9,73.5,CRITICAL_DEFICIT,0
SH-CHA-1479,Chamoli Sector-9 Relief Center,Chamoli,Uttarakhand,earthquake,30.19161,79.32234,500,558,0.297,0.21,1,12.6,532.6,1015.4,11.9,452.1,87.86,CRITICAL_DEFICIT,0
SH-BAL-1480,Balasore Sector-17 Relief Center,Balasore,Odisha,cyclone,21.7513,86.59029,500,232,0.331,0.38,1,0.0,1552.0,4700.1,36.8,1397.8,11.51,BALANCED,2
SH-DAR-1481,Darbhanga Sector-1 Relief Center,Darbhanga,Bihar,flood,26.50515,85.57756,300,98,0.427,1.95,1,6.8,399.6,977.1,9.6,158.3,47.85,DEFICIT,1
SH-IDU-1482,Idukki Sector-16 Relief Center,Idukki,Kerala,flood,9.96869,77.33679,300,104,0.375,0.38,0,26.1,207.8,428.6,4.4,194.3,98.67,CRITICAL_DEFICIT,0
SH-IDU-1483,Idukki Sector-17 Relief Center,Idukki,Kerala,flood,10.07118,77.32296,500,392,0.34,5.5,1,0.0,350.0,1003.2,9.7,117.3,87.93,CRITICAL_DEFICIT,0
SH-DAR-1484,Darbhanga Sector-3 Relief Center,Darbhanga,Bihar,flood,25.83074,86.06322,150,73,0.313,1.05,1,19.4,73.7,175.9,1.8,30.9,84.68,CRITICAL_DEFICIT,0
SH-PUR-1485,Puri Sector-17 Relief Center,Puri,Odisha,cyclone,19.93007,85.47313,500,491,0.265,4.06,0,26.0,858.2,2380.3,16.2,758.7,97.13,CRITICAL_DEFICIT,0
SH-BAL-1486,Balasore Sector-12 Relief Center,Balasore,Odisha,cyclone,21.742,87.29103,300,312,0.307,2.37,0,24.0,537.5,1068.5,13.9,209.7,95.12,CRITICAL_DEFICIT,0
SH-WAY-1487,Wayanad Sector-19 Relief Center,Wayanad,Kerala,flood,12.41106,76.24662,300,288,0.318,3.28,1,8.2,77.6,193.3,1.4,65.6,97.78,CRITICAL_DEFICIT,0
SH-KAN-1488,Kangra Sector-12 Relief Center,Kangra,Himachal Pradesh,earthquake,31.67468,76.27666,300,194,0.59,0.91,1,0.0,167.4,365.6,3.2,100.8,95.72,CRITICAL_DEFICIT,0
SH-UTT-1489,Uttarkashi Sector-12 Relief Center,Uttarkashi,Uttarakhand,earthquake,30.95594,78.44782,150,68,0.174,0.08,1,39.2,66.9,110.8,0.7,23.6,90.72,CRITICAL_DEFICIT,0
SH-KAZ-1490,Kaziranga Sector-17 Relief Center,Kaziranga,Assam,flood,26.83507,93.31715,500,254,0.384,1.25,1,13.9,1047.9,2640.4,29.8,418.4,53.58,DEFICIT,1
SH-VIS-1491,Visakhapatnam Sector-3 Relief Center,Visakhapatnam,Andhra Pradesh,cyclone,17.63823,82.79831,300,224,0.271,1.44,0,7.8,72.8,205.2,1.6,55.5,100.0,CRITICAL_DEFICIT,0
SH-KAZ-1492,Kaziranga Sector-15 Relief Center,Kaziranga,Assam,flood,26.65127,93.36443,150,133,0.398,0.02,1,17.3,276.6,750.5,4.9,229.3,71.1,CRITICAL_DEFICIT,0
SH-KAT-1493,Katihar Sector-9 Relief Center,Katihar,Bihar,flood,25.3144,87.75677,300,65,0.274,0.12,1,29.0,248.8,599.9,4.7,143.3,58.81,DEFICIT,1
SH-SOU-1494,South 24 Parganas Sector-13 Relief Center,South 24 Parganas,West Bengal,cyclone,22.64544,88.7923,800,363,0.306,1.96,0,63.8,1387.1,3686.2,23.7,1140.3,64.76,DEFICIT,1
SH-PUR-1495,Puri Sector-3 Relief Center,Puri,Odisha,cyclone,19.84399,85.86084,500,168,0.229,3.23,0,42.4,1264.5,3313.1,25.9,468.8,17.5,SURPLUS,3
SH-SOU-1496,South 24 Parganas Sector-19 Relief Center,South 24 Parganas,West Bengal,cyclone,22.13996,88.83904,150,34,0.134,2.68,1,16.1,67.4,136.0,1.4,27.4,76.68,CRITICAL_DEFICIT,0
SH-BAL-1497,Balasore Sector-7 Relief Center,Balasore,Odisha,cyclone,21.74481,87.04683,800,392,0.191,2.55,1,11.9,1659.1,2858.8,19.5,652.8,59.33,DEFICIT,1
SH-KAZ-1498,Kaziranga Sector-18 Relief Center,Kaziranga,Assam,flood,26.70324,93.6532,800,649,0.22,2.08,1,33.8,1056.4,3070.5,16.8,914.9,85.4,CRITICAL_DEFICIT,0
SH-PUR-1499,Puri Sector-16 Relief Center,Puri,Odisha,cyclone,19.64034,85.53086,300,142,0.058,2.12,1,7.4,1585.2,2739.2,23.5,1321.4,2.4,SURPLUS,3
SH-WAY-1500,Wayanad Sector-2 Relief Center,Wayanad,Kerala,flood,11.52436,76.32436,300,64,0.389,1.41,0,0.0,21.1,47.8,0.5,14.2,100.0,CRITICAL_DEFICIT,0
SH-KUT-1501,Kutch Sector-19 Relief Center,Kutch,Gujarat,earthquake,23.57916,69.66261,800,693,0.282,1.83,0,59.3,1059.3,2952.3,15.6,614.5,92.39,CRITICAL_DEFICIT,0
SH-UTT-1502,Uttarkashi Sector-2 Relief Center,Uttarkashi,Uttarakhand,earthquake,30.51898,78.4389,300,113,0.287,1.41,1,11.8,107.1,282.7,2.2,105.4,92.63,CRITICAL_DEFICIT,0
SH-IDU-1503,Idukki Sector-2 Relief Center,Idukki,Kerala,flood,9.75129,76.58806,500,401,0.309,0.5,1,20.7,845.6,1714.3,10.5,631.6,79.32,CRITICAL_DEFICIT,0
SH-CHA-1504,Chamoli Sector-5 Relief Center,Chamoli,Uttarakhand,earthquake,30.25051,79.02366,150,149,0.199,6.96,0,48.2,264.9,766.7,4.9,135.3,97.26,CRITICAL_DEFICIT,0
SH-CHA-1505,Chamoli Sector-15 Relief Center,Chamoli,Uttarakhand,earthquake,30.35661,79.18237,150,47,0.116,1.57,1,35.9,79.7,178.6,1.2,60.2,74.2,CRITICAL_DEFICIT,0
SH-PUR-1506,Puri Sector-3 Relief Center,Puri,Odisha,cyclone,20.23716,85.3548,500,325,0.2,0.77,0,16.1,249.1,450.6,5.4,201.8,100.0,CRITICAL_DEFICIT,0
SH-KAT-1507,Katihar Sector-12 Relief Center,Katihar,Bihar,flood,25.44598,87.38803,300,158,0.109,1.61,0,21.4,126.1,304.8,2.2,71.9,100.0,CRITICAL_DEFICIT,0
SH-KAN-1508,Kangra Sector-3 Relief Center,Kangra,Himachal Pradesh,earthquake,32.12763,76.29274,800,905,0.141,1.04,1,4.6,3685.8,8805.7,54.0,2229.9,41.61,DEFICIT,1
SH-CHA-1509,Chamoli Sector-17 Relief Center,Chamoli,Uttarakhand,earthquake,30.21019,78.98068,150,73,0.184,1.94,0,0.0,63.1,103.2,0.8,26.3,100.0,CRITICAL_DEFICIT,0
SH-DAR-1510,Darbhanga Sector-6 Relief Center,Darbhanga,Bihar,flood,26.21391,86.13291,150,20,0.345,3.43,1,5.2,6.3,17.9,0.1,2.6,100.0,CRITICAL_DEFICIT,0
SH-KAZ-1511,Kaziranga Sector-15 Relief Center,Kaziranga,Assam,flood,26.70795,92.84236,500,260,0.05,4.85,0,26.6,245.9,577.9,3.5,185.7,100.0,CRITICAL_DEFICIT,0
SH-KUT-1512,Kutch Sector-7 Relief Center,Kutch,Gujarat,earthquake,24.05136,69.9526,500,541,0.131,0.09,1,18.4,446.8,951.9,6.4,276.9,91.05,CRITICAL_DEFICIT,0
SH-KUT-1513,Kutch Sector-9 Relief Center,Kutch,Gujarat,earthquake,23.86319,69.82387,300,63,0.249,2.7,0,28.8,57.6,155.7,0.7,45.9,100.0,CRITICAL_DEFICIT,0
SH-PUR-1514,Puri Sector-15 Relief Center,Puri,Odisha,cyclone,19.99022,85.8726,300,103,0.187,1.79,1,30.0,101.9,239.9,1.3,67.5,85.88,CRITICAL_DEFICIT,0
SH-KAN-1515,Kangra Sector-12 Relief Center,Kangra,Himachal Pradesh,earthquake,32.17254,75.67368,1200,562,0.182,0.36,1,34.7,2509.3,4981.8,32.2,1406.9,55.04,DEFICIT,1
SH-UTT-1516,Uttarkashi Sector-18 Relief Center,Uttarkashi,Uttarakhand,earthquake,30.74228,78.37918,150,68,0.141,1.61,1,27.8,16.3,27.1,0.2,9.5,100.0,CRITICAL_DEFICIT,0
SH-KAN-1517,Kangra Sector-14 Relief Center,Kangra,Himachal Pradesh,earthquake,32.22051,76.36229,150,109,0.255,0.08,0,23.1,643.6,1453.5,7.5,231.7,42.37,DEFICIT,1
SH-KAZ-1518,Kaziranga Sector-8 Relief Center,Kaziranga,Assam,flood,26.74055,93.56811,300,211,0.249,0.09,1,34.0,1680.7,2755.6,26.3,1498.5,24.21,BALANCED,2
SH-VIS-1519,Visakhapatnam Sector-2 Relief Center,Visakhapatnam,Andhra Pradesh,cyclone,17.83915,83.72107,300,333,0.185,5.26,1,9.3,260.4,741.7,4.1,254.0,88.39,CRITICAL_DEFICIT,0
SH-KAZ-1520,Kaziranga Sector-4 Relief Center,Kaziranga,Assam,flood,26.97508,92.67979,2000,643,0.057,1.85,1,23.0,2789.0,6840.8,47.6,1606.6,41.13,DEFICIT,1
SH-SOU-1521,South 24 Parganas Sector-12 Relief Center,South 24 Parganas,West Bengal,cyclone,22.50369,88.27287,500,251,0.131,2.03,1,57.0,430.6,851.3,5.9,286.6,86.47,CRITICAL_DEFICIT,0
SH-IDU-1522,Idukki Sector-7 Relief Center,Idukki,Kerala,flood,10.02568,77.21951,150,114,0.42,0.93,1,23.8,205.4,566.5,3.6,91.8,81.31,CRITICAL_DEFICIT,0
SH-UTT-1523,Uttarkashi Sector-6 Relief Center,Uttarkashi,Uttarakhand,earthquake,30.92822,78.39432,800,765,0.65,0.4,1,7.1,9601.3,16735.3,303.9,5048.1,5.99,SURPLUS,3
SH-DHU-1524,Dhubri Sector-8 Relief Center,Dhubri,Assam,flood,26.02214,89.94152,150,150,0.151,0.77,0,18.1,270.1,636.4,3.4,182.9,88.86,CRITICAL_DEFICIT,0
SH-KAN-1525,Kangra Sector-13 Relief Center,Kangra,Himachal Pradesh,earthquake,32.4682,76.02951,300,110,0.498,0.32,1,21.1,171.7,432.4,5.5,156.2,83.9,CRITICAL_DEFICIT,0
SH-VIS-1526,Visakhapatnam Sector-4 Relief Center,Visakhapatnam,Andhra Pradesh,cyclone,18.03149,82.55179,2000,875,0.27,0.32,0,6.5,725.3,1580.1,11.5,408.7,100.0,CRITICAL_DEFICIT,0
SH-DHU-1527,Dhubri Sector-3 Relief Center,Dhubri,Assam,flood,25.92347,90.14087,300,240,0.516,1.01,1,0.0,69.5,197.9,2.3,27.1,100.0,CRITICAL_DEFICIT,0
SH-CHA-1528,Chamoli Sector-13 Relief Center,Chamoli,Uttarakhand,earthquake,30.82273,79.38827,150,146,0.289,2.02,0,0.0,233.5,691.1,5.6,227.7,99.82,CRITICAL_DEFICIT,0
SH-WAY-1529,Wayanad Sector-1 Relief Center,Wayanad,Kerala,flood,11.79743,76.25872,300,243,0.289,0.29,0,29.8,189.7,458.5,4.6,110.9,100.0,CRITICAL_DEFICIT,0
SH-SOU-1530,South 24 Parganas Sector-2 Relief Center,South 24 Parganas,West Bengal,cyclone,21.89935,88.58831,800,649,0.103,0.51,1,0.0,495.1,1258.8,9.1,388.4,89.57,CRITICAL_DEFICIT,0
SH-KAT-1531,Katihar Sector-1 Relief Center,Katihar,Bihar,flood,25.60395,87.6656,300,183,0.287,11.51,0,23.8,148.0,445.7,2.3,51.7,100.0,CRITICAL_DEFICIT,0
SH-KUT-1532,Kutch Sector-10 Relief Center,Kutch,Gujarat,earthquake,23.74881,69.56974,300,174,0.481,2.15,1,37.7,715.1,1650.7,15.8,613.8,47.26,DEFICIT,1
SH-DAR-1533,Darbhanga Sector-5 Relief Center,Darbhanga,Bihar,flood,26.34212,85.64197,300,225,0.233,3.36,1,40.1,219.1,590.7,2.5,128.7,86.02,CRITICAL_DEFICIT,0
SH-DAR-1534,Darbhanga Sector-7 Relief Center,Darbhanga,Bihar,flood,26.22459,85.51816,300,101,0.25,1.54,1,0.0,28.2,52.0,0.7,12.7,100.0,CRITICAL_DEFICIT,0
SH-DHU-1535,Dhubri Sector-11 Relief Center,Dhubri,Assam,flood,25.82795,89.81399,300,315,0.101,2.69,1,15.8,112.0,185.2,2.0,103.1,100.0,CRITICAL_DEFICIT,0
SH-IDU-1536,Idukki Sector-10 Relief Center,Idukki,Kerala,flood,9.79232,77.3181,300,72,0.054,1.91,1,37.6,75.0,182.9,1.4,50.7,85.04,CRITICAL_DEFICIT,0
SH-KAN-1537,Kangra Sector-4 Relief Center,Kangra,Himachal Pradesh,earthquake,32.03158,76.02262,500,473,0.108,1.87,1,43.4,706.5,2046.9,8.7,621.3,82.29,CRITICAL_DEFICIT,0
SH-SOU-1538,South 24 Parganas Sector-2 Relief Center,South 24 Parganas,West Bengal,cyclone,22.66111,88.91266,300,86,0.231,1.55,0,19.2,265.5,619.4,6.6,143.0,83.15,CRITICAL_DEFICIT,0
SH-KAT-1539,Katihar Sector-15 Relief Center,Katihar,Bihar,flood,25.52887,87.88427,1200,903,0.371,0.32,0,0.0,1386.7,2405.1,36.3,854.8,100.0,CRITICAL_DEFICIT,0
SH-KAT-1540,Katihar Sector-9 Relief Center,Katihar,Bihar,flood,25.61822,87.63028,500,473,0.398,0.08,1,31.7,440.0,1185.1,7.5,301.4,94.17,CRITICAL_DEFICIT,0
SH-KUT-1541,Kutch Sector-16 Relief Center,Kutch,Gujarat,earthquake,23.21897,69.96144,150,37,0.133,5.56,0,19.6,36.6,107.4,0.4,23.5,100.0,CRITICAL_DEFICIT,0
SH-DAR-1542,Darbhanga Sector-19 Relief Center,Darbhanga,Bihar,flood,25.51292,85.99195,1200,1319,0.063,8.4,1,7.8,5030.4,15114.0,68.9,2332.2,51.04,DEFICIT,1
SH-KUT-1543,Kutch Sector-9 Relief Center,Kutch,Gujarat,earthquake,23.91114,70.17517,300,146,0.28,1.07,1,21.2,303.4,724.5,6.7,167.5,80.01,CRITICAL_DEFICIT,0
SH-BAL-1544,Balasore Sector-6 Relief Center,Balasore,Odisha,cyclone,21.25796,87.17541,300,61,0.529,4.18,1,25.7,124.8,212.7,2.7,95.1,89.62,CRITICAL_DEFICIT,0
SH-IDU-1545,Idukki Sector-12 Relief Center,Idukki,Kerala,flood,9.89307,76.59701,300,210,0.158,0.17,1,0.0,1562.4,3149.7,15.6,1353.5,17.52,BALANCED,2
SH-SOU-1546,South 24 Parganas Sector-6 Relief Center,South 24 Parganas,West Bengal,cyclone,22.12294,88.5199,300,355,0.101,2.13,1,52.9,1278.5,3371.6,14.0,863.5,55.46,DEFICIT,1
SH-VIS-1547,Visakhapatnam Sector-13 Relief Center,Visakhapatnam,Andhra Pradesh,cyclone,17.46795,83.24175,500,326,0.215,0.43,1,70.9,2777.6,8094.7,62.4,1695.0,5.68,SURPLUS,3
SH-KUT-1548,Kutch Sector-1 Relief Center,Kutch,Gujarat,earthquake,23.69844,69.67214,300,326,0.316,0.46,1,26.7,564.6,1649.8,15.5,475.9,80.05,CRITICAL_DEFICIT,0
SH-WAY-1549,Wayanad Sector-19 Relief Center,Wayanad,Kerala,flood,11.59532,75.90327,300,173,0.235,0.57,0,22.2,679.2,1760.3,14.3,537.1,64.89,DEFICIT,1
SH-KUT-1550,Kutch Sector-4 Relief Center,Kutch,Gujarat,earthquake,23.95989,69.5795,800,378,0.201,8.08,1,31.0,400.3,689.1,5.9,239.2,94.41,CRITICAL_DEFICIT,0
SH-VIS-1551,Visakhapatnam Sector-17 Relief Center,Visakhapatnam,Andhra Pradesh,cyclone,17.65362,83.69665,300,268,0.1,1.46,1,0.0,85.2,144.3,1.0,69.5,96.36,CRITICAL_DEFICIT,0
SH-CHA-1552,Chamoli Sector-13 Relief Center,Chamoli,Uttarakhand,earthquake,30.24483,79.74238,300,175,0.35,0.44,0,0.0,62.6,160.6,1.7,62.5,100.0,CRITICAL_DEFICIT,0
SH-IDU-1553,Idukki Sector-2 Relief Center,Idukki,Kerala,flood,9.73847,77.12603,300,48,0.154,1.2,1,11.1,14.6,42.5,0.3,7.3,100.0,CRITICAL_DEFICIT,0
SH-KAT-1554,Katihar Sector-5 Relief Center,Katihar,Bihar,flood,25.76049,88.07686,150,186,0.068,8.39,1,8.9,352.9,917.0,6.4,257.2,75.94,CRITICAL_DEFICIT,0
SH-VIS-1555,Visakhapatnam Sector-10 Relief Center,Visakhapatnam,Andhra Pradesh,cyclone,17.87994,83.13388,150,24,0.189,0.6,1,4.8,17.4,52.0,0.3,14.8,89.81,CRITICAL_DEFICIT,0
SH-SOU-1556,South 24 Parganas Sector-5 Relief Center,South 24 Parganas,West Bengal,cyclone,21.66888,88.41227,300,159,0.401,5.76,0,0.0,265.5,576.9,7.8,108.2,100.0,CRITICAL_DEFICIT,0
SH-DHU-1557,Dhubri Sector-3 Relief Center,Dhubri,Assam,flood,25.9958,89.91102,150,103,0.399,1.51,1,38.1,100.9,175.8,1.6,61.1,92.31,CRITICAL_DEFICIT,0
SH-IDU-1558,Idukki Sector-6 Relief Center,Idukki,Kerala,flood,10.30024,77.17974,300,92,0.159,1.78,1,31.2,650.6,1082.4,13.9,581.1,38.67,BALANCED,2
SH-KAZ-1559,Kaziranga Sector-13 Relief Center,Kaziranga,Assam,flood,26.43345,92.83596,300,313,0.455,2.21,0,42.8,656.8,1341.1,15.3,389.7,95.52,CRITICAL_DEFICIT,0
SH-BAL-1560,Balasore Sector-11 Relief Center,Balasore,Odisha,cyclone,21.30803,86.64996,150,118,0.288,3.27,1,9.4,1033.8,1932.5,19.4,940.9,9.05,BALANCED,2
SH-DAR-1561,Darbhanga Sector-3 Relief Center,Darbhanga,Bihar,flood,26.33656,86.17005,800,533,0.188,0.13,0,27.6,2075.2,5968.6,35.4,2059.0,66.27,DEFICIT,1
SH-WAY-1562,Wayanad Sector-3 Relief Center,Wayanad,Kerala,flood,11.44151,76.07443,150,107,0.146,3.75,0,4.5,108.4,290.4,1.9,53.4,99.6,CRITICAL_DEFICIT,0
SH-WAY-1563,Wayanad Sector-10 Relief Center,Wayanad,Kerala,flood,11.88041,75.38646,300,359,0.455,0.04,0,33.4,369.8,639.5,6.7,363.2,100.0,CRITICAL_DEFICIT,0
SH-KUT-1564,Kutch Sector-13 Relief Center,Kutch,Gujarat,earthquake,23.78743,70.38136,150,113,0.2,4.69,0,29.0,176.1,300.7,3.9,121.5,96.55,CRITICAL_DEFICIT,0
SH-DHU-1565,Dhubri Sector-5 Relief Center,Dhubri,Assam,flood,26.5238,90.03308,500,202,0.547,2.43,0,46.4,203.9,550.0,6.0,203.6,100.0,CRITICAL_DEFICIT,0
SH-DAR-1566,Darbhanga Sector-10 Relief Center,Darbhanga,Bihar,flood,26.05348,85.522,300,203,0.45,0.28,1,42.0,323.1,683.2,6.4,205.0,86.99,CRITICAL_DEFICIT,0
SH-WAY-1567,Wayanad Sector-2 Relief Center,Wayanad,Kerala,flood,11.95694,75.94412,150,76,0.16,4.0,0,2.9,26.3,55.1,0.4,24.1,100.0,CRITICAL_DEFICIT,0
SH-WAY-1568,Wayanad Sector-18 Relief Center,Wayanad,Kerala,flood,11.96358,76.04526,150,45,0.115,1.51,1,19.6,305.3,867.1,5.4,205.3,13.52,BALANCED,2
SH-KAT-1569,Katihar Sector-19 Relief Center,Katihar,Bihar,flood,25.40258,87.23866,1200,750,0.096,1.38,1,34.2,693.7,1606.8,13.6,533.5,88.17,CRITICAL_DEFICIT,0
SH-UTT-1570,Uttarkashi Sector-3 Relief Center,Uttarkashi,Uttarakhand,earthquake,30.77201,78.15454,300,263,0.249,0.11,1,21.0,2021.0,4285.1,32.5,1935.5,10.08,BALANCED,2
SH-KUT-1571,Kutch Sector-7 Relief Center,Kutch,Gujarat,earthquake,23.63643,69.80537,300,127,0.25,2.73,1,29.2,467.6,1190.1,7.4,337.1,58.63,DEFICIT,1
SH-KAT-1572,Katihar Sector-19 Relief Center,Katihar,Bihar,flood,25.04563,87.58284,500,359,0.556,0.36,1,23.8,1491.7,4088.0,30.4,1359.0,53.61,DEFICIT,1
SH-VIS-1573,Visakhapatnam Sector-6 Relief Center,Visakhapatnam,Andhra Pradesh,cyclone,17.8168,82.9853,500,305,0.542,0.79,1,17.6,2831.9,7223.8,91.9,2076.2,7.04,SURPLUS,3
SH-KAT-1574,Katihar Sector-14 Relief Center,Katihar,Bihar,flood,25.83106,87.66142,300,278,0.107,2.8,0,36.6,538.7,1618.5,6.6,474.2,88.6,CRITICAL_DEFICIT,0
SH-PUR-1575,Puri Sector-1 Relief Center,Puri,Odisha,cyclone,19.38438,85.91706,500,586,0.183,0.07,1,25.4,577.6,1195.7,12.0,208.5,85.75,CRITICAL_DEFICIT,0
SH-KUT-1576,Kutch Sector-14 Relief Center,Kutch,Gujarat,earthquake,23.97078,69.87876,500,287,0.114,6.04,0,26.3,488.8,1105.0,10.1,223.1,94.37,CRITICAL_DEFICIT,0
SH-IDU-1577,Idukki Sector-11 Relief Center,Idukki,Kerala,flood,10.05736,76.92156,300,177,0.208,0.43,0,36.0,645.5,1847.8,14.9,236.5,64.66,DEFICIT,1
SH-KAT-1578,Katihar Sector-5 Relief Center,Katihar,Bihar,flood,25.65562,87.81246,300,173,0.411,3.64,0,15.5,314.7,659.5,4.4,241.8,97.18,CRITICAL_DEFICIT,0
SH-WAY-1579,Wayanad Sector-12 Relief Center,Wayanad,Kerala,flood,11.47413,76.75969,150,159,0.18,1.04,1,21.8,660.4,1407.8,9.1,437.8,53.35,DEFICIT,1
SH-VIS-1580,Visakhapatnam Sector-1 Relief Center,Visakhapatnam,Andhra Pradesh,cyclone,17.98317,82.79344,300,228,0.068,0.92,1,31.6,203.4,589.6,2.0,183.9,94.73,CRITICAL_DEFICIT,0
SH-DAR-1581,Darbhanga Sector-9 Relief Center,Darbhanga,Bihar,flood,26.323,85.97229,1200,309,0.314,3.1,0,29.2,500.2,983.8,13.2,245.0,100.0,CRITICAL_DEFICIT,0
SH-VIS-1582,Visakhapatnam Sector-5 Relief Center,Visakhapatnam,Andhra Pradesh,cyclone,17.5818,83.36691,150,135,0.209,0.15,1,25.5,224.7,677.3,2.6,160.2,80.28,CRITICAL_DEFICIT,0
SH-KAN-1583,Kangra Sector-15 Relief Center,Kangra,Himachal Pradesh,earthquake,32.17703,75.82453,300,222,0.082,0.03,0,37.3,1239.2,3073.3,22.8,746.6,36.46,BALANCED,2
SH-CHA-1584,Chamoli Sector-16 Relief Center,Chamoli,Uttarakhand,earthquake,30.36283,79.34865,800,135,0.339,5.9,1,42.4,257.8,640.7,4.2,182.8,80.62,CRITICAL_DEFICIT,0
SH-BAL-1585,Balasore Sector-8 Relief Center,Balasore,Odisha,cyclone,21.90703,86.97399,300,264,0.17,0.59,1,8.2,1683.1,3773.1,21.9,1038.3,22.51,BALANCED,2
SH-DHU-1586,Dhubri Sector-3 Relief Center,Dhubri,Assam,flood,25.73232,90.25468,300,356,0.274,8.29,1,15.5,1236.7,2407.0,32.0,1074.0,68.98,DEFICIT,1
SH-KAZ-1587,Kaziranga Sector-11 Relief Center,Kaziranga,Assam,flood,26.81649,93.26238,150,31,0.215,8.11,0,36.5,65.7,192.8,0.9,62.7,87.85,CRITICAL_DEFICIT,0
SH-BAL-1588,Balasore Sector-13 Relief Center,Balasore,Odisha,cyclone,21.12601,86.766,800,878,0.231,0.71,1,14.7,1464.9,3853.9,17.5,1432.0,79.01,CRITICAL_DEFICIT,0
SH-KAT-1589,Katihar Sector-19 Relief Center,Katihar,Bihar,flood,25.27619,87.54973,300,190,0.52,2.18,1,30.4,1267.6,3022.0,38.9,1096.3,15.48,BALANCED,2
SH-DAR-1590,Darbhanga Sector-3 Relief Center,Darbhanga,Bihar,flood,26.08945,86.14509,150,104,0.398,0.28,1,24.7,32.7,68.2,0.8,22.0,97.67,CRITICAL_DEFICIT,0
SH-BAL-1591,Balasore Sector-17 Relief Center,Balasore,Odisha,cyclone,21.32718,87.06329,1200,938,0.65,6.21,1,9.0,1864.8,5118.2,32.8,1496.9,77.95,CRITICAL_DEFICIT,0
SH-UTT-1592,Uttarkashi Sector-11 Relief Center,Uttarkashi,Uttarakhand,earthquake,30.71355,78.16599,150,69,0.364,4.52,0,14.1,24.7,67.1,0.6,11.8,100.0,CRITICAL_DEFICIT,0
SH-KAN-1593,Kangra Sector-4 Relief Center,Kangra,Himachal Pradesh,earthquake,32.32751,76.11021,1200,1424,0.251,3.63,1,0.0,7775.2,18491.9,174.4,3825.1,33.31,BALANCED,2
SH-KUT-1594,Kutch Sector-4 Relief Center,Kutch,Gujarat,earthquake,23.97596,69.85007,500,401,0.394,1.71,1,13.9,2474.1,6990.5,50.2,2009.2,22.81,BALANCED,2
SH-IDU-1595,Idukki Sector-9 Relief Center,Idukki,Kerala,flood,9.60391,77.31688,300,294,0.635,2.56,1,0.0,97.1,271.3,3.4,67.7,100.0,CRITICAL_DEFICIT,0
SH-DAR-1596,Darbhanga Sector-11 Relief Center,Darbhanga,Bihar,flood,26.1213,86.18207,150,104,0.437,0.3,1,19.9,27.7,75.8,0.5,11.3,100.0,CRITICAL_DEFICIT,0
SH-KAT-1597,Katihar Sector-2 Relief Center,Katihar,Bihar,flood,25.68312,87.95589,500,526,0.207,9.39,0,14.4,408.1,891.2,5.6,319.9,100.0,CRITICAL_DEFICIT,0
SH-DAR-1598,Darbhanga Sector-7 Relief Center,Darbhanga,Bihar,flood,25.94624,86.26496,150,88,0.286,6.2,0,28.6,177.3,400.0,3.6,96.9,93.93,CRITICAL_DEFICIT,0
SH-DAR-1599,Darbhanga Sector-3 Relief Center,Darbhanga,Bihar,flood,25.98556,86.01404,500,283,0.65,1.46,1,30.5,1219.8,2332.5,44.6,1027.2,61.48,DEFICIT,1
SH-KAZ-1600,Kaziranga Sector-9 Relief Center,Kaziranga,Assam,flood,26.51217,93.11012,300,340,0.209,0.4,0,74.2,657.6,1828.1,12.8,500.3,92.96,CRITICAL_DEFICIT,0
SH-SOU-1601,South 24 Parganas Sector-6 Relief Center,South 24 Parganas,West Bengal,cyclone,22.10886,88.12911,300,257,0.559,0.06,1,0.0,190.9,555.9,5.9,87.2,96.13,CRITICAL_DEFICIT,0
SH-BAL-1602,Balasore Sector-7 Relief Center,Balasore,Odisha,cyclone,21.54622,86.87,500,322,0.361,1.56,1,19.3,290.8,662.0,6.6,145.8,94.38,CRITICAL_DEFICIT,0
SH-DAR-1603,Darbhanga Sector-4 Relief Center,Darbhanga,Bihar,flood,26.01828,85.87913,150,149,0.119,7.03,0,24.8,286.0,634.0,2.8,232.6,91.1,CRITICAL_DEFICIT,0
SH-KAN-1604,Kangra Sector-19 Relief Center,Kangra,Himachal Pradesh,earthquake,31.69634,76.06472,300,276,0.495,3.53,0,12.8,204.5,423.7,5.9,125.3,100.0,CRITICAL_DEFICIT,0
SH-DAR-1605,Darbhanga Sector-7 Relief Center,Darbhanga,Bihar,flood,26.14358,85.93488,500,120,0.223,0.98,1,50.5,1144.7,2625.9,24.5,908.9,2.9,SURPLUS,3
SH-PUR-1606,Puri Sector-1 Relief Center,Puri,Odisha,cyclone,20.12433,85.96967,300,327,0.607,2.84,1,0.5,583.1,1199.0,10.1,467.8,90.28,CRITICAL_DEFICIT,0
SH-KAN-1607,Kangra Sector-17 Relief Center,Kangra,Himachal Pradesh,earthquake,32.17375,76.03267,150,88,0.164,1.73,1,0.0,67.5,149.4,1.4,33.4,95.09,CRITICAL_DEFICIT,0
SH-BAL-1608,Balasore Sector-6 Relief Center,Balasore,Odisha,cyclone,21.57027,86.98147,150,77,0.447,2.75,0,0.0,139.2,409.7,3.4,115.8,99.82,CRITICAL_DEFICIT,0
SH-UTT-1609,Uttarkashi Sector-13 Relief Center,Uttarkashi,Uttarakhand,earthquake,31.07482,78.25325,300,302,0.627,2.0,1,17.5,96.1,198.3,2.5,66.1,100.0,CRITICAL_DEFICIT,0
SH-SOU-1610,South 24 Parganas Sector-12 Relief Center,South 24 Parganas,West Bengal,cyclone,22.22148,89.12017,150,50,0.327,2.56,1,0.0,86.6,148.8,1.6,42.0,91.1,CRITICAL_DEFICIT,0
SH-WAY-1611,Wayanad Sector-7 Relief Center,Wayanad,Kerala,flood,11.43679,76.39459,150,24,0.091,3.42,0,19.7,106.9,306.9,1.6,65.2,57.31,DEFICIT,1
SH-KAN-1612,Kangra Sector-19 Relief Center,Kangra,Himachal Pradesh,earthquake,32.28682,76.10896,300,130,0.37,1.73,1,0.0,199.4,470.6,3.3,85.6,82.32,CRITICAL_DEFICIT,0
SH-WAY-1613,Wayanad Sector-8 Relief Center,Wayanad,Kerala,flood,11.61193,76.24121,800,758,0.312,6.89,1,7.5,619.6,1145.2,11.5,530.6,96.77,CRITICAL_DEFICIT,0
SH-IDU-1614,Idukki Sector-14 Relief Center,Idukki,Kerala,flood,9.92292,77.22201,800,391,0.321,0.69,0,36.5,750.9,1341.4,9.7,735.1,100.0,CRITICAL_DEFICIT,0
SH-KAT-1615,Katihar Sector-18 Relief Center,Katihar,Bihar,flood,25.44255,87.74037,150,57,0.191,3.09,0,24.1,52.2,105.9,0.9,21.8,100.0,CRITICAL_DEFICIT,0
SH-DAR-1616,Darbhanga Sector-15 Relief Center,Darbhanga,Bihar,flood,26.00714,85.97494,300,344,0.312,1.17,1,18.3,686.5,1163.4,16.1,540.0,84.96,CRITICAL_DEFICIT,0
SH-KAT-1617,Katihar Sector-16 Relief Center,Katihar,Bihar,flood,25.4092,87.6496,150,126,0.38,0.67,1,0.0,107.2,212.0,2.4,79.6,92.49,CRITICAL_DEFICIT,0
SH-BAL-1618,Balasore Sector-2 Relief Center,Balasore,Odisha,cyclone,21.52792,86.93689,300,156,0.245,0.01,1,0.3,471.2,1179.6,9.6,206.8,64.15,DEFICIT,1
SH-IDU-1619,Idukki Sector-13 Relief Center,Idukki,Kerala,flood,9.83096,76.90486,300,258,0.112,3.82,0,11.6,783.9,2027.0,9.6,402.7,75.8,CRITICAL_DEFICIT,0
SH-KAN-1620,Kangra Sector-1 Relief Center,Kangra,Himachal Pradesh,earthquake,32.11914,76.29781,2000,1616,0.05,8.87,0,41.1,7134.4,16812.3,87.5,6760.5,60.18,DEFICIT,1
SH-VIS-1621,Visakhapatnam Sector-18 Relief Center,Visakhapatnam,Andhra Pradesh,cyclone,17.52513,82.8036,300,189,0.15,0.05,1,27.8,288.0,474.4,3.1,181.7,88.05,CRITICAL_DEFICIT,0
SH-CHA-1622,Chamoli Sector-16 Relief Center,Chamoli,Uttarakhand,earthquake,30.00398,79.68518,800,822,0.272,12.81,1,32.1,786.0,1630.7,12.9,729.7,89.23,CRITICAL_DEFICIT,0
SH-SOU-1623,South 24 Parganas Sector-14 Relief Center,South 24 Parganas,West Bengal,cyclone,22.18018,88.54015,500,380,0.252,3.5,1,10.3,1511.0,4557.3,20.6,555.2,48.73,DEFICIT,1
SH-UTT-1624,Uttarkashi Sector-19 Relief Center,Uttarkashi,Uttarakhand,earthquake,30.95735,78.30485,300,197,0.107,3.38,0,12.4,148.8,376.9,1.6,132.8,100.0,CRITICAL_DEFICIT,0
SH-DAR-1625,Darbhanga Sector-16 Relief Center,Darbhanga,Bihar,flood,26.11208,86.35725,500,465,0.259,1.84,1,17.7,826.0,2249.8,11.9,493.7,76.7,CRITICAL_DEFICIT,0
SH-WAY-1626,Wayanad Sector-14 Relief Center,Wayanad,Kerala,flood,11.5336,76.12715,300,185,0.259,4.54,0,39.1,178.9,479.3,2.8,116.3,100.0,CRITICAL_DEFICIT,0
SH-PUR-1627,Puri Sector-18 Relief Center,Puri,Odisha,cyclone,19.64042,85.64633,300,196,0.65,3.74,0,21.5,198.0,447.2,3.1,190.6,100.0,CRITICAL_DEFICIT,0
SH-IDU-1628,Idukki Sector-5 Relief Center,Idukki,Kerala,flood,9.71788,77.00537,500,401,0.091,0.63,1,42.9,427.6,962.0,8.9,361.8,87.17,CRITICAL_DEFICIT,0
SH-DHU-1629,Dhubri Sector-18 Relief Center,Dhubri,Assam,flood,26.47513,89.89125,1200,1158,0.369,0.39,1,18.3,4460.9,10496.4,72.3,2188.5,53.51,DEFICIT,1
SH-KAT-1630,Katihar Sector-15 Relief Center,Katihar,Bihar,flood,25.93286,87.31734,300,144,0.303,5.96,1,0.0,151.3,255.5,3.3,114.9,91.62,CRITICAL_DEFICIT,0
SH-WAY-1631,Wayanad Sector-17 Relief Center,Wayanad,Kerala,flood,11.11082,76.18383,300,112,0.377,1.27,1,15.0,422.2,760.3,8.4,318.2,68.39,DEFICIT,1
SH-WAY-1632,Wayanad Sector-14 Relief Center,Wayanad,Kerala,flood,12.01939,76.47507,800,281,0.176,1.49,0,24.8,244.2,579.4,4.1,231.4,100.0,CRITICAL_DEFICIT,0
SH-KAZ-1633,Kaziranga Sector-6 Relief Center,Kaziranga,Assam,flood,26.54675,93.50827,300,80,0.196,1.18,1,14.6,84.3,254.8,1.6,61.9,88.47,CRITICAL_DEFICIT,0
SH-KUT-1634,Kutch Sector-18 Relief Center,Kutch,Gujarat,earthquake,24.04242,70.17868,1200,538,0.211,0.89,1,63.9,428.2,874.1,6.7,344.4,93.18,CRITICAL_DEFICIT,0
SH-DAR-1635,Darbhanga Sector-15 Relief Center,Darbhanga,Bihar,flood,25.95415,85.77561,500,126,0.192,0.8,1,39.7,799.6,1533.6,18.8,283.1,31.6,BALANCED,2
SH-SOU-1636,South 24 Parganas Sector-12 Relief Center,South 24 Parganas,West Bengal,cyclone,22.10749,89.12936,1200,992,0.111,0.15,1,0.0,244.8,552.0,4.8,189.9,94.7,CRITICAL_DEFICIT,0
SH-WAY-1637,Wayanad Sector-2 Relief Center,Wayanad,Kerala,flood,11.90238,76.70874,300,63,0.455,0.38,1,33.6,19.5,36.7,0.4,10.0,100.0,CRITICAL_DEFICIT,0
SH-UTT-1638,Uttarkashi Sector-11 Relief Center,Uttarkashi,Uttarakhand,earthquake,30.82085,78.13361,150,56,0.468,0.32,0,29.6,13.6,32.4,0.4,12.5,100.0,CRITICAL_DEFICIT,0
SH-PUR-1639,Puri Sector-8 Relief Center,Puri,Odisha,cyclone,20.0678,85.57409,500,248,0.09,2.61,0,52.4,452.0,847.0,5.9,359.5,99.93,CRITICAL_DEFICIT,0
SH-KAN-1640,Kangra Sector-11 Relief Center,Kangra,Himachal Pradesh,earthquake,31.77246,76.08286,150,39,0.279,2.79,1,34.0,32.0,55.8,0.8,29.6,98.71,CRITICAL_DEFICIT,0
SH-VIS-1641,Visakhapatnam Sector-8 Relief Center,Visakhapatnam,Andhra Pradesh,cyclone,17.777,83.65259,500,110,0.177,4.66,1,25.0,90.4,158.7,2.1,80.2,91.83,CRITICAL_DEFICIT,0
SH-KAT-1642,Katihar Sector-5 Relief Center,Katihar,Bihar,flood,25.64615,87.76107,800,651,0.281,2.29,1,0.0,2876.1,7709.8,40.3,1709.2,41.34,DEFICIT,1
SH-KUT-1643,Kutch Sector-12 Relief Center,Kutch,Gujarat,earthquake,23.3933,69.59913,300,254,0.352,3.27,0,35.9,266.4,716.9,4.9,232.1,100.0,CRITICAL_DEFICIT,0
SH-BAL-1644,Balasore Sector-9 Relief Center,Balasore,Odisha,cyclone,22.04555,86.84804,300,263,0.298,2.5,0,39.9,852.8,2332.8,16.7,806.5,74.68,CRITICAL_DEFICIT,0
SH-KUT-1645,Kutch Sector-8 Relief Center,Kutch,Gujarat,earthquake,23.75977,69.74448,300,339,0.227,1.15,1,25.4,267.6,553.7,6.0,99.5,91.31,CRITICAL_DEFICIT,0
SH-IDU-1646,Idukki Sector-2 Relief Center,Idukki,Kerala,flood,9.82277,77.19289,300,361,0.117,1.77,1,0.0,2729.1,8272.5,34.5,1022.1,3.91,SURPLUS,3
SH-BAL-1647,Balasore Sector-1 Relief Center,Balasore,Odisha,cyclone,21.35253,87.00594,1200,1060,0.536,2.96,1,30.4,6393.5,19084.5,197.3,6329.6,25.58,BALANCED,2
SH-SOU-1648,South 24 Parganas Sector-13 Relief Center,South 24 Parganas,West Bengal,cyclone,22.4692,88.25225,800,609,0.183,8.93,0,34.2,462.8,1145.6,7.1,259.1,100.0,CRITICAL_DEFICIT,0
SH-DAR-1649,Darbhanga Sector-16 Relief Center,Darbhanga,Bihar,flood,25.90838,85.80727,2000,1058,0.191,0.84,0,9.1,3630.2,5996.1,83.8,1968.9,82.73,CRITICAL_DEFICIT,0
SH-KAN-1650,Kangra Sector-8 Relief Center,Kangra,Himachal Pradesh,earthquake,31.82303,76.24564,300,20,0.481,1.72,0,0.0,40.8,77.9,1.1,27.3,100.0,CRITICAL_DEFICIT,0
SH-WAY-1651,Wayanad Sector-17 Relief Center,Wayanad,Kerala,flood,11.45509,76.08005,300,71,0.22,0.86,0,20.6,468.1,1193.4,7.2,317.1,31.03,BALANCED,2
SH-KAN-1652,Kangra Sector-9 Relief Center,Kangra,Himachal Pradesh,earthquake,31.70192,76.24409,2000,1701,0.22,1.14,1,36.3,2535.6,7444.1,31.8,2337.7,83.31,CRITICAL_DEFICIT,0
SH-KAN-1653,Kangra Sector-19 Relief Center,Kangra,Himachal Pradesh,earthquake,31.93889,76.04488,500,471,0.141,3.43,0,30.9,1687.8,3337.8,31.2,1249.9,72.51,CRITICAL_DEFICIT,0
SH-KUT-1654,Kutch Sector-3 Relief Center,Kutch,Gujarat,earthquake,23.79659,70.07298,500,350,0.557,0.42,1,14.7,255.2,580.2,5.4,253.1,97.08,CRITICAL_DEFICIT,0
SH-VIS-1655,Visakhapatnam Sector-12 Relief Center,Visakhapatnam,Andhra Pradesh,cyclone,17.78239,83.18387,800,914,0.36,6.36,1,54.6,961.0,2765.1,13.5,337.9,89.68,CRITICAL_DEFICIT,0
SH-SOU-1656,South 24 Parganas Sector-19 Relief Center,South 24 Parganas,West Bengal,cyclone,22.18202,88.44872,150,22,0.064,0.1,1,52.8,139.9,316.4,2.0,76.8,18.38,BALANCED,2
SH-IDU-1657,Idukki Sector-4 Relief Center,Idukki,Kerala,flood,9.38219,77.05244,150,83,0.09,2.29,1,42.6,613.4,1069.7,12.7,591.9,28.61,BALANCED,2
SH-CHA-1658,Chamoli Sector-1 Relief Center,Chamoli,Uttarakhand,earthquake,30.53017,78.84995,500,205,0.396,0.0,0,27.6,50.9,137.9,1.0,48.1,100.0,CRITICAL_DEFICIT,0
SH-KAN-1659,Kangra Sector-16 Relief Center,Kangra,Himachal Pradesh,earthquake,32.31578,75.77303,150,57,0.38,2.51,1,7.1,20.0,55.2,0.3,15.2,100.0,CRITICAL_DEFICIT,0
SH-KAZ-1660,Kaziranga Sector-12 Relief Center,Kaziranga,Assam,flood,26.72132,93.51544,300,77,0.212,1.56,1,3.4,125.0,368.5,2.4,66.0,83.02,CRITICAL_DEFICIT,0
SH-PUR-1661,Puri Sector-16 Relief Center,Puri,Odisha,cyclone,19.58316,85.81348,500,383,0.413,0.06,0,7.5,633.0,1309.6,13.3,315.7,97.79,CRITICAL_DEFICIT,0
SH-KAN-1662,Kangra Sector-4 Relief Center,Kangra,Himachal Pradesh,earthquake,32.01702,75.98372,150,131,0.322,0.96,1,19.1,1384.8,3371.9,31.0,1197.9,8.04,SURPLUS,3
SH-BAL-1663,Balasore Sector-18 Relief Center,Balasore,Odisha,cyclone,21.63672,87.16188,800,325,0.171,0.77,1,29.5,291.6,816.6,5.0,144.7,90.47,CRITICAL_DEFICIT,0
SH-KAN-1664,Kangra Sector-19 Relief Center,Kangra,Himachal Pradesh,earthquake,31.98265,76.32164,800,836,0.483,0.09,1,27.7,3701.4,10074.1,83.0,1371.7,46.55,DEFICIT,1
SH-DHU-1665,Dhubri Sector-19 Relief Center,Dhubri,Assam,flood,26.10166,89.77704,1200,497,0.193,6.14,1,10.1,932.1,2277.2,15.7,840.4,80.75,CRITICAL_DEFICIT,0
SH-VIS-1666,Visakhapatnam Sector-11 Relief Center,Visakhapatnam,Andhra Pradesh,cyclone,17.849,83.51509,150,28,0.213,7.69,1,28.6,193.2,345.8,2.6,174.2,33.09,BALANCED,2
SH-CHA-1667,Chamoli Sector-18 Relief Center,Chamoli,Uttarakhand,earthquake,30.42418,79.78326,300,230,0.182,1.12,1,13.0,403.1,689.8,7.7,268.6,82.17,CRITICAL_DEFICIT,0
SH-KUT-1668,Kutch Sector-17 Relief Center,Kutch,Gujarat,earthquake,23.47843,69.95425,800,262,0.156,3.19,0,49.6,862.1,1842.9,16.1,359.1,75.21,CRITICAL_DEFICIT,0
SH-KUT-1669,Kutch Sector-16 Relief Center,Kutch,Gujarat,earthquake,23.82432,69.96626,800,519,0.333,5.6,1,47.2,143.6,356.9,2.7,137.9,98.65,CRITICAL_DEFICIT,0
SH-WAY-1670,Wayanad Sector-6 Relief Center,Wayanad,Kerala,flood,12.48167,76.18462,300,291,0.227,0.67,1,27.9,221.8,380.4,3.1,130.9,94.88,CRITICAL_DEFICIT,0
SH-VIS-1671,Visakhapatnam Sector-12 Relief Center,Visakhapatnam,Andhra Pradesh,cyclone,17.72763,82.87981,300,87,0.266,0.3,1,13.2,86.9,179.4,1.6,69.4,91.61,CRITICAL_DEFICIT,0
SH-KAT-1672,Katihar Sector-10 Relief Center,Katihar,Bihar,flood,25.21519,87.56207,300,201,0.238,0.17,1,4.3,1404.4,2755.1,21.5,951.8,24.89,BALANCED,2
SH-UTT-1673,Uttarkashi Sector-5 Relief Center,Uttarkashi,Uttarakhand,earthquake,30.56914,78.70843,500,371,0.61,2.78,0,0.0,1473.9,3054.9,30.9,982.5,75.28,CRITICAL_DEFICIT,0
SH-WAY-1674,Wayanad Sector-16 Relief Center,Wayanad,Kerala,flood,11.85606,76.3838,300,165,0.141,1.21,1,21.9,609.6,1662.8,9.7,579.4,53.3,DEFICIT,1
SH-KAT-1675,Katihar Sector-18 Relief Center,Katihar,Bihar,flood,25.2916,87.79873,300,188,0.227,2.27,1,15.8,54.7,163.5,1.2,19.5,100.0,CRITICAL_DEFICIT,0
SH-DAR-1676,Darbhanga Sector-15 Relief Center,Darbhanga,Bihar,flood,26.28407,85.57466,300,141,0.248,0.02,1,23.5,483.4,1363.2,10.3,201.5,55.24,DEFICIT,1
SH-KAN-1677,Kangra Sector-10 Relief Center,Kangra,Himachal Pradesh,earthquake,31.86317,76.33236,150,185,0.429,1.07,1,40.2,184.6,432.2,2.7,138.7,87.46,CRITICAL_DEFICIT,0
SH-SOU-1678,South 24 Parganas Sector-11 Relief Center,South 24 Parganas,West Bengal,cyclone,22.26091,88.91027,150,56,0.24,10.58,1,13.2,84.5,170.0,1.5,82.1,84.41,CRITICAL_DEFICIT,0
SH-DHU-1679,Dhubri Sector-9 Relief Center,Dhubri,Assam,flood,25.93717,89.57281,300,80,0.524,13.09,0,29.1,86.1,170.1,2.7,81.1,100.0,CRITICAL_DEFICIT,0
SH-CHA-1680,Chamoli Sector-6 Relief Center,Chamoli,Uttarakhand,earthquake,30.73692,79.61183,300,128,0.231,0.67,1,44.6,101.6,284.1,1.6,61.7,91.8,CRITICAL_DEFICIT,0
SH-CHA-1681,Chamoli Sector-18 Relief Center,Chamoli,Uttarakhand,earthquake,29.97763,79.061,1200,1008,0.108,5.05,1,40.4,5835.1,15234.4,62.0,3316.7,25.33,BALANCED,2
SH-VIS-1682,Visakhapatnam Sector-9 Relief Center,Visakhapatnam,Andhra Pradesh,cyclone,17.52558,83.5371,300,322,0.246,0.3,0,12.3,238.7,442.7,3.7,141.3,100.0,CRITICAL_DEFICIT,0
SH-SOU-1683,South 24 Parganas Sector-5 Relief Center,South 24 Parganas,West Bengal,cyclone,21.93713,88.62286,150,78,0.329,0.75,1,2.3,132.2,242.4,3.6,126.3,88.52,CRITICAL_DEFICIT,0
SH-BAL-1684,Balasore Sector-14 Relief Center,Balasore,Odisha,cyclone,21.60324,86.91351,500,451,0.171,1.98,1,9.2,391.7,965.7,8.4,196.9,92.67,CRITICAL_DEFICIT,0
SH-DHU-1685,Dhubri Sector-14 Relief Center,Dhubri,Assam,flood,26.0912,89.81776,2000,571,0.224,0.85,1,23.8,1040.7,2111.3,20.7,700.4,84.56,CRITICAL_DEFICIT,0
SH-BAL-1686,Balasore Sector-8 Relief Center,Balasore,Odisha,cyclone,21.43991,86.79665,2000,2034,0.263,1.42,1,13.8,532.3,1021.1,7.9,268.1,99.45,CRITICAL_DEFICIT,0
SH-KAT-1687,Katihar Sector-6 Relief Center,Katihar,Bihar,flood,25.75943,87.57345,150,168,0.183,8.56,1,34.9,1054.0,2120.2,11.4,632.0,31.45,BALANCED,2
SH-IDU-1688,Idukki Sector-2 Relief Center,Idukki,Kerala,flood,9.83598,77.1524,800,726,0.562,1.82,1,28.0,526.9,1124.4,11.5,433.9,100.0,CRITICAL_DEFICIT,0
SH-DAR-1689,Darbhanga Sector-4 Relief Center,Darbhanga,Bihar,flood,26.41532,85.71572,500,245,0.115,1.23,1,32.3,780.4,1708.6,16.3,590.2,61.9,DEFICIT,1
SH-KUT-1690,Kutch Sector-3 Relief Center,Kutch,Gujarat,earthquake,24.08597,69.78717,800,403,0.088,3.7,1,8.3,138.0,319.6,2.2,113.3,100.0,CRITICAL_DEFICIT,0
SH-UTT-1691,Uttarkashi Sector-3 Relief Center,Uttarkashi,Uttarakhand,earthquake,30.77484,78.32845,300,238,0.257,3.79,0,21.1,1055.5,1966.6,13.7,684.2,68.48,DEFICIT,1
SH-IDU-1692,Idukki Sector-14 Relief Center,Idukki,Kerala,flood,10.06667,77.31568,500,492,0.329,0.44,1,26.8,5410.0,10779.6,66.8,2607.4,4.51,SURPLUS,3
SH-BAL-1693,Balasore Sector-15 Relief Center,Balasore,Odisha,cyclone,21.08631,86.73407,500,333,0.486,0.88,1,12.9,1922.0,5662.8,55.5,1510.8,26.18,BALANCED,2
SH-BAL-1694,Balasore Sector-5 Relief Center,Balasore,Odisha,cyclone,21.27924,86.64692,300,58,0.17,2.11,1,0.0,62.4,186.7,1.0,42.2,87.97,CRITICAL_DEFICIT,0
SH-VIS-1695,Visakhapatnam Sector-11 Relief Center,Visakhapatnam,Andhra Pradesh,cyclone,17.72094,83.5868,300,348,0.203,0.29,1,23.1,362.7,1032.8,8.0,330.6,87.58,CRITICAL_DEFICIT,0
SH-KAT-1696,Katihar Sector-19 Relief Center,Katihar,Bihar,flood,25.64743,87.34223,150,80,0.177,6.33,0,0.0,601.9,1477.9,12.9,384.8,17.75,SURPLUS,3
SH-VIS-1697,Visakhapatnam Sector-1 Relief Center,Visakhapatnam,Andhra Pradesh,cyclone,17.84109,83.42294,500,221,0.286,4.62,0,8.7,229.5,511.4,3.1,124.1,100.0,CRITICAL_DEFICIT,0
SH-BAL-1698,Balasore Sector-4 Relief Center,Balasore,Odisha,cyclone,21.28166,86.95236,500,319,0.144,1.35,1,62.9,1956.2,5019.0,19.9,653.4,22.14,BALANCED,2
SH-VIS-1699,Visakhapatnam Sector-17 Relief Center,Visakhapatnam,Andhra Pradesh,cyclone,18.22927,83.13371,150,153,0.501,0.97,0,38.9,1230.7,3150.1,39.0,854.5,12.26,SURPLUS,3
SH-DHU-1700,Dhubri Sector-17 Relief Center,Dhubri,Assam,flood,26.16842,89.51077,300,354,0.05,0.99,1,0.0,288.1,568.8,2.6,280.0,93.14,CRITICAL_DEFICIT,0
SH-BAL-1701,Balasore Sector-15 Relief Center,Balasore,Odisha,cyclone,21.54657,86.68689,800,463,0.385,4.42,1,6.2,1447.0,3264.8,28.9,1043.9,59.78,DEFICIT,1
SH-DHU-1702,Dhubri Sector-18 Relief Center,Dhubri,Assam,flood,25.86847,89.89592,300,304,0.172,0.46,0,40.4,1207.9,2004.3,14.6,1092.1,74.69,CRITICAL_DEFICIT,0
SH-WAY-1703,Wayanad Sector-16 Relief Center,Wayanad,Kerala,flood,11.09187,76.1616,500,186,0.172,0.8,1,11.3,312.0,752.9,3.2,258.4,80.76,CRITICAL_DEFICIT,0
SH-BAL-1704,Balasore Sector-4 Relief Center,Balasore,Odisha,cyclone,21.758,87.09992,500,129,0.441,2.17,1,13.4,465.0,831.8,7.1,191.9,72.4,CRITICAL_DEFICIT,0
SH-DAR-1705,Darbhanga Sector-10 Relief Center,Darbhanga,Bihar,flood,26.09753,85.95533,150,91,0.125,4.62,1,64.7,32.2,72.0,0.5,30.2,96.55,CRITICAL_DEFICIT,0
SH-KAN-1706,Kangra Sector-8 Relief Center,Kangra,Himachal Pradesh,earthquake,32.61125,76.11284,150,60,0.483,1.4,1,37.4,474.8,1314.4,7.8,394.9,6.92,SURPLUS,3
SH-PUR-1707,Puri Sector-10 Relief Center,Puri,Odisha,cyclone,20.35313,85.86307,2000,1821,0.251,2.56,1,3.6,13198.9,28460.0,302.3,7243.5,10.16,BALANCED,2
SH-WAY-1708,Wayanad Sector-17 Relief Center,Wayanad,Kerala,flood,12.01702,76.07728,300,258,0.432,0.56,0,16.4,1008.3,2678.2,27.6,937.9,65.74,DEFICIT,1
SH-WAY-1709,Wayanad Sector-11 Relief Center,Wayanad,Kerala,flood,12.17264,76.06552,300,184,0.301,0.11,1,9.5,325.3,679.3,8.0,218.0,80.69,CRITICAL_DEFICIT,0
SH-IDU-1710,Idukki Sector-3 Relief Center,Idukki,Kerala,flood,10.31024,77.27595,2000,1190,0.65,2.11,0,31.6,1965.5,5557.8,50.0,1419.5,98.54,CRITICAL_DEFICIT,0
SH-DAR-1711,Darbhanga Sector-2 Relief Center,Darbhanga,Bihar,flood,25.98594,85.69399,300,270,0.317,2.14,1,0.0,67.7,181.1,1.1,60.8,100.0,CRITICAL_DEFICIT,0
SH-IDU-1712,Idukki Sector-14 Relief Center,Idukki,Kerala,flood,10.0324,76.57811,150,68,0.103,1.61,1,10.9,23.6,66.9,0.3,15.1,100.0,CRITICAL_DEFICIT,0
SH-KAN-1713,Kangra Sector-11 Relief Center,Kangra,Himachal Pradesh,earthquake,31.83853,76.1042,150,138,0.204,0.41,1,27.0,38.5,107.8,0.5,19.1,96.75,CRITICAL_DEFICIT,0
SH-DAR-1714,Darbhanga Sector-3 Relief Center,Darbhanga,Bihar,flood,26.22584,85.91011,150,87,0.195,4.78,1,24.4,626.6,1392.6,11.2,271.7,8.74,BALANCED,2
SH-DAR-1715,Darbhanga Sector-11 Relief Center,Darbhanga,Bihar,flood,25.91999,85.68149,300,182,0.473,2.08,0,37.7,273.4,827.2,4.6,137.0,99.24,CRITICAL_DEFICIT,0
SH-WAY-1716,Wayanad Sector-18 Relief Center,Wayanad,Kerala,flood,11.44279,75.98431,150,58,0.357,2.01,0,0.0,385.5,943.9,6.2,383.1,33.38,BALANCED,2
SH-CHA-1717,Chamoli Sector-3 Relief Center,Chamoli,Uttarakhand,earthquake,30.2462,79.20358,500,181,0.263,1.74,1,27.1,1687.5,4329.5,39.8,1639.6,0.31,SURPLUS,3
SH-KAT-1718,Katihar Sector-1 Relief Center,Katihar,Bihar,flood,25.63294,87.96826,150,151,0.232,1.75,1,41.6,676.8,1316.7,15.9,468.2,51.36,DEFICIT,1
SH-DHU-1719,Dhubri Sector-1 Relief Center,Dhubri,Assam,flood,26.14925,90.19536,300,240,0.186,2.17,0,48.0,741.5,1639.1,14.6,456.0,77.15,CRITICAL_DEFICIT,0
SH-KAZ-1720,Kaziranga Sector-9 Relief Center,Kaziranga,Assam,flood,26.10128,92.95389,300,304,0.391,3.55,0,0.0,256.2,429.0,5.4,238.5,100.0,CRITICAL_DEFICIT,0
SH-SOU-1721,South 24 Parganas Sector-14 Relief Center,South 24 Parganas,West Bengal,cyclone,21.67581,88.49143,300,289,0.395,1.59,1,0.0,894.3,1919.7,20.1,572.7,65.75,DEFICIT,1
SH-KUT-1722,Kutch Sector-8 Relief Center,Kutch,Gujarat,earthquake,23.61209,70.18078,300,215,0.319,2.78,1,19.1,835.1,1896.6,13.4,783.5,52.53,DEFICIT,1
SH-WAY-1723,Wayanad Sector-16 Relief Center,Wayanad,Kerala,flood,11.43864,75.96756,500,523,0.113,7.13,0,16.6,543.9,1265.8,11.2,204.2,100.0,CRITICAL_DEFICIT,0
SH-VIS-1724,Visakhapatnam Sector-14 Relief Center,Visakhapatnam,Andhra Pradesh,cyclone,17.56701,83.75615,500,95,0.438,1.43,1,39.7,425.2,1271.5,12.5,265.2,41.58,DEFICIT,1
SH-SOU-1725,South 24 Parganas Sector-3 Relief Center,South 24 Parganas,West Bengal,cyclone,21.57509,88.27971,300,348,0.217,0.25,0,54.3,2231.1,4461.0,29.0,1646.7,41.9,DEFICIT,1
SH-SOU-1726,South 24 Parganas Sector-6 Relief Center,South 24 Parganas,West Bengal,cyclone,21.9463,88.22127,300,291,0.129,0.28,0,64.0,244.4,640.0,2.7,174.4,100.0,CRITICAL_DEFICIT,0
SH-WAY-1727,Wayanad Sector-16 Relief Center,Wayanad,Kerala,flood,11.18655,76.34618,300,82,0.282,3.38,0,27.2,65.8,185.6,0.8,42.4,100.0,CRITICAL_DEFICIT,0
SH-IDU-1728,Idukki Sector-7 Relief Center,Idukki,Kerala,flood,9.53601,76.60114,800,406,0.102,2.33,1,12.9,1466.5,3448.8,28.4,1129.6,50.89,DEFICIT,1
SH-DHU-1729,Dhubri Sector-13 Relief Center,Dhubri,Assam,flood,26.27362,90.17038,300,172,0.164,1.72,0,13.9,729.8,1574.9,14.0,456.0,67.14,DEFICIT,1
SH-DAR-1730,Darbhanga Sector-8 Relief Center,Darbhanga,Bihar,flood,26.35022,85.69723,300,220,0.365,10.42,0,36.5,1254.7,3659.2,34.6,429.5,40.03,DEFICIT,1
SH-KUT-1731,Kutch Sector-5 Relief Center,Kutch,Gujarat,earthquake,24.0162,69.42998,300,132,0.065,0.28,0,16.6,98.7,247.3,1.0,37.5,100.0,CRITICAL_DEFICIT,0
SH-KAN-1732,Kangra Sector-4 Relief Center,Kangra,Himachal Pradesh,earthquake,32.53579,76.44718,300,164,0.061,1.88,0,41.7,1023.5,1905.2,13.5,538.0,48.71,DEFICIT,1
SH-KAN-1733,Kangra Sector-5 Relief Center,Kangra,Himachal Pradesh,earthquake,32.00802,75.84643,500,496,0.537,1.19,1,17.8,387.4,934.4,9.4,334.0,100.0,CRITICAL_DEFICIT,0
SH-KUT-1734,Kutch Sector-6 Relief Center,Kutch,Gujarat,earthquake,23.95701,70.18222,150,183,0.329,2.3,1,38.9,385.5,900.6,8.0,263.4,72.62,CRITICAL_DEFICIT,0
SH-IDU-1735,Idukki Sector-16 Relief Center,Idukki,Kerala,flood,9.66454,76.90865,1200,379,0.072,0.81,0,18.3,781.5,1877.3,13.1,342.0,88.62,CRITICAL_DEFICIT,0
SH-IDU-1736,Idukki Sector-8 Relief Center,Idukki,Kerala,flood,9.40362,77.15696,150,82,0.363,1.39,1,23.9,27.3,54.3,0.7,17.7,98.89,CRITICAL_DEFICIT,0
SH-CHA-1737,Chamoli Sector-10 Relief Center,Chamoli,Uttarakhand,earthquake,30.45818,78.84072,500,474,0.135,10.44,0,4.4,162.6,344.2,2.6,69.7,100.0,CRITICAL_DEFICIT,0
SH-CHA-1738,Chamoli Sector-6 Relief Center,Chamoli,Uttarakhand,earthquake,30.96912,79.01273,300,261,0.449,0.91,1,46.7,1049.5,2663.3,17.0,971.1,46.38,DEFICIT,1
SH-UTT-1739,Uttarkashi Sector-16 Relief Center,Uttarkashi,Uttarakhand,earthquake,31.05403,78.82172,150,50,0.112,1.77,1,27.5,195.2,467.2,3.3,150.4,48.89,DEFICIT,1
SH-DHU-1740,Dhubri Sector-2 Relief Center,Dhubri,Assam,flood,25.69456,89.64034,2000,1563,0.367,0.19,1,30.5,2716.3,8160.5,76.1,1616.6,82.89,CRITICAL_DEFICIT,0
SH-KAT-1741,Katihar Sector-6 Relief Center,Katihar,Bihar,flood,25.85253,87.54419,150,162,0.091,0.3,0,0.0,339.4,1014.0,5.5,136.5,93.85,CRITICAL_DEFICIT,0
SH-WAY-1742,Wayanad Sector-4 Relief Center,Wayanad,Kerala,flood,12.04193,76.12032,150,66,0.317,0.67,1,53.0,490.9,1375.6,11.8,484.1,2.37,BALANCED,2
SH-IDU-1743,Idukki Sector-15 Relief Center,Idukki,Kerala,flood,10.01689,77.22904,500,339,0.33,0.8,1,0.0,339.1,762.1,5.6,181.9,85.65,CRITICAL_DEFICIT,0
SH-KAT-1744,Katihar Sector-4 Relief Center,Katihar,Bihar,flood,25.67941,87.60342,150,113,0.313,2.49,1,32.2,350.3,829.4,8.2,173.3,63.76,DEFICIT,1
SH-IDU-1745,Idukki Sector-7 Relief Center,Idukki,Kerala,flood,10.04199,76.92273,800,214,0.253,0.58,1,13.8,324.3,902.6,4.7,226.8,79.85,CRITICAL_DEFICIT,0
SH-KAZ-1746,Kaziranga Sector-17 Relief Center,Kaziranga,Assam,flood,26.74054,93.26218,300,130,0.255,0.81,1,19.6,43.1,117.9,1.0,31.1,93.47,CRITICAL_DEFICIT,0
SH-VIS-1747,Visakhapatnam Sector-8 Relief Center,Visakhapatnam,Andhra Pradesh,cyclone,17.69994,82.85042,2000,1814,0.2,3.46,0,16.4,3008.0,7220.3,70.7,2309.7,97.07,CRITICAL_DEFICIT,0
SH-BAL-1748,Balasore Sector-15 Relief Center,Balasore,Odisha,cyclone,21.44903,86.92279,150,84,0.05,2.83,1,27.8,25.9,67.9,0.4,10.4,98.28,CRITICAL_DEFICIT,0
SH-DAR-1749,Darbhanga Sector-18 Relief Center,Darbhanga,Bihar,flood,25.81433,85.89893,300,87,0.099,5.47,0,36.8,365.5,1043.2,5.7,351.3,57.11,DEFICIT,1
SH-KAZ-1750,Kaziranga Sector-9 Relief Center,Kaziranga,Assam,flood,26.67218,92.94069,300,253,0.212,0.55,0,35.5,372.7,1073.6,5.8,209.2,100.0,CRITICAL_DEFICIT,0
SH-CHA-1751,Chamoli Sector-7 Relief Center,Chamoli,Uttarakhand,earthquake,30.72741,79.04133,150,174,0.374,2.35,1,22.2,152.3,390.1,2.3,52.5,89.3,CRITICAL_DEFICIT,0
SH-KAT-1752,Katihar Sector-8 Relief Center,Katihar,Bihar,flood,25.97654,87.77324,500,254,0.08,1.53,0,19.2,1140.5,3006.9,20.1,1071.7,59.37,DEFICIT,1
SH-BAL-1753,Balasore Sector-17 Relief Center,Balasore,Odisha,cyclone,21.21466,87.32872,500,155,0.231,1.06,1,36.6,269.0,814.6,3.0,144.2,80.8,CRITICAL_DEFICIT,0
SH-VIS-1754,Visakhapatnam Sector-5 Relief Center,Visakhapatnam,Andhra Pradesh,cyclone,18.11284,82.91594,300,305,0.357,1.05,0,0.0,1867.7,4415.4,30.5,1831.9,37.05,BALANCED,2
SH-SOU-1755,South 24 Parganas Sector-16 Relief Center,South 24 Parganas,West Bengal,cyclone,22.11835,88.23263,150,84,0.05,3.92,1,0.0,287.1,805.8,3.2,246.7,49.88,DEFICIT,1
SH-KAT-1756,Katihar Sector-1 Relief Center,Katihar,Bihar,flood,25.68577,87.44103,150,114,0.225,5.47,1,28.5,84.7,243.5,2.0,83.4,89.64,CRITICAL_DEFICIT,0
SH-KAN-1757,Kangra Sector-19 Relief Center,Kangra,Himachal Pradesh,earthquake,32.26838,76.15675,150,99,0.281,1.64,1,1.9,156.8,439.7,2.4,95.9,82.42,CRITICAL_DEFICIT,0
SH-WAY-1758,Wayanad Sector-19 Relief Center,Wayanad,Kerala,flood,11.50661,75.86952,300,52,0.543,0.07,1,31.3,92.2,175.5,1.8,89.6,87.14,CRITICAL_DEFICIT,0
SH-KUT-1759,Kutch Sector-15 Relief Center,Kutch,Gujarat,earthquake,23.70879,69.79209,150,20,0.062,0.04,0,0.0,5.0,12.7,0.1,2.6,100.0,CRITICAL_DEFICIT,0
SH-VIS-1760,Visakhapatnam Sector-4 Relief Center,Visakhapatnam,Andhra Pradesh,cyclone,17.32558,83.12346,150,117,0.384,5.09,1,0.0,88.3,156.2,2.5,84.5,99.2,CRITICAL_DEFICIT,0
SH-VIS-1761,Visakhapatnam Sector-11 Relief Center,Visakhapatnam,Andhra Pradesh,cyclone,18.00947,83.44859,500,126,0.401,5.49,0,30.3,472.6,1350.7,10.2,217.5,69.32,DEFICIT,1
SH-PUR-1762,Puri Sector-11 Relief Center,Puri,Odisha,cyclone,19.95121,85.96031,300,148,0.284,4.05,0,47.5,1506.4,2609.1,24.4,813.2,18.59,SURPLUS,3
SH-WAY-1763,Wayanad Sector-15 Relief Center,Wayanad,Kerala,flood,11.44754,76.28763,300,240,0.067,3.09,1,0.0,450.1,1262.2,4.4,294.9,74.87,CRITICAL_DEFICIT,0
SH-IDU-1764,Idukki Sector-4 Relief Center,Idukki,Kerala,flood,10.02868,77.03056,150,175,0.22,0.78,1,11.9,709.4,1242.4,9.2,283.8,64.03,DEFICIT,1
SH-KAZ-1765,Kaziranga Sector-18 Relief Center,Kaziranga,Assam,flood,26.75095,93.44869,800,679,0.543,1.68,1,40.1,3984.7,9323.5,90.5,2114.4,29.35,BALANCED,2
SH-CHA-1766,Chamoli Sector-5 Relief Center,Chamoli,Uttarakhand,earthquake,30.27656,78.99077,300,299,0.29,3.57,0,31.6,522.1,901.9,11.9,459.6,100.0,CRITICAL_DEFICIT,0
SH-UTT-1767,Uttarkashi Sector-1 Relief Center,Uttarkashi,Uttarakhand,earthquake,30.61778,78.35777,500,201,0.05,2.2,1,0.0,417.4,1189.4,7.2,333.2,72.49,CRITICAL_DEFICIT,0
SH-DAR-1768,Darbhanga Sector-2 Relief Center,Darbhanga,Bihar,flood,25.85652,85.86077,300,202,0.256,1.14,1,34.6,409.6,794.2,9.6,316.0,78.51,CRITICAL_DEFICIT,0
SH-DHU-1769,Dhubri Sector-7 Relief Center,Dhubri,Assam,flood,26.19212,89.6186,800,195,0.325,9.97,1,30.6,2170.1,3696.8,37.4,1412.3,2.43,SURPLUS,3
SH-BAL-1770,Balasore Sector-11 Relief Center,Balasore,Odisha,cyclone,21.73229,87.25801,300,247,0.184,0.35,1,57.8,520.0,996.9,8.2,427.2,76.52,CRITICAL_DEFICIT,0
SH-CHA-1771,Chamoli Sector-19 Relief Center,Chamoli,Uttarakhand,earthquake,30.31189,79.36368,150,89,0.263,0.66,1,15.1,67.7,127.3,1.3,65.6,89.51,CRITICAL_DEFICIT,0
SH-KUT-1772,Kutch Sector-5 Relief Center,Kutch,Gujarat,earthquake,24.12024,69.73627,300,218,0.317,2.85,1,26.5,663.6,1260.8,10.8,630.6,71.58,CRITICAL_DEFICIT,0
SH-VIS-1773,Visakhapatnam Sector-6 Relief Center,Visakhapatnam,Andhra Pradesh,cyclone,17.73982,83.1462,2000,704,0.16,1.33,1,40.6,181.3,459.6,3.1,84.3,96.26,CRITICAL_DEFICIT,0
SH-KAT-1774,Katihar Sector-4 Relief Center,Katihar,Bihar,flood,25.24892,87.72926,2000,1445,0.389,3.05,0,14.5,1080.7,3150.0,19.2,440.5,100.0,CRITICAL_DEFICIT,0
SH-KAT-1775,Katihar Sector-3 Relief Center,Katihar,Bihar,flood,25.72385,87.9404,300,149,0.161,3.69,0,25.0,545.0,1072.3,10.3,402.7,76.12,CRITICAL_DEFICIT,0
SH-IDU-1776,Idukki Sector-1 Relief Center,Idukki,Kerala,flood,9.90789,77.14608,150,84,0.144,6.76,0,26.3,544.2,1445.9,6.3,245.5,28.72,BALANCED,2
SH-PUR-1777,Puri Sector-8 Relief Center,Puri,Odisha,cyclone,19.56595,85.93311,500,557,0.305,1.27,0,34.0,166.7,418.4,2.5,127.9,100.0,CRITICAL_DEFICIT,0
SH-DHU-1778,Dhubri Sector-19 Relief Center,Dhubri,Assam,flood,26.01161,89.79815,300,171,0.264,1.13,1,0.0,303.7,789.2,7.5,141.8,79.39,CRITICAL_DEFICIT,0
SH-CHA-1779,Chamoli Sector-9 Relief Center,Chamoli,Uttarakhand,earthquake,30.67006,78.92876,150,86,0.092,5.45,0,58.4,85.4,218.7,1.6,72.2,100.0,CRITICAL_DEFICIT,0
SH-UTT-1780,Uttarkashi Sector-3 Relief Center,Uttarkashi,Uttarakhand,earthquake,31.16605,78.23528,150,95,0.221,2.74,1,64.4,584.8,1605.4,12.9,244.9,21.54,BALANCED,2
SH-VIS-1781,Visakhapatnam Sector-7 Relief Center,Visakhapatnam,Andhra Pradesh,cyclone,17.41534,83.68282,300,151,0.347,2.23,1,29.5,282.9,685.2,6.9,154.4,77.02,CRITICAL_DEFICIT,0
SH-KAZ-1782,Kaziranga Sector-16 Relief Center,Kaziranga,Assam,flood,26.92511,93.02754,500,413,0.099,12.62,0,0.0,827.4,1512.9,10.2,344.0,94.33,CRITICAL_DEFICIT,0
SH-IDU-1783,Idukki Sector-4 Relief Center,Idukki,Kerala,flood,9.65556,76.82081,2000,357,0.347,10.47,1,50.3,605.3,1680.2,11.6,570.2,81.56,CRITICAL_DEFICIT,0
SH-UTT-1784,Uttarkashi Sector-2 Relief Center,Uttarkashi,Uttarakhand,earthquake,30.34976,78.33414,300,166,0.315,6.65,1,28.2,174.0,446.8,3.1,106.2,88.12,CRITICAL_DEFICIT,0
SH-IDU-1785,Idukki Sector-3 Relief Center,Idukki,Kerala,flood,9.92292,76.68003,2000,1895,0.162,1.72,1,17.2,546.2,1570.8,11.6,386.0,98.96,CRITICAL_DEFICIT,0
SH-CHA-1786,Chamoli Sector-3 Relief Center,Chamoli,Uttarakhand,earthquake,30.55076,79.38443,300,350,0.23,1.04,0,17.9,2146.6,5521.7,26.6,1954.5,40.17,DEFICIT,1
SH-KUT-1787,Kutch Sector-1 Relief Center,Kutch,Gujarat,earthquake,23.97923,69.56508,300,150,0.098,1.64,0,7.7,124.8,278.2,1.2,52.2,100.0,CRITICAL_DEFICIT,0
SH-KAZ-1788,Kaziranga Sector-12 Relief Center,Kaziranga,Assam,flood,26.44738,92.9114,150,27,0.412,1.4,0,33.3,82.5,185.8,2.2,53.6,85.54,CRITICAL_DEFICIT,0
SH-BAL-1789,Balasore Sector-13 Relief Center,Balasore,Odisha,cyclone,21.7555,87.10231,150,68,0.312,3.07,0,18.6,57.4,148.1,1.2,23.3,100.0,CRITICAL_DEFICIT,0
SH-PUR-1790,Puri Sector-13 Relief Center,Puri,Odisha,cyclone,20.00994,86.05974,500,467,0.437,0.97,1,6.9,2020.1,4738.3,48.5,1837.5,42.31,DEFICIT,1
SH-UTT-1791,Uttarkashi Sector-10 Relief Center,Uttarkashi,Uttarakhand,earthquake,30.61936,78.17756,300,65,0.235,11.25,0,57.3,214.9,632.1,4.0,84.9,75.25,CRITICAL_DEFICIT,0
SH-SOU-1792,South 24 Parganas Sector-9 Relief Center,South 24 Parganas,West Bengal,cyclone,22.45111,88.49628,500,233,0.236,0.21,1,26.9,336.4,714.7,4.3,333.7,82.71,CRITICAL_DEFICIT,0
SH-KUT-1793,Kutch Sector-15 Relief Center,Kutch,Gujarat,earthquake,23.64106,69.68793,500,224,0.393,2.49,0,31.7,221.6,387.3,4.7,128.7,100.0,CRITICAL_DEFICIT,0
SH-IDU-1794,Idukki Sector-19 Relief Center,Idukki,Kerala,flood,9.75004,77.04936,300,20,0.275,10.42,1,52.6,127.0,382.7,2.0,51.5,25.92,BALANCED,2
SH-VIS-1795,Visakhapatnam Sector-3 Relief Center,Visakhapatnam,Andhra Pradesh,cyclone,17.4212,83.17663,300,370,0.214,4.55,1,62.1,3156.6,7205.9,77.3,3108.7,3.34,SURPLUS,3
SH-PUR-1796,Puri Sector-8 Relief Center,Puri,Odisha,cyclone,19.63761,86.08174,800,646,0.086,4.51,1,50.1,1365.5,3381.2,22.8,1001.2,76.08,CRITICAL_DEFICIT,0
SH-DHU-1797,Dhubri Sector-2 Relief Center,Dhubri,Assam,flood,25.76512,90.00384,500,113,0.392,0.85,0,39.6,173.8,346.0,4.2,97.0,99.56,CRITICAL_DEFICIT,0
SH-UTT-1798,Uttarkashi Sector-2 Relief Center,Uttarkashi,Uttarakhand,earthquake,30.66511,78.08213,800,555,0.286,4.02,1,15.6,418.3,883.8,11.0,402.1,95.42,CRITICAL_DEFICIT,0
SH-KUT-1799,Kutch Sector-10 Relief Center,Kutch,Gujarat,earthquake,23.78922,70.12646,300,296,0.436,0.88,0,46.3,1903.4,4206.0,37.0,678.7,35.68,BALANCED,2
SH-WAY-1800,Wayanad Sector-3 Relief Center,Wayanad,Kerala,flood,11.91685,75.96744,800,770,0.124,0.02,1,30.7,3251.3,8158.2,38.3,2804.2,45.97,DEFICIT,1
SH-WAY-1801,Wayanad Sector-14 Relief Center,Wayanad,Kerala,flood,11.88123,76.14424,300,340,0.221,0.5,1,13.2,1198.5,2768.6,26.9,817.5,52.17,DEFICIT,1
SH-WAY-1802,Wayanad Sector-8 Relief Center,Wayanad,Kerala,flood,12.13063,76.23903,500,362,0.452,2.67,0,19.6,766.9,1622.7,17.6,733.0,94.54,CRITICAL_DEFICIT,0
SH-KUT-1803,Kutch Sector-7 Relief Center,Kutch,Gujarat,earthquake,24.12298,69.85511,300,88,0.151,0.57,1,9.5,621.4,1148.7,10.1,524.0,32.32,BALANCED,2
SH-PUR-1804,Puri Sector-7 Relief Center,Puri,Odisha,cyclone,20.06101,85.24888,150,31,0.05,3.21,0,0.0,116.7,200.3,2.2,98.7,79.02,CRITICAL_DEFICIT,0
SH-KAZ-1805,Kaziranga Sector-9 Relief Center,Kaziranga,Assam,flood,26.51786,92.76893,500,468,0.207,3.76,0,0.0,780.9,1745.0,16.2,586.2,93.53,CRITICAL_DEFICIT,0
SH-SOU-1806,South 24 Parganas Sector-17 Relief Center,South 24 Parganas,West Bengal,cyclone,22.25234,88.37909,300,283,0.075,1.01,1,39.0,2072.5,4361.1,20.2,1140.8,14.46,BALANCED,2
SH-KAZ-1807,Kaziranga Sector-19 Relief Center,Kaziranga,Assam,flood,26.42925,93.75895,300,340,0.65,0.72,0,40.4,597.4,1169.0,19.2,353.5,100.0,CRITICAL_DEFICIT,0
SH-DHU-1808,Dhubri Sector-3 Relief Center,Dhubri,Assam,flood,25.84099,90.06539,150,29,0.05,4.82,0,49.9,55.4,103.0,0.9,45.4,96.9,CRITICAL_DEFICIT,0
SH-KAN-1809,Kangra Sector-14 Relief Center,Kangra,Himachal Pradesh,earthquake,32.22519,76.60671,2000,553,0.282,0.59,0,8.4,1910.7,4346.9,25.9,1810.4,68.79,DEFICIT,1
SH-UTT-1810,Uttarkashi Sector-14 Relief Center,Uttarkashi,Uttarakhand,earthquake,30.45989,78.25455,500,438,0.465,2.13,1,4.1,343.9,842.2,4.8,313.9,92.09,CRITICAL_DEFICIT,0
SH-SOU-1811,South 24 Parganas Sector-11 Relief Center,South 24 Parganas,West Bengal,cyclone,21.68312,88.44898,300,268,0.05,0.48,1,19.9,1889.5,5621.2,23.6,1135.9,8.35,BALANCED,2
SH-PUR-1812,Puri Sector-9 Relief Center,Puri,Odisha,cyclone,20.22513,85.94092,300,200,0.05,0.34,1,35.2,144.7,361.0,2.7,116.8,92.82,CRITICAL_DEFICIT,0
SH-DAR-1813,Darbhanga Sector-7 Relief Center,Darbhanga,Bihar,flood,26.01959,85.39908,150,161,0.204,5.64,0,42.6,148.0,342.2,2.9,145.8,100.0,CRITICAL_DEFICIT,0
SH-WAY-1814,Wayanad Sector-12 Relief Center,Wayanad,Kerala,flood,11.76821,75.90232,300,105,0.434,1.75,1,16.9,433.2,1024.7,7.8,313.7,47.46,DEFICIT,1
SH-WAY-1815,Wayanad Sector-18 Relief Center,Wayanad,Kerala,flood,11.43742,75.74877,800,528,0.107,0.54,1,21.9,4159.8,10048.1,40.4,2393.0,1.28,SURPLUS,3
SH-DHU-1816,Dhubri Sector-6 Relief Center,Dhubri,Assam,flood,26.23114,89.52317,300,68,0.419,3.62,1,35.3,57.6,115.4,1.2,42.4,93.37,CRITICAL_DEFICIT,0
SH-UTT-1817,Uttarkashi Sector-2 Relief Center,Uttarkashi,Uttarakhand,earthquake,30.70337,78.23104,150,70,0.344,1.66,1,39.3,60.1,121.5,1.2,35.5,94.8,CRITICAL_DEFICIT,0
SH-CHA-1818,Chamoli Sector-12 Relief Center,Chamoli,Uttarakhand,earthquake,30.53643,79.34311,300,231,0.171,0.24,1,0.0,66.3,138.3,1.0,43.7,97.91,CRITICAL_DEFICIT,0
SH-IDU-1819,Idukki Sector-2 Relief Center,Idukki,Kerala,flood,9.52071,76.8434,800,599,0.152,1.66,1,12.8,937.3,2354.6,19.1,835.5,85.57,CRITICAL_DEFICIT,0
SH-WAY-1820,Wayanad Sector-1 Relief Center,Wayanad,Kerala,flood,11.6606,76.14484,300,212,0.188,0.6,1,24.7,1827.9,5530.0,41.4,1436.1,0.08,SURPLUS,3
SH-KAT-1821,Katihar Sector-8 Relief Center,Katihar,Bihar,flood,26.29929,87.46734,500,297,0.372,4.99,0,45.3,295.9,654.8,5.3,132.7,100.0,CRITICAL_DEFICIT,0
SH-SOU-1822,South 24 Parganas Sector-14 Relief Center,South 24 Parganas,West Bengal,cyclone,22.04034,88.65936,150,20,0.522,8.08,0,1.2,32.5,70.3,1.0,29.5,97.6,CRITICAL_DEFICIT,0
SH-CHA-1823,Chamoli Sector-13 Relief Center,Chamoli,Uttarakhand,earthquake,30.44724,79.26792,500,79,0.215,0.12,1,0.0,344.2,1000.4,6.6,276.2,42.63,DEFICIT,1
SH-KAN-1824,Kangra Sector-16 Relief Center,Kangra,Himachal Pradesh,earthquake,32.11937,76.05757,500,213,0.218,0.81,1,16.4,405.7,1168.6,8.5,395.2,74.85,CRITICAL_DEFICIT,0
SH-SOU-1825,South 24 Parganas Sector-8 Relief Center,South 24 Parganas,West Bengal,cyclone,22.39014,88.39589,150,20,0.432,0.59,0,24.9,17.8,51.4,0.5,15.2,100.0,CRITICAL_DEFICIT,0
SH-BAL-1826,Balasore Sector-17 Relief Center,Balasore,Odisha,cyclone,21.92632,87.1711,300,300,0.154,4.01,0,26.6,456.1,1218.5,5.3,210.5,92.85,CRITICAL_DEFICIT,0
SH-CHA-1827,Chamoli Sector-2 Relief Center,Chamoli,Uttarakhand,earthquake,30.64231,79.82812,500,177,0.454,0.14,0,0.0,178.1,410.5,5.0,138.1,100.0,CRITICAL_DEFICIT,0
SH-UTT-1828,Uttarkashi Sector-5 Relief Center,Uttarkashi,Uttarakhand,earthquake,30.37884,78.24577,300,353,0.39,0.35,0,32.7,364.0,825.0,5.2,209.5,100.0,CRITICAL_DEFICIT,0
SH-PUR-1829,Puri Sector-14 Relief Center,Puri,Odisha,cyclone,20.39964,85.53561,300,215,0.05,3.3,1,0.0,711.0,1506.4,10.0,401.6,58.43,DEFICIT,1
SH-DAR-1830,Darbhanga Sector-14 Relief Center,Darbhanga,Bihar,flood,26.04999,85.83134,500,223,0.461,3.23,1,46.8,461.8,759.3,12.6,288.0,86.74,CRITICAL_DEFICIT,0
SH-UTT-1831,Uttarkashi Sector-15 Relief Center,Uttarkashi,Uttarakhand,earthquake,30.47696,78.4547,300,221,0.411,2.78,0,31.8,177.4,505.6,2.9,141.6,100.0,CRITICAL_DEFICIT,0
SH-CHA-1832,Chamoli Sector-1 Relief Center,Chamoli,Uttarakhand,earthquake,30.26691,79.1684,300,207,0.379,0.46,0,40.5,1118.9,2690.3,30.4,694.1,41.42,DEFICIT,1
SH-KAT-1833,Katihar Sector-19 Relief Center,Katihar,Bihar,flood,25.28957,87.8455,300,142,0.31,0.3,1,57.0,1575.9,3572.2,37.2,621.0,8.59,SURPLUS,3
SH-DAR-1834,Darbhanga Sector-3 Relief Center,Darbhanga,Bihar,flood,26.42527,85.98354,300,69,0.65,0.71,1,33.3,61.7,118.6,1.4,41.7,96.13,CRITICAL_DEFICIT,0
SH-DAR-1835,Darbhanga Sector-1 Relief Center,Darbhanga,Bihar,flood,26.08809,85.9729,150,95,0.383,1.0,1,21.5,144.7,419.1,2.2,77.6,86.07,CRITICAL_DEFICIT,0
SH-BAL-1836,Balasore Sector-17 Relief Center,Balasore,Odisha,cyclone,21.63493,86.71543,300,138,0.292,4.79,1,42.6,45.0,78.6,0.8,22.5,96.97,CRITICAL_DEFICIT,0
SH-SOU-1837,South 24 Parganas Sector-2 Relief Center,South 24 Parganas,West Bengal,cyclone,21.94968,88.33271,1200,784,0.059,4.47,1,49.4,627.2,1253.9,9.6,346.0,93.22,CRITICAL_DEFICIT,0
SH-BAL-1838,Balasore Sector-12 Relief Center,Balasore,Odisha,cyclone,21.39863,86.58447,300,157,0.177,0.9,1,11.9,622.4,1278.8,10.7,461.4,53.67,DEFICIT,1
SH-BAL-1839,Balasore Sector-19 Relief Center,Balasore,Odisha,cyclone,21.55281,87.13926,150,83,0.129,4.95,0,0.0,75.6,137.2,0.9,40.4,100.0,CRITICAL_DEFICIT,0
SH-KAT-1840,Katihar Sector-12 Relief Center,Katihar,Bihar,flood,25.37617,87.47577,1200,824,0.168,7.56,0,8.1,1318.2,3522.4,14.1,633.3,99.27,CRITICAL_DEFICIT,0
SH-VIS-1841,Visakhapatnam Sector-1 Relief Center,Visakhapatnam,Andhra Pradesh,cyclone,17.89087,83.40719,300,253,0.352,0.74,0,12.2,800.6,2146.6,14.4,667.3,75.72,CRITICAL_DEFICIT,0
SH-CHA-1842,Chamoli Sector-16 Relief Center,Chamoli,Uttarakhand,earthquake,30.51676,79.00003,150,147,0.089,5.92,0,10.4,505.6,885.0,7.6,187.0,78.78,CRITICAL_DEFICIT,0
SH-PUR-1843,Puri Sector-10 Relief Center,Puri,Odisha,cyclone,19.75762,86.04294,2000,1162,0.39,1.74,1,13.4,3974.0,10069.2,114.7,3255.9,63.68,DEFICIT,1
SH-KAN-1844,Kangra Sector-10 Relief Center,Kangra,Himachal Pradesh,earthquake,31.97347,76.26382,300,361,0.463,0.04,1,0.0,95.8,172.6,2.2,38.0,100.0,CRITICAL_DEFICIT,0
SH-KAZ-1845,Kaziranga Sector-16 Relief Center,Kaziranga,Assam,flood,26.16726,93.63109,800,773,0.27,3.47,1,2.0,1662.9,3771.3,34.4,1331.4,76.08,CRITICAL_DEFICIT,0
SH-SOU-1846,South 24 Parganas Sector-5 Relief Center,South 24 Parganas,West Bengal,cyclone,22.65827,88.53587,500,257,0.494,3.69,1,45.7,2417.2,5463.2,34.7,1692.6,1.76,SURPLUS,3
SH-WAY-1847,Wayanad Sector-10 Relief Center,Wayanad,Kerala,flood,11.52123,75.66314,2000,760,0.43,5.29,0,63.3,4699.1,12941.4,91.5,1631.1,34.94,BALANCED,2
SH-KUT-1848,Kutch Sector-5 Relief Center,Kutch,Gujarat,earthquake,23.45914,69.82092,300,163,0.171,2.99,1,32.1,44.8,75.6,0.5,34.0,98.75,CRITICAL_DEFICIT,0
SH-KAZ-1849,Kaziranga Sector-19 Relief Center,Kaziranga,Assam,flood,26.99366,93.09147,500,330,0.274,0.19,1,22.5,348.8,930.0,6.9,271.6,85.68,CRITICAL_DEFICIT,0
SH-VIS-1850,Visakhapatnam Sector-5 Relief Center,Visakhapatnam,Andhra Pradesh,cyclone,17.71398,82.80856,150,162,0.238,0.92,0,12.0,55.7,147.4,1.0,52.9,100.0,CRITICAL_DEFICIT,0
SH-PUR-1851,Puri Sector-10 Relief Center,Puri,Odisha,cyclone,19.86047,85.2341,150,115,0.24,1.9,1,51.3,183.2,427.5,3.9,65.5,89.67,CRITICAL_DEFICIT,0
SH-KAN-1852,Kangra Sector-19 Relief Center,Kangra,Himachal Pradesh,earthquake,32.25717,76.6621,150,188,0.321,2.19,1,0.0,1266.9,2820.8,16.0,928.2,22.47,BALANCED,2
SH-KUT-1853,Kutch Sector-6 Relief Center,Kutch,Gujarat,earthquake,24.1817,69.67813,1200,566,0.05,2.12,1,23.4,2513.9,4194.3,41.1,942.5,55.86,DEFICIT,1
SH-BAL-1854,Balasore Sector-6 Relief Center,Balasore,Odisha,cyclone,21.74782,86.64624,800,319,0.167,0.41,1,8.1,257.7,761.1,4.0,105.5,88.12,CRITICAL_DEFICIT,0
SH-KAN-1855,Kangra Sector-7 Relief Center,Kangra,Himachal Pradesh,earthquake,32.05174,76.63477,500,20,0.406,6.61,1,25.9,76.1,166.7,1.2,68.8,58.87,DEFICIT,1
SH-DAR-1856,Darbhanga Sector-8 Relief Center,Darbhanga,Bihar,flood,26.23168,85.97234,150,70,0.068,5.29,0,27.8,124.6,267.1,1.8,90.2,90.8,CRITICAL_DEFICIT,0
SH-KAZ-1857,Kaziranga Sector-18 Relief Center,Kaziranga,Assam,flood,27.06108,92.9536,150,79,0.406,2.87,1,30.3,83.4,223.5,1.7,53.1,93.34,CRITICAL_DEFICIT,0
SH-IDU-1858,Idukki Sector-8 Relief Center,Idukki,Kerala,flood,9.95228,77.24856,300,133,0.245,4.59,1,24.6,246.8,725.5,4.8,119.9,78.38,CRITICAL_DEFICIT,0
SH-PUR-1859,Puri Sector-12 Relief Center,Puri,Odisha,cyclone,20.0722,85.93849,500,551,0.085,1.73,1,53.6,168.4,388.0,3.3,118.5,97.09,CRITICAL_DEFICIT,0
SH-DAR-1860,Darbhanga Sector-10 Relief Center,Darbhanga,Bihar,flood,26.42791,86.06661,300,236,0.297,2.14,1,39.6,74.4,162.5,1.6,34.6,98.3,CRITICAL_DEFICIT,0
SH-VIS-1861,Visakhapatnam Sector-16 Relief Center,Visakhapatnam,Andhra Pradesh,cyclone,17.95649,82.79965,2000,1214,0.174,0.34,1,48.0,335.2,993.3,5.9,319.4,98.26,CRITICAL_DEFICIT,0
SH-WAY-1862,Wayanad Sector-6 Relief Center,Wayanad,Kerala,flood,11.53466,76.43011,800,432,0.179,4.3,0,4.6,117.4,231.9,1.9,50.1,100.0,CRITICAL_DEFICIT,0
SH-KAZ-1863,Kaziranga Sector-17 Relief Center,Kaziranga,Assam,flood,26.46045,93.16072,500,562,0.05,0.85,1,19.0,575.3,1712.0,5.1,197.7,85.4,CRITICAL_DEFICIT,0
SH-DAR-1864,Darbhanga Sector-17 Relief Center,Darbhanga,Bihar,flood,26.02949,85.88984,300,221,0.163,0.61,1,31.8,198.4,470.0,3.8,109.8,90.99,CRITICAL_DEFICIT,0
SH-PUR-1865,Puri Sector-6 Relief Center,Puri,Odisha,cyclone,19.70441,86.18176,150,121,0.17,0.86,0,19.1,93.0,203.3,2.0,83.9,100.0,CRITICAL_DEFICIT,0
SH-UTT-1866,Uttarkashi Sector-6 Relief Center,Uttarkashi,Uttarakhand,earthquake,31.01202,78.67422,800,607,0.195,0.26,0,58.0,913.8,2448.5,21.8,573.4,99.48,CRITICAL_DEFICIT,0
SH-BAL-1867,Balasore Sector-2 Relief Center,Balasore,Odisha,cyclone,21.91881,87.13068,800,434,0.275,1.52,1,23.8,152.4,429.0,2.4,127.3,96.34,CRITICAL_DEFICIT,0
SH-CHA-1868,Chamoli Sector-16 Relief Center,Chamoli,Uttarakhand,earthquake,30.60649,79.35059,150,124,0.202,2.95,1,0.4,95.8,202.2,1.8,79.2,94.49,CRITICAL_DEFICIT,0
SH-VIS-1869,Visakhapatnam Sector-9 Relief Center,Visakhapatnam,Andhra Pradesh,cyclone,17.44795,83.2611,2000,535,0.161,0.47,1,18.5,466.6,867.5,10.1,177.8,96.53,CRITICAL_DEFICIT,0
SH-SOU-1870,South 24 Parganas Sector-11 Relief Center,South 24 Parganas,West Bengal,cyclone,22.50515,88.71652,500,165,0.552,2.45,1,33.1,639.4,1509.9,11.0,414.3,60.22,DEFICIT,1
SH-SOU-1871,South 24 Parganas Sector-8 Relief Center,South 24 Parganas,West Bengal,cyclone,21.80216,88.46512,150,141,0.062,0.76,1,0.0,554.2,1171.6,8.1,382.8,54.09,DEFICIT,1
SH-KAN-1872,Kangra Sector-17 Relief Center,Kangra,Himachal Pradesh,earthquake,31.74304,76.20346,150,35,0.07,3.17,1,40.6,56.6,96.6,0.8,50.9,87.2,CRITICAL_DEFICIT,0
SH-DAR-1873,Darbhanga Sector-8 Relief Center,Darbhanga,Bihar,flood,26.25144,85.97288,150,62,0.417,16.11,1,14.4,105.4,294.6,2.7,54.5,81.31,CRITICAL_DEFICIT,0
SH-UTT-1874,Uttarkashi Sector-2 Relief Center,Uttarkashi,Uttarakhand,earthquake,30.54069,78.2438,500,514,0.434,2.76,1,23.3,486.2,1172.5,12.0,374.0,91.37,CRITICAL_DEFICIT,0
SH-KAT-1875,Katihar Sector-8 Relief Center,Katihar,Bihar,flood,25.67466,87.39317,150,77,0.125,1.03,0,39.5,24.7,70.9,0.3,10.4,100.0,CRITICAL_DEFICIT,0
SH-DAR-1876,Darbhanga Sector-9 Relief Center,Darbhanga,Bihar,flood,26.18209,85.98822,500,390,0.248,1.26,0,14.8,669.4,2011.8,11.8,607.3,93.83,CRITICAL_DEFICIT,0
SH-IDU-1877,Idukki Sector-8 Relief Center,Idukki,Kerala,flood,10.2236,77.02613,300,362,0.095,2.91,1,0.0,1095.1,2295.4,11.2,1037.0,68.19,DEFICIT,1
SH-KUT-1878,Kutch Sector-10 Relief Center,Kutch,Gujarat,earthquake,23.75496,69.92907,800,465,0.508,2.02,1,38.3,114.6,266.2,2.3,69.4,100.0,CRITICAL_DEFICIT,0
SH-IDU-1879,Idukki Sector-16 Relief Center,Idukki,Kerala,flood,9.71361,76.8274,300,299,0.079,0.87,1,5.9,498.3,1409.7,8.7,440.6,80.78,CRITICAL_DEFICIT,0
SH-VIS-1880,Visakhapatnam Sector-5 Relief Center,Visakhapatnam,Andhra Pradesh,cyclone,17.5344,82.744,500,472,0.137,6.23,0,65.9,852.5,2254.4,9.1,633.9,93.6,CRITICAL_DEFICIT,0
SH-CHA-1881,Chamoli Sector-8 Relief Center,Chamoli,Uttarakhand,earthquake,30.40687,79.07015,500,336,0.229,2.27,1,15.0,2036.4,3594.6,44.3,1241.2,40.71,DEFICIT,1
SH-BAL-1882,Balasore Sector-5 Relief Center,Balasore,Odisha,cyclone,21.81108,87.17889,800,868,0.174,0.13,1,34.5,1774.8,2961.8,28.8,749.4,83.75,CRITICAL_DEFICIT,0
SH-UTT-1883,Uttarkashi Sector-19 Relief Center,Uttarkashi,Uttarakhand,earthquake,30.40702,78.76532,150,23,0.169,0.63,0,9.8,24.0,59.3,0.3,19.2,100.0,CRITICAL_DEFICIT,0
SH-SOU-1884,South 24 Parganas Sector-11 Relief Center,South 24 Parganas,West Bengal,cyclone,22.07102,88.63162,300,242,0.102,2.37,1,15.4,426.9,1159.5,8.3,200.4,79.06,CRITICAL_DEFICIT,0
SH-UTT-1885,Uttarkashi Sector-2 Relief Center,Uttarkashi,Uttarakhand,earthquake,30.7529,78.19481,150,127,0.086,1.11,0,31.7,240.4,423.8,4.4,166.8,100.0,CRITICAL_DEFICIT,0
SH-DAR-1886,Darbhanga Sector-13 Relief Center,Darbhanga,Bihar,flood,25.90412,85.99051,150,73,0.112,3.04,1,14.5,69.0,159.3,1.2,28.1,87.82,CRITICAL_DEFICIT,0
SH-PUR-1887,Puri Sector-8 Relief Center,Puri,Odisha,cyclone,19.57912,85.49957,300,100,0.248,2.76,1,18.0,26.2,68.1,0.7,14.4,100.0,CRITICAL_DEFICIT,0
SH-WAY-1888,Wayanad Sector-13 Relief Center,Wayanad,Kerala,flood,11.75682,75.98677,1200,457,0.188,1.31,1,22.7,4422.0,9679.6,73.3,2219.0,3.17,SURPLUS,3
SH-CHA-1889,Chamoli Sector-15 Relief Center,Chamoli,Uttarakhand,earthquake,30.88549,79.10567,300,24,0.403,1.53,1,64.9,45.3,122.6,1.3,28.5,79.24,CRITICAL_DEFICIT,0
SH-KAT-1890,Katihar Sector-6 Relief Center,Katihar,Bihar,flood,25.00381,87.88697,800,630,0.65,1.69,0,24.4,1075.9,1927.6,33.9,693.5,100.0,CRITICAL_DEFICIT,0
SH-IDU-1891,Idukki Sector-18 Relief Center,Idukki,Kerala,flood,9.71274,77.01579,300,169,0.407,2.24,1,11.0,629.0,1206.3,16.8,400.7,64.23,DEFICIT,1
SH-KAT-1892,Katihar Sector-2 Relief Center,Katihar,Bihar,flood,25.70337,87.0254,300,189,0.202,0.94,1,53.9,1462.6,2970.3,17.3,687.6,11.0,BALANCED,2
SH-WAY-1893,Wayanad Sector-16 Relief Center,Wayanad,Kerala,flood,11.51956,75.83763,300,328,0.325,4.18,0,16.3,1393.9,3785.4,23.7,997.5,63.79,DEFICIT,1
SH-VIS-1894,Visakhapatnam Sector-8 Relief Center,Visakhapatnam,Andhra Pradesh,cyclone,17.28769,83.13699,300,274,0.255,0.67,1,31.6,2204.5,3869.8,37.3,954.2,22.3,BALANCED,2
SH-SOU-1895,South 24 Parganas Sector-11 Relief Center,South 24 Parganas,West Bengal,cyclone,22.22165,88.7249,300,353,0.117,0.25,1,36.9,730.9,1739.4,10.9,481.4,74.47,CRITICAL_DEFICIT,0
SH-WAY-1896,Wayanad Sector-9 Relief Center,Wayanad,Kerala,flood,11.79635,76.4433,300,262,0.396,3.28,0,39.4,207.6,510.4,3.1,169.4,100.0,CRITICAL_DEFICIT,0
SH-KAN-1897,Kangra Sector-18 Relief Center,Kangra,Himachal Pradesh,earthquake,32.24421,76.19463,300,308,0.22,3.56,1,20.8,474.8,1321.2,8.6,419.4,80.89,CRITICAL_DEFICIT,0
SH-VIS-1898,Visakhapatnam Sector-6 Relief Center,Visakhapatnam,Andhra Pradesh,cyclone,17.60908,83.1409,150,125,0.25,12.74,1,25.6,819.4,1860.3,10.5,291.4,15.13,BALANCED,2
SH-UTT-1899,Uttarkashi Sector-9 Relief Center,Uttarkashi,Uttarakhand,earthquake,30.59402,78.36637,800,793,0.43,0.68,0,45.5,2921.2,4891.5,52.1,2393.2,76.51,CRITICAL_DEFICIT,0
SH-UTT-1900,Uttarkashi Sector-6 Relief Center,Uttarkashi,Uttarakhand,earthquake,30.86124,77.88619,1200,1402,0.185,12.07,1,12.4,1357.5,3538.5,24.7,1332.1,84.28,CRITICAL_DEFICIT,0
SH-CHA-1901,Chamoli Sector-3 Relief Center,Chamoli,Uttarakhand,earthquake,29.99451,79.17865,300,141,0.214,0.56,1,32.4,290.0,515.0,6.3,208.6,84.89,CRITICAL_DEFICIT,0
SH-KAZ-1902,Kaziranga Sector-2 Relief Center,Kaziranga,Assam,flood,26.57726,93.15828,500,342,0.472,0.34,0,5.5,625.2,1221.7,17.5,543.9,93.0,CRITICAL_DEFICIT,0
SH-UTT-1903,Uttarkashi Sector-19 Relief Center,Uttarkashi,Uttarakhand,earthquake,30.6338,78.14018,150,85,0.293,1.85,1,22.3,142.6,417.9,2.2,109.3,75.9,CRITICAL_DEFICIT,0
SH-PUR-1904,Puri Sector-2 Relief Center,Puri,Odisha,cyclone,19.80588,85.85024,300,358,0.331,1.55,1,14.4,1357.8,3419.1,26.4,957.0,51.87,DEFICIT,1
SH-IDU-1905,Idukki Sector-18 Relief Center,Idukki,Kerala,flood,9.31268,76.60461,300,35,0.421,0.02,1,68.5,54.8,131.3,1.1,51.4,87.58,CRITICAL_DEFICIT,0
SH-KUT-1906,Kutch Sector-17 Relief Center,Kutch,Gujarat,earthquake,23.86304,70.23584,300,99,0.382,1.07,1,40.0,768.0,1682.9,9.8,351.5,1.88,BALANCED,2
SH-WAY-1907,Wayanad Sector-16 Relief Center,Wayanad,Kerala,flood,11.57492,76.01651,150,44,0.105,0.23,1,4.5,524.4,1425.1,9.6,488.4,3.29,SURPLUS,3
SH-CHA-1908,Chamoli Sector-18 Relief Center,Chamoli,Uttarakhand,earthquake,30.76027,79.38032,1200,968,0.096,10.27,0,9.6,5291.8,9553.7,70.8,3948.8,55.55,DEFICIT,1
SH-KAN-1909,Kangra Sector-13 Relief Center,Kangra,Himachal Pradesh,earthquake,32.03979,76.03107,500,221,0.12,3.3,0,35.9,205.8,566.7,3.9,175.3,100.0,CRITICAL_DEFICIT,0
SH-BAL-1910,Balasore Sector-7 Relief Center,Balasore,Odisha,cyclone,21.19081,87.12714,500,295,0.214,0.07,0,52.7,3478.8,10138.7,42.7,1458.0,11.27,SURPLUS,3
SH-WAY-1911,Wayanad Sector-19 Relief Center,Wayanad,Kerala,flood,11.96166,76.09282,2000,942,0.415,4.33,1,6.5,237.0,436.5,6.8,146.6,100.0,CRITICAL_DEFICIT,0
SH-KAT-1912,Katihar Sector-5 Relief Center,Katihar,Bihar,flood,25.75441,87.56008,2000,1619,0.05,3.19,0,40.1,2829.5,7586.1,33.5,1857.9,87.67,CRITICAL_DEFICIT,0
SH-DHU-1913,Dhubri Sector-6 Relief Center,Dhubri,Assam,flood,25.81208,90.08984,300,134,0.65,6.62,1,27.3,531.0,1268.5,13.9,202.5,52.38,DEFICIT,1
SH-KAN-1914,Kangra Sector-5 Relief Center,Kangra,Himachal Pradesh,earthquake,32.37076,76.04678,300,218,0.325,2.93,1,41.2,463.6,807.0,9.8,394.8,83.73,CRITICAL_DEFICIT,0
SH-KAT-1915,Katihar Sector-13 Relief Center,Katihar,Bihar,flood,25.88972,87.71083,300,197,0.443,3.95,0,10.4,660.1,1304.3,16.3,567.3,81.05,CRITICAL_DEFICIT,0
SH-IDU-1916,Idukki Sector-3 Relief Center,Idukki,Kerala,flood,9.46898,76.90341,300,234,0.356,1.82,1,18.8,201.2,360.2,2.8,178.0,95.33,CRITICAL_DEFICIT,0
SH-KUT-1917,Kutch Sector-3 Relief Center,Kutch,Gujarat,earthquake,23.86085,69.43589,150,157,0.227,0.15,1,33.9,131.7,233.4,2.1,47.8,94.42,CRITICAL_DEFICIT,0
SH-IDU-1918,Idukki Sector-11 Relief Center,Idukki,Kerala,flood,9.68028,76.92228,800,301,0.316,0.41,1,31.2,2596.4,6573.1,65.3,1084.6,5.52,SURPLUS,3
SH-PUR-1919,Puri Sector-5 Relief Center,Puri,Odisha,cyclone,19.83255,85.73595,1200,466,0.25,1.54,1,41.9,867.3,2209.0,19.4,721.8,75.41,CRITICAL_DEFICIT,0
SH-KUT-1920,Kutch Sector-14 Relief Center,Kutch,Gujarat,earthquake,23.77249,69.59981,300,213,0.33,3.93,1,0.0,168.1,412.4,4.1,154.2,95.63,CRITICAL_DEFICIT,0
SH-KAZ-1921,Kaziranga Sector-13 Relief Center,Kaziranga,Assam,flood,26.94582,92.92117,300,45,0.158,4.76,0,21.6,40.5,99.4,0.8,24.3,100.0,CRITICAL_DEFICIT,0
SH-KAZ-1922,Kaziranga Sector-3 Relief Center,Kaziranga,Assam,flood,26.37517,93.25505,800,526,0.375,1.92,1,16.0,2347.4,6469.6,53.6,1670.6,40.65,DEFICIT,1
SH-BAL-1923,Balasore Sector-19 Relief Center,Balasore,Odisha,cyclone,21.48082,86.42855,300,176,0.257,3.28,0,8.9,135.3,341.9,2.2,93.3,100.0,CRITICAL_DEFICIT,0
SH-KUT-1924,Kutch Sector-2 Relief Center,Kutch,Gujarat,earthquake,24.17009,69.98936,800,599,0.285,0.83,0,63.0,568.8,1681.5,10.0,250.8,100.0,CRITICAL_DEFICIT,0
SH-WAY-1925,Wayanad Sector-14 Relief Center,Wayanad,Kerala,flood,11.71201,75.85484,1200,572,0.069,1.79,1,28.8,418.7,1245.5,3.8,140.1,87.79,CRITICAL_DEFICIT,0
SH-DAR-1926,Darbhanga Sector-1 Relief Center,Darbhanga,Bihar,flood,25.98051,86.15429,500,254,0.061,0.23,1,42.5,190.4,519.3,2.4,148.0,94.13,CRITICAL_DEFICIT,0
SH-IDU-1927,Idukki Sector-9 Relief Center,Idukki,Kerala,flood,9.70277,76.84144,300,202,0.05,3.05,0,15.7,404.5,695.2,4.2,259.4,96.12,CRITICAL_DEFICIT,0
SH-IDU-1928,Idukki Sector-9 Relief Center,Idukki,Kerala,flood,10.05445,77.00759,300,296,0.131,2.05,0,51.0,1073.2,2708.3,11.7,422.7,71.05,CRITICAL_DEFICIT,0
SH-WAY-1929,Wayanad Sector-2 Relief Center,Wayanad,Kerala,flood,11.67361,76.35102,500,292,0.416,1.83,1,48.5,103.9,170.3,3.0,74.0,100.0,CRITICAL_DEFICIT,0
SH-KUT-1930,Kutch Sector-6 Relief Center,Kutch,Gujarat,earthquake,23.40108,69.75589,2000,902,0.05,0.39,1,8.2,5162.4,9061.8,45.0,2981.9,40.72,DEFICIT,1
SH-SOU-1931,South 24 Parganas Sector-10 Relief Center,South 24 Parganas,West Bengal,cyclone,22.40256,88.53233,300,72,0.65,0.3,1,20.7,18.7,44.6,0.5,11.8,100.0,CRITICAL_DEFICIT,0
SH-SOU-1932,South 24 Parganas Sector-15 Relief Center,South 24 Parganas,West Bengal,cyclone,22.05999,88.45399,800,334,0.064,2.05,0,6.4,292.3,813.5,3.4,237.9,100.0,CRITICAL_DEFICIT,0
SH-SOU-1933,South 24 Parganas Sector-1 Relief Center,South 24 Parganas,West Bengal,cyclone,22.16394,88.18403,800,278,0.236,0.65,1,38.9,92.9,249.2,1.1,38.5,95.58,CRITICAL_DEFICIT,0
SH-IDU-1934,Idukki Sector-4 Relief Center,Idukki,Kerala,flood,9.59336,77.01685,150,32,0.181,4.52,0,19.8,29.2,63.4,0.7,16.3,100.0,CRITICAL_DEFICIT,0
SH-KAN-1935,Kangra Sector-12 Relief Center,Kangra,Himachal Pradesh,earthquake,32.05566,76.65492,150,56,0.25,3.61,1,61.5,189.7,406.9,2.5,180.2,63.99,DEFICIT,1
SH-KAZ-1936,Kaziranga Sector-8 Relief Center,Kaziranga,Assam,flood,26.61269,93.11036,300,92,0.05,2.54,0,27.5,702.5,1687.2,10.2,675.4,21.81,SURPLUS,3
SH-DAR-1937,Darbhanga Sector-2 Relief Center,Darbhanga,Bihar,flood,25.9637,86.25196,500,294,0.205,1.07,1,45.5,73.8,213.7,1.5,27.2,98.27,CRITICAL_DEFICIT,0
SH-PUR-1938,Puri Sector-10 Relief Center,Puri,Odisha,cyclone,19.55761,86.19617,300,210,0.213,0.02,1,21.0,439.3,830.5,5.8,178.1,74.54,CRITICAL_DEFICIT,0
SH-SOU-1939,South 24 Parganas Sector-19 Relief Center,South 24 Parganas,West Bengal,cyclone,21.83594,88.54982,150,21,0.193,10.74,0,32.4,22.2,55.3,0.3,9.9,100.0,CRITICAL_DEFICIT,0
SH-KAZ-1940,Kaziranga Sector-3 Relief Center,Kaziranga,Assam,flood,26.31043,93.3258,300,350,0.257,1.48,1,47.9,120.0,362.0,1.5,92.1,100.0,CRITICAL_DEFICIT,0
SH-KAZ-1941,Kaziranga Sector-1 Relief Center,Kaziranga,Assam,flood,26.5714,93.15831,500,266,0.21,6.87,0,20.4,286.0,633.5,3.3,173.8,100.0,CRITICAL_DEFICIT,0
SH-KUT-1942,Kutch Sector-2 Relief Center,Kutch,Gujarat,earthquake,24.24435,70.06199,150,107,0.298,3.7,1,0.0,38.5,104.0,0.6,13.3,99.83,CRITICAL_DEFICIT,0
SH-DAR-1943,Darbhanga Sector-9 Relief Center,Darbhanga,Bihar,flood,25.92981,85.46933,150,68,0.191,4.64,1,57.1,268.1,473.7,4.8,247.5,58.72,DEFICIT,1
SH-PUR-1944,Puri Sector-3 Relief Center,Puri,Odisha,cyclone,20.09749,86.07469,150,140,0.19,5.43,1,14.9,102.6,305.7,2.0,74.6,97.24,CRITICAL_DEFICIT,0
SH-DAR-1945,Darbhanga Sector-19 Relief Center,Darbhanga,Bihar,flood,26.26534,85.93132,300,92,0.313,2.78,1,0.0,279.1,467.0,6.4,266.2,78.23,CRITICAL_DEFICIT,0
SH-KAZ-1946,Kaziranga Sector-1 Relief Center,Kaziranga,Assam,flood,27.17178,93.22301,300,141,0.085,0.79,0,0.0,103.5,176.3,1.8,42.3,100.0,CRITICAL_DEFICIT,0
SH-DAR-1947,Darbhanga Sector-3 Relief Center,Darbhanga,Bihar,flood,26.21257,85.78683,300,143,0.65,0.76,1,18.0,267.7,551.6,8.7,182.2,83.11,CRITICAL_DEFICIT,0
SH-KAZ-1948,Kaziranga Sector-4 Relief Center,Kaziranga,Assam,flood,26.19956,93.03182,500,297,0.321,1.0,1,23.3,552.4,1372.1,8.4,308.3,78.65,CRITICAL_DEFICIT,0
SH-KAT-1949,Katihar Sector-6 Relief Center,Katihar,Bihar,flood,25.73516,87.55756,500,430,0.233,3.46,0,1.9,4136.0,9124.8,49.3,1684.3,17.51,SURPLUS,3
SH-DHU-1950,Dhubri Sector-12 Relief Center,Dhubri,Assam,flood,25.85637,89.86661,500,391,0.231,0.31,1,32.2,129.9,386.0,2.0,65.7,100.0,CRITICAL_DEFICIT,0
SH-KUT-1951,Kutch Sector-13 Relief Center,Kutch,Gujarat,earthquake,23.5034,69.56241,150,48,0.231,0.74,1,18.3,77.1,211.7,1.9,47.9,80.27,CRITICAL_DEFICIT,0
SH-KAT-1952,Katihar Sector-19 Relief Center,Katihar,Bihar,flood,25.46088,87.78508,300,268,0.377,1.69,0,34.7,1030.2,1888.9,25.2,901.8,79.74,CRITICAL_DEFICIT,0
SH-KAT-1953,Katihar Sector-17 Relief Center,Katihar,Bihar,flood,25.71245,87.49019,300,198,0.47,1.31,0,27.0,2036.4,6088.0,39.3,1605.5,14.42,SURPLUS,3
SH-PUR-1954,Puri Sector-11 Relief Center,Puri,Odisha,cyclone,19.91893,85.56711,300,134,0.519,3.55,1,31.8,204.6,422.1,3.8,137.1,87.24,CRITICAL_DEFICIT,0
SH-PUR-1955,Puri Sector-12 Relief Center,Puri,Odisha,cyclone,19.56127,85.75026,300,124,0.377,0.14,1,26.3,29.9,74.8,0.8,29.0,96.18,CRITICAL_DEFICIT,0
SH-IDU-1956,Idukki Sector-1 Relief Center,Idukki,Kerala,flood,9.73461,77.06443,300,221,0.408,0.06,1,32.2,1317.4,2928.5,22.8,450.9,27.09,BALANCED,2
SH-VIS-1957,Visakhapatnam Sector-19 Relief Center,Visakhapatnam,Andhra Pradesh,cyclone,17.98879,83.39152,150,132,0.05,0.64,1,3.4,141.8,298.3,1.3,72.4,81.45,CRITICAL_DEFICIT,0
SH-IDU-1958,Idukki Sector-7 Relief Center,Idukki,Kerala,flood,10.19576,77.17597,300,330,0.412,0.07,1,34.0,2193.2,5141.5,62.7,1440.1,12.8,BALANCED,2
SH-VIS-1959,Visakhapatnam Sector-9 Relief Center,Visakhapatnam,Andhra Pradesh,cyclone,17.85017,83.50492,300,106,0.141,0.03,0,30.5,365.5,746.5,3.8,134.2,73.37,CRITICAL_DEFICIT,0
SH-KAT-1960,Katihar Sector-11 Relief Center,Katihar,Bihar,flood,25.69192,87.51071,300,88,0.18,0.5,1,30.4,479.9,952.7,6.6,191.6,38.62,BALANCED,2
SH-DAR-1961,Darbhanga Sector-5 Relief Center,Darbhanga,Bihar,flood,25.8229,85.86547,150,87,0.098,0.65,1,15.4,322.3,952.5,4.7,150.2,44.78,DEFICIT,1
SH-KUT-1962,Kutch Sector-5 Relief Center,Kutch,Gujarat,earthquake,24.1636,69.9727,300,205,0.459,0.54,1,71.2,159.7,397.3,3.8,134.3,94.16,CRITICAL_DEFICIT,0
SH-KAN-1963,Kangra Sector-8 Relief Center,Kangra,Himachal Pradesh,earthquake,32.20572,76.90817,500,241,0.059,0.13,1,5.0,475.1,1304.1,7.0,363.0,74.13,CRITICAL_DEFICIT,0
SH-BAL-1964,Balasore Sector-1 Relief Center,Balasore,Odisha,cyclone,21.26252,87.13902,150,66,0.152,2.39,1,23.3,96.2,271.9,1.0,46.5,85.76,CRITICAL_DEFICIT,0
SH-WAY-1965,Wayanad Sector-14 Relief Center,Wayanad,Kerala,flood,11.31141,75.93376,300,174,0.65,1.79,1,19.3,48.7,102.7,1.3,39.3,100.0,CRITICAL_DEFICIT,0
SH-KAN-1966,Kangra Sector-7 Relief Center,Kangra,Himachal Pradesh,earthquake,32.58213,76.09119,500,145,0.219,0.4,0,27.8,524.5,1460.3,7.2,500.4,71.04,CRITICAL_DEFICIT,0
SH-PUR-1967,Puri Sector-3 Relief Center,Puri,Odisha,cyclone,20.26441,86.03557,150,126,0.296,2.27,0,36.1,210.3,349.2,5.0,144.4,100.0,CRITICAL_DEFICIT,0
SH-DAR-1968,Darbhanga Sector-17 Relief Center,Darbhanga,Bihar,flood,26.1652,85.60586,150,37,0.182,2.83,0,35.3,64.7,184.9,1.0,38.7,95.62,CRITICAL_DEFICIT,0
SH-DHU-1969,Dhubri Sector-11 Relief Center,Dhubri,Assam,flood,26.06253,90.16533,1200,448,0.073,1.12,0,53.5,722.1,1479.6,10.4,608.0,98.91,CRITICAL_DEFICIT,0
SH-KUT-1970,Kutch Sector-4 Relief Center,Kutch,Gujarat,earthquake,24.07899,69.95343,150,155,0.392,0.34,0,32.2,1071.1,3198.2,20.7,531.7,27.31,BALANCED,2
SH-KAN-1971,Kangra Sector-15 Relief Center,Kangra,Himachal Pradesh,earthquake,31.77044,76.21264,500,183,0.091,1.98,1,11.8,149.2,352.9,1.8,127.1,90.37,CRITICAL_DEFICIT,0
SH-KAZ-1972,Kaziranga Sector-17 Relief Center,Kaziranga,Assam,flood,26.30172,93.85475,300,38,0.128,2.62,1,38.0,229.1,492.5,2.4,187.3,26.56,BALANCED,2
SH-UTT-1973,Uttarkashi Sector-14 Relief Center,Uttarkashi,Uttarakhand,earthquake,31.00725,78.52311,500,342,0.575,2.83,1,22.6,1536.7,4144.8,28.2,1161.4,46.95,DEFICIT,1
SH-DHU-1974,Dhubri Sector-11 Relief Center,Dhubri,Assam,flood,25.95516,90.07059,150,81,0.355,0.88,1,30.1,803.9,2169.8,20.4,474.8,2.19,SURPLUS,3
SH-KAZ-1975,Kaziranga Sector-2 Relief Center,Kaziranga,Assam,flood,26.65779,93.03122,300,135,0.435,2.05,1,29.3,39.2,99.3,1.2,29.3,100.0,CRITICAL_DEFICIT,0
SH-IDU-1976,Idukki Sector-19 Relief Center,Idukki,Kerala,flood,9.95342,77.1377,500,490,0.099,0.73,1,12.4,5112.0,13499.7,76.8,2970.3,2.55,SURPLUS,3
SH-BAL-1977,Balasore Sector-4 Relief Center,Balasore,Odisha,cyclone,21.59012,86.92957,500,62,0.521,1.18,1,10.8,95.8,223.3,2.7,50.9,82.26,CRITICAL_DEFICIT,0
SH-IDU-1978,Idukki Sector-11 Relief Center,Idukki,Kerala,flood,9.98887,77.08989,500,350,0.198,1.02,1,30.9,2609.4,4533.4,47.9,1409.7,33.45,BALANCED,2
SH-KAN-1979,Kangra Sector-9 Relief Center,Kangra,Himachal Pradesh,earthquake,32.11462,76.61391,300,104,0.278,0.66,1,59.2,106.1,187.9,2.7,94.9,90.35,CRITICAL_DEFICIT,0
SH-VIS-1980,Visakhapatnam Sector-6 Relief Center,Visakhapatnam,Andhra Pradesh,cyclone,17.90974,83.14114,500,107,0.537,0.0,1,18.6,1079.1,2398.9,18.9,429.2,8.52,SURPLUS,3
SH-IDU-1981,Idukki Sector-15 Relief Center,Idukki,Kerala,flood,10.05538,77.16572,300,246,0.233,0.71,1,60.0,834.3,1473.5,12.7,558.1,69.5,DEFICIT,1
SH-CHA-1982,Chamoli Sector-16 Relief Center,Chamoli,Uttarakhand,earthquake,30.18017,79.55668,800,308,0.451,2.97,1,23.7,643.7,1820.4,18.5,374.1,79.59,CRITICAL_DEFICIT,0
SH-KUT-1983,Kutch Sector-7 Relief Center,Kutch,Gujarat,earthquake,23.64415,70.17383,150,117,0.37,1.03,1,33.8,105.2,315.7,2.8,48.5,95.33,CRITICAL_DEFICIT,0
SH-KUT-1984,Kutch Sector-3 Relief Center,Kutch,Gujarat,earthquake,23.78761,69.65924,150,25,0.053,0.18,1,17.6,37.7,102.7,0.4,34.3,84.15,CRITICAL_DEFICIT,0
SH-KAZ-1985,Kaziranga Sector-1 Relief Center,Kaziranga,Assam,flood,26.59858,93.02269,500,405,0.423,0.98,1,31.5,347.5,884.9,5.6,313.2,90.39,CRITICAL_DEFICIT,0
SH-SOU-1986,South 24 Parganas Sector-7 Relief Center,South 24 Parganas,West Bengal,cyclone,21.95983,88.96877,150,118,0.334,0.57,1,31.6,1025.5,2025.8,15.6,1009.4,9.64,BALANCED,2
SH-KAN-1987,Kangra Sector-13 Relief Center,Kangra,Himachal Pradesh,earthquake,32.30537,76.60413,150,20,0.126,0.6,1,0.0,15.7,46.6,0.2,12.6,97.33,CRITICAL_DEFICIT,0
SH-CHA-1988,Chamoli Sector-18 Relief Center,Chamoli,Uttarakhand,earthquake,30.32823,79.35669,300,157,0.65,1.26,0,22.9,1215.4,2677.2,19.3,1089.7,25.72,BALANCED,2
SH-PUR-1989,Puri Sector-8 Relief Center,Puri,Odisha,cyclone,20.42974,86.05165,300,87,0.122,1.33,0,42.5,24.7,72.6,0.2,14.7,100.0,CRITICAL_DEFICIT,0
SH-WAY-1990,Wayanad Sector-5 Relief Center,Wayanad,Kerala,flood,11.24134,76.19595,300,230,0.073,0.37,1,52.4,370.2,966.1,6.7,212.9,78.08,CRITICAL_DEFICIT,0
SH-BAL-1991,Balasore Sector-14 Relief Center,Balasore,Odisha,cyclone,21.46484,87.38381,800,219,0.398,0.31,1,39.9,173.4,399.4,2.7,89.2,94.67,CRITICAL_DEFICIT,0
SH-IDU-1992,Idukki Sector-15 Relief Center,Idukki,Kerala,flood,9.74498,77.21031,150,64,0.131,1.36,1,16.5,362.0,1088.3,7.4,256.2,26.05,BALANCED,2
SH-CHA-1993,Chamoli Sector-18 Relief Center,Chamoli,Uttarakhand,earthquake,30.13938,79.25623,1200,901,0.469,9.76,0,24.4,7161.7,15509.6,192.0,4347.4,19.05,BALANCED,2
SH-SOU-1994,South 24 Parganas Sector-9 Relief Center,South 24 Parganas,West Bengal,cyclone,22.0387,88.54355,300,189,0.351,1.75,0,31.3,367.6,920.1,7.9,349.5,90.91,CRITICAL_DEFICIT,0
SH-IDU-1995,Idukki Sector-9 Relief Center,Idukki,Kerala,flood,10.12116,77.22202,500,540,0.418,2.53,1,38.2,485.9,1395.4,7.9,284.0,97.0,CRITICAL_DEFICIT,0
SH-KAZ-1996,Kaziranga Sector-11 Relief Center,Kaziranga,Assam,flood,26.75187,93.02558,300,167,0.291,3.94,0,20.9,150.3,248.4,3.2,116.0,100.0,CRITICAL_DEFICIT,0
SH-BAL-1997,Balasore Sector-6 Relief Center,Balasore,Odisha,cyclone,21.0433,87.4402,1200,220,0.296,3.77,0,5.2,473.8,1129.2,12.7,394.0,94.74,CRITICAL_DEFICIT,0
SH-KAZ-1998,Kaziranga Sector-2 Relief Center,Kaziranga,Assam,flood,27.03501,93.20967,300,235,0.178,1.24,1,0.0,721.3,1383.1,16.5,698.9,69.3,DEFICIT,1
SH-SOU-1999,South 24 Parganas Sector-16 Relief Center,South 24 Parganas,West Bengal,cyclone,22.33567,88.24386,800,326,0.183,4.67,1,0.0,535.0,1110.4,9.8,370.5,84.17,CRITICAL_DEFICIT,0
SH-WAY-2000,Wayanad Sector-3 Relief Center,Wayanad,Kerala,flood,11.88046,76.3055,300,54,0.388,0.78,0,20.1,501.9,1386.8,8.4,192.5,16.11,SURPLUS,3
SH-KAT-2001,Katihar Sector-17 Relief Center,Katihar,Bihar,flood,25.61363,87.63816,150,124,0.09,10.7,1,32.9,243.0,535.9,4.8,229.7,75.49,CRITICAL_DEFICIT,0
SH-IDU-2002,Idukki Sector-16 Relief Center,Idukki,Kerala,flood,9.47295,77.12995,1200,877,0.297,0.87,0,52.7,278.0,659.5,6.3,173.3,100.0,CRITICAL_DEFICIT,0
SH-KAZ-2003,Kaziranga Sector-18 Relief Center,Kaziranga,Assam,flood,26.50205,93.05034,500,464,0.154,0.51,0,31.7,428.1,994.3,9.6,211.1,100.0,CRITICAL_DEFICIT,0
SH-KAZ-2004,Kaziranga Sector-5 Relief Center,Kaziranga,Assam,flood,26.38106,92.88646,150,37,0.375,0.08,1,38.6,29.7,52.2,0.4,10.1,98.23,CRITICAL_DEFICIT,0
SH-KAT-2005,Katihar Sector-16 Relief Center,Katihar,Bihar,flood,25.58773,87.79012,500,387,0.381,6.09,0,0.2,715.7,1708.3,12.1,696.5,91.93,CRITICAL_DEFICIT,0
SH-DAR-2006,Darbhanga Sector-7 Relief Center,Darbhanga,Bihar,flood,26.16617,86.14465,500,42,0.093,2.38,0,30.0,152.3,312.2,2.1,59.0,75.53,CRITICAL_DEFICIT,0
SH-IDU-2007,Idukki Sector-7 Relief Center,Idukki,Kerala,flood,9.92712,76.9805,150,137,0.331,3.03,1,38.8,441.6,937.1,6.8,233.8,62.44,DEFICIT,1
SH-VIS-2008,Visakhapatnam Sector-4 Relief Center,Visakhapatnam,Andhra Pradesh,cyclone,17.6471,83.69358,150,127,0.128,0.85,1,14.0,700.8,1634.4,8.3,547.6,31.06,BALANCED,2
SH-KAN-2009,Kangra Sector-16 Relief Center,Kangra,Himachal Pradesh,earthquake,32.0619,75.64655,300,186,0.098,4.28,1,27.6,630.2,1885.3,10.0,591.3,56.73,DEFICIT,1
SH-DHU-2010,Dhubri Sector-7 Relief Center,Dhubri,Assam,flood,26.00869,90.15252,1200,1164,0.065,5.94,0,9.2,11366.9,29255.2,212.3,5116.3,18.2,SURPLUS,3
SH-WAY-2011,Wayanad Sector-7 Relief Center,Wayanad,Kerala,flood,12.11926,76.20757,150,74,0.05,2.01,1,1.5,284.1,835.4,4.1,262.8,55.59,DEFICIT,1
SH-DAR-2012,Darbhanga Sector-4 Relief Center,Darbhanga,Bihar,flood,26.09519,85.2782,300,41,0.41,4.5,0,10.1,85.2,233.4,2.0,84.3,88.41,CRITICAL_DEFICIT,0
SH-VIS-2013,Visakhapatnam Sector-14 Relief Center,Visakhapatnam,Andhra Pradesh,cyclone,17.7749,83.31325,2000,539,0.137,1.61,1,12.1,815.5,2314.8,15.6,483.0,84.18,CRITICAL_DEFICIT,0
SH-IDU-2014,Idukki Sector-8 Relief Center,Idukki,Kerala,flood,10.28478,77.40702,500,115,0.303,2.82,0,19.3,122.7,269.6,1.6,61.4,98.43,CRITICAL_DEFICIT,0
SH-CHA-2015,Chamoli Sector-18 Relief Center,Chamoli,Uttarakhand,earthquake,30.61212,79.42923,500,123,0.342,0.55,0,36.0,241.9,417.1,6.3,99.0,94.57,CRITICAL_DEFICIT,0
SH-DAR-2016,Darbhanga Sector-2 Relief Center,Darbhanga,Bihar,flood,26.37275,86.20592,150,101,0.208,0.3,1,19.8,193.6,532.0,4.2,141.6,75.57,CRITICAL_DEFICIT,0
SH-BAL-2017,Balasore Sector-9 Relief Center,Balasore,Odisha,cyclone,21.45614,87.00765,500,47,0.347,1.34,0,13.2,93.2,194.1,2.3,80.1,98.9,CRITICAL_DEFICIT,0
SH-UTT-2018,Uttarkashi Sector-10 Relief Center,Uttarkashi,Uttarakhand,earthquake,30.93408,77.9417,500,203,0.417,1.63,1,42.0,152.1,338.8,2.1,121.4,95.8,CRITICAL_DEFICIT,0
SH-CHA-2019,Chamoli Sector-13 Relief Center,Chamoli,Uttarakhand,earthquake,30.50289,79.90088,300,240,0.35,7.42,1,40.3,2895.3,6519.1,42.7,1841.0,5.69,SURPLUS,3
SH-DHU-2020,Dhubri Sector-18 Relief Center,Dhubri,Assam,flood,26.35955,89.82819,800,505,0.227,13.81,0,54.0,890.0,2326.7,15.4,687.7,100.0,CRITICAL_DEFICIT,0
SH-KAZ-2021,Kaziranga Sector-5 Relief Center,Kaziranga,Assam,flood,26.51329,93.12024,800,362,0.067,1.88,1,25.7,735.6,1493.6,11.5,727.5,73.11,CRITICAL_DEFICIT,0
SH-SOU-2022,South 24 Parganas Sector-4 Relief Center,South 24 Parganas,West Bengal,cyclone,22.43467,88.65705,150,85,0.23,1.88,1,26.8,381.8,1016.7,5.3,304.4,39.06,DEFICIT,1
SH-CHA-2023,Chamoli Sector-10 Relief Center,Chamoli,Uttarakhand,earthquake,30.55028,79.30616,500,276,0.406,7.48,0,7.8,257.1,612.5,4.2,162.5,100.0,CRITICAL_DEFICIT,0
SH-UTT-2024,Uttarkashi Sector-10 Relief Center,Uttarkashi,Uttarakhand,earthquake,30.67322,78.61798,300,39,0.384,3.14,0,1.6,58.9,147.8,1.6,26.3,96.92,CRITICAL_DEFICIT,0
SH-PUR-2025,Puri Sector-12 Relief Center,Puri,Odisha,cyclone,19.97658,85.71828,300,172,0.223,0.67,1,51.3,308.5,700.8,6.7,123.4,76.49,CRITICAL_DEFICIT,0
SH-IDU-2026,Idukki Sector-7 Relief Center,Idukki,Kerala,flood,10.26763,76.79086,150,54,0.072,4.03,1,16.2,56.7,135.2,0.9,43.4,86.07,CRITICAL_DEFICIT,0
SH-IDU-2027,Idukki Sector-17 Relief Center,Idukki,Kerala,flood,10.12806,77.19459,500,491,0.587,2.67,0,33.1,133.8,350.3,4.4,61.6,100.0,CRITICAL_DEFICIT,0
SH-KUT-2028,Kutch Sector-18 Relief Center,Kutch,Gujarat,earthquake,23.23286,69.97016,150,158,0.233,2.59,1,53.3,44.1,97.8,0.7,34.6,97.63,CRITICAL_DEFICIT,0
SH-KUT-2029,Kutch Sector-3 Relief Center,Kutch,Gujarat,earthquake,23.55879,69.77536,500,346,0.214,5.44,1,0.0,1510.1,2722.9,29.5,707.1,54.46,DEFICIT,1
SH-VIS-2030,Visakhapatnam Sector-16 Relief Center,Visakhapatnam,Andhra Pradesh,cyclone,17.64556,83.55563,500,575,0.18,4.99,1,26.4,2030.4,5723.4,29.6,1672.5,50.94,DEFICIT,1
SH-UTT-2031,Uttarkashi Sector-8 Relief Center,Uttarkashi,Uttarakhand,earthquake,30.74149,78.40833,300,195,0.254,0.99,1,7.2,307.9,660.3,3.7,298.2,80.71,CRITICAL_DEFICIT,0
SH-KAN-2032,Kangra Sector-15 Relief Center,Kangra,Himachal Pradesh,earthquake,32.36979,76.26699,300,65,0.621,3.89,0,15.8,621.0,1689.7,11.7,589.6,23.88,SURPLUS,3
SH-DHU-2033,Dhubri Sector-17 Relief Center,Dhubri,Assam,flood,25.92522,90.05048,300,126,0.147,5.51,0,37.1,876.8,2625.2,19.5,356.5,25.33,BALANCED,2
SH-PUR-2034,Puri Sector-13 Relief Center,Puri,Odisha,cyclone,19.58903,86.06675,800,404,0.134,0.66,1,24.3,368.3,766.8,6.2,142.9,88.34,CRITICAL_DEFICIT,0
SH-WAY-2035,Wayanad Sector-2 Relief Center,Wayanad,Kerala,flood,11.59522,75.74965,150,41,0.26,3.43,1,26.1,73.0,172.0,1.6,52.4,77.08,CRITICAL_DEFICIT,0
SH-CHA-2036,Chamoli Sector-1 Relief Center,Chamoli,Uttarakhand,earthquake,30.55288,79.23579,800,373,0.439,1.81,1,36.0,311.5,852.8,6.1,187.7,96.58,CRITICAL_DEFICIT,0
SH-DAR-2037,Darbhanga Sector-9 Relief Center,Darbhanga,Bihar,flood,26.1422,85.65228,300,104,0.294,11.52,1,12.6,96.2,157.6,1.1,41.2,96.77,CRITICAL_DEFICIT,0
SH-BAL-2038,Balasore Sector-2 Relief Center,Balasore,Odisha,cyclone,21.65039,86.71186,300,279,0.201,12.36,1,59.8,506.3,1527.0,11.4,272.9,72.22,CRITICAL_DEFICIT,0
SH-DAR-2039,Darbhanga Sector-13 Relief Center,Darbhanga,Bihar,flood,25.71399,86.25455,150,39,0.191,9.47,0,7.2,64.3,106.8,1.3,31.5,100.0,CRITICAL_DEFICIT,0
SH-IDU-2040,Idukki Sector-10 Relief Center,Idukki,Kerala,flood,9.48858,77.23947,150,81,0.172,2.21,1,33.1,629.0,1351.9,14.6,507.0,8.52,BALANCED,2
SH-KAT-2041,Katihar Sector-7 Relief Center,Katihar,Bihar,flood,25.15822,87.54294,150,67,0.41,0.62,1,22.1,18.7,39.8,0.4,18.4,99.07,CRITICAL_DEFICIT,0
SH-BAL-2042,Balasore Sector-9 Relief Center,Balasore,Odisha,cyclone,21.66484,86.61836,500,405,0.331,1.35,1,0.0,1222.4,2499.0,17.4,512.4,65.94,DEFICIT,1
SH-SOU-2043,South 24 Parganas Sector-12 Relief Center,South 24 Parganas,West Bengal,cyclone,21.94799,88.87958,800,470,0.65,1.03,1,36.8,823.1,2218.6,23.1,639.3,85.98,CRITICAL_DEFICIT,0
SH-KUT-2044,Kutch Sector-11 Relief Center,Kutch,Gujarat,earthquake,23.42651,70.00969,150,126,0.066,0.29,1,7.9,263.9,736.3,5.4,189.7,67.31,CRITICAL_DEFICIT,0
SH-CHA-2045,Chamoli Sector-18 Relief Center,Chamoli,Uttarakhand,earthquake,30.07357,79.17976,500,276,0.275,3.59,1,6.6,536.4,1151.4,11.2,452.1,80.63,CRITICAL_DEFICIT,0
SH-DHU-2046,Dhubri Sector-19 Relief Center,Dhubri,Assam,flood,25.71545,89.93315,300,223,0.222,4.6,0,4.5,463.8,1050.0,9.2,204.8,93.27,CRITICAL_DEFICIT,0
SH-WAY-2047,Wayanad Sector-2 Relief Center,Wayanad,Kerala,flood,11.47793,75.61822,150,102,0.256,6.11,1,25.7,649.6,1401.6,12.5,366.8,24.79,BALANCED,2
SH-KUT-2048,Kutch Sector-13 Relief Center,Kutch,Gujarat,earthquake,22.97537,69.81453,300,117,0.385,3.34,0,34.8,640.1,1594.8,16.9,228.0,42.18,DEFICIT,1
SH-DAR-2049,Darbhanga Sector-18 Relief Center,Darbhanga,Bihar,flood,26.61923,86.06914,300,253,0.567,6.66,0,3.8,468.7,1233.0,11.8,187.0,95.83,CRITICAL_DEFICIT,0
SH-KAN-2050,Kangra Sector-2 Relief Center,Kangra,Himachal Pradesh,earthquake,32.06529,76.15507,300,203,0.234,0.04,1,37.3,1405.5,3030.1,30.2,575.6,20.51,BALANCED,2
SH-KAT-2051,Katihar Sector-6 Relief Center,Katihar,Bihar,flood,25.31925,87.33792,150,66,0.094,1.0,0,12.5,243.3,463.9,5.1,93.2,74.73,CRITICAL_DEFICIT,0
SH-PUR-2052,Puri Sector-8 Relief Center,Puri,Odisha,cyclone,19.64969,85.87923,1200,360,0.197,1.06,1,13.6,337.3,910.6,7.7,139.4,90.57,CRITICAL_DEFICIT,0
SH-DAR-2053,Darbhanga Sector-3 Relief Center,Darbhanga,Bihar,flood,26.54363,85.87706,800,113,0.498,0.21,0,15.8,32.5,98.1,0.9,27.1,100.0,CRITICAL_DEFICIT,0
SH-BAL-2054,Balasore Sector-15 Relief Center,Balasore,Odisha,cyclone,21.15735,86.6535,1200,1236,0.07,0.2,1,41.2,2628.2,6851.1,45.9,1453.1,67.33,CRITICAL_DEFICIT,0
SH-WAY-2055,Wayanad Sector-14 Relief Center,Wayanad,Kerala,flood,11.88725,76.14008,500,374,0.154,1.95,0,23.9,580.2,1632.6,7.1,208.4,96.61,CRITICAL_DEFICIT,0
SH-PUR-2056,Puri Sector-4 Relief Center,Puri,Odisha,cyclone,19.76066,85.40755,300,54,0.191,4.92,0,0.0,90.5,174.6,1.4,85.2,99.61,CRITICAL_DEFICIT,0
SH-IDU-2057,Idukki Sector-17 Relief Center,Idukki,Kerala,flood,9.75692,76.78674,300,338,0.246,1.27,1,24.9,1222.9,2165.6,20.2,1216.7,60.42,DEFICIT,1
SH-DAR-2058,Darbhanga Sector-11 Relief Center,Darbhanga,Bihar,flood,26.32543,85.7107,500,31,0.272,1.71,1,28.1,31.5,61.6,0.6,29.9,92.87,CRITICAL_DEFICIT,0
SH-SOU-2059,South 24 Parganas Sector-8 Relief Center,South 24 Parganas,West Bengal,cyclone,22.09026,88.39585,500,538,0.073,0.2,0,37.5,457.6,952.3,5.9,432.8,100.0,CRITICAL_DEFICIT,0
SH-DHU-2060,Dhubri Sector-10 Relief Center,Dhubri,Assam,flood,25.91592,89.98391,150,77,0.251,2.07,1,30.9,443.6,1289.6,5.7,174.3,25.46,BALANCED,2
SH-SOU-2061,South 24 Parganas Sector-12 Relief Center,South 24 Parganas,West Bengal,cyclone,22.15236,88.36416,300,192,0.257,0.42,0,33.3,57.3,153.9,1.1,38.6,100.0,CRITICAL_DEFICIT,0
SH-PUR-2062,Puri Sector-1 Relief Center,Puri,Odisha,cyclone,20.06792,85.91306,500,112,0.357,1.57,1,0.0,184.4,518.5,3.4,174.3,85.9,CRITICAL_DEFICIT,0
SH-CHA-2063,Chamoli Sector-3 Relief Center,Chamoli,Uttarakhand,earthquake,30.39986,79.0307,300,257,0.05,5.6,0,13.4,219.0,614.1,3.0,198.2,96.01,CRITICAL_DEFICIT,0
SH-DAR-2064,Darbhanga Sector-3 Relief Center,Darbhanga,Bihar,flood,26.20818,86.10564,300,245,0.098,2.05,0,29.1,189.2,331.0,3.8,110.0,100.0,CRITICAL_DEFICIT,0
SH-DAR-2065,Darbhanga Sector-17 Relief Center,Darbhanga,Bihar,flood,26.15271,85.794,500,291,0.37,5.94,0,0.0,282.9,644.3,4.0,244.4,100.0,CRITICAL_DEFICIT,0
SH-KAT-2066,Katihar Sector-7 Relief Center,Katihar,Bihar,flood,25.80472,87.61485,1200,1032,0.449,1.07,1,0.0,1026.7,2470.2,18.4,524.2,95.23,CRITICAL_DEFICIT,0
SH-VIS-2067,Visakhapatnam Sector-15 Relief Center,Visakhapatnam,Andhra Pradesh,cyclone,17.41873,82.63015,300,23,0.093,0.0,1,13.5,6.6,13.8,0.1,2.8,100.0,CRITICAL_DEFICIT,0
SH-KAZ-2068,Kaziranga Sector-17 Relief Center,Kaziranga,Assam,flood,26.78296,93.26197,150,97,0.368,2.93,1,6.6,295.8,500.0,8.1,246.4,74.46,CRITICAL_DEFICIT,0
SH-UTT-2069,Uttarkashi Sector-11 Relief Center,Uttarkashi,Uttarakhand,earthquake,31.04478,77.82075,500,272,0.343,5.37,1,30.9,852.2,2285.5,19.0,293.2,59.14,DEFICIT,1
SH-DAR-2070,Darbhanga Sector-12 Relief Center,Darbhanga,Bihar,flood,26.2292,85.97559,150,26,0.145,1.63,0,33.8,53.8,143.6,0.6,42.4,92.94,CRITICAL_DEFICIT,0
SH-KAN-2071,Kangra Sector-7 Relief Center,Kangra,Himachal Pradesh,earthquake,32.06907,76.25517,300,84,0.243,5.08,1,9.3,333.7,625.3,7.2,145.9,56.08,DEFICIT,1
SH-UTT-2072,Uttarkashi Sector-19 Relief Center,Uttarkashi,Uttarakhand,earthquake,30.89235,78.30622,500,234,0.05,0.19,1,1.7,1685.8,4792.4,16.7,1068.2,9.24,BALANCED,2
SH-KAN-2073,Kangra Sector-10 Relief Center,Kangra,Himachal Pradesh,earthquake,31.77738,76.33963,800,359,0.265,0.4,1,30.5,651.9,1134.3,16.0,321.2,84.57,CRITICAL_DEFICIT,0
SH-WAY-2074,Wayanad Sector-10 Relief Center,Wayanad,Kerala,flood,11.73727,75.98954,500,489,0.165,0.42,0,3.3,1927.8,4828.4,38.6,875.5,64.54,DEFICIT,1
SH-PUR-2075,Puri Sector-6 Relief Center,Puri,Odisha,cyclone,19.93959,86.05667,300,136,0.451,4.34,1,18.3,1615.2,3668.4,43.1,1136.3,7.38,SURPLUS,3
SH-KAZ-2076,Kaziranga Sector-11 Relief Center,Kaziranga,Assam,flood,27.00477,93.08518,150,32,0.207,1.57,1,24.2,32.1,62.4,0.4,17.6,93.31,CRITICAL_DEFICIT,0
SH-PUR-2077,Puri Sector-19 Relief Center,Puri,Odisha,cyclone,19.62491,85.53335,500,338,0.296,4.04,1,15.5,311.6,759.8,7.3,213.5,87.41,CRITICAL_DEFICIT,0
SH-DHU-2078,Dhubri Sector-1 Relief Center,Dhubri,Assam,flood,25.9274,90.2928,500,66,0.108,2.07,0,34.5,433.1,730.6,7.5,200.6,49.98,DEFICIT,1
SH-DHU-2079,Dhubri Sector-7 Relief Center,Dhubri,Assam,flood,25.68603,89.72073,150,20,0.3,0.41,1,15.9,5.5,13.4,0.1,3.6,100.0,CRITICAL_DEFICIT,0
SH-KAT-2080,Katihar Sector-14 Relief Center,Katihar,Bihar,flood,25.35563,87.42451,500,496,0.321,1.93,0,28.1,904.5,1868.3,11.4,728.2,94.79,CRITICAL_DEFICIT,0
SH-UTT-2081,Uttarkashi Sector-6 Relief Center,Uttarkashi,Uttarakhand,earthquake,30.5378,78.34127,1200,1036,0.337,2.95,1,32.3,1045.7,2301.3,20.7,367.9,96.65,CRITICAL_DEFICIT,0
SH-CHA-2082,Chamoli Sector-1 Relief Center,Chamoli,Uttarakhand,earthquake,30.80076,79.21841,300,240,0.441,5.03,1,71.2,194.6,531.9,4.5,105.8,94.15,CRITICAL_DEFICIT,0
SH-SOU-2083,South 24 Parganas Sector-16 Relief Center,South 24 Parganas,West Bengal,cyclone,22.43053,88.46269,300,46,0.201,2.08,1,26.9,43.3,121.5,0.5,31.9,88.42,CRITICAL_DEFICIT,0
SH-BAL-2084,Balasore Sector-19 Relief Center,Balasore,Odisha,cyclone,21.13854,87.10323,300,216,0.584,3.94,1,0.0,54.4,115.7,1.9,23.7,100.0,CRITICAL_DEFICIT,0
SH-DHU-2085,Dhubri Sector-12 Relief Center,Dhubri,Assam,flood,26.03414,89.91896,300,36,0.499,4.84,0,42.3,9.5,18.9,0.2,3.3,100.0,CRITICAL_DEFICIT,0
SH-DHU-2086,Dhubri Sector-18 Relief Center,Dhubri,Assam,flood,25.78784,90.30711,800,538,0.074,3.06,1,44.0,1025.5,2936.6,11.1,421.3,71.77,CRITICAL_DEFICIT,0
SH-DAR-2087,Darbhanga Sector-1 Relief Center,Darbhanga,Bihar,flood,25.95087,86.15113,1200,833,0.15,1.06,1,17.7,249.6,738.6,3.6,91.5,94.59,CRITICAL_DEFICIT,0
SH-KAT-2088,Katihar Sector-5 Relief Center,Katihar,Bihar,flood,25.3591,87.81623,1200,342,0.238,6.09,0,20.5,2317.9,3882.0,44.8,1376.0,58.52,DEFICIT,1
SH-PUR-2089,Puri Sector-14 Relief Center,Puri,Odisha,cyclone,19.87294,85.80338,500,281,0.244,2.48,0,13.0,210.7,350.7,4.7,138.4,100.0,CRITICAL_DEFICIT,0
SH-KAZ-2090,Kaziranga Sector-15 Relief Center,Kaziranga,Assam,flood,26.83281,92.73919,150,106,0.101,1.58,1,10.3,364.9,688.8,7.7,345.6,63.24,DEFICIT,1
SH-IDU-2091,Idukki Sector-7 Relief Center,Idukki,Kerala,flood,10.00703,77.23296,1200,650,0.14,3.2,0,9.6,591.0,1065.1,12.2,587.6,100.0,CRITICAL_DEFICIT,0
SH-CHA-2092,Chamoli Sector-18 Relief Center,Chamoli,Uttarakhand,earthquake,30.2211,79.67983,500,100,0.304,2.98,1,34.1,338.8,934.9,6.1,173.1,59.62,DEFICIT,1
SH-WAY-2093,Wayanad Sector-10 Relief Center,Wayanad,Kerala,flood,11.65047,76.31412,150,134,0.361,0.9,1,7.2,114.8,265.8,1.7,98.6,90.45,CRITICAL_DEFICIT,0
SH-KUT-2094,Kutch Sector-3 Relief Center,Kutch,Gujarat,earthquake,23.60329,69.77251,150,36,0.407,4.98,1,19.8,34.5,97.1,0.6,21.3,90.33,CRITICAL_DEFICIT,0
SH-BAL-2095,Balasore Sector-6 Relief Center,Balasore,Odisha,cyclone,21.31591,86.51532,800,542,0.649,4.36,1,21.4,477.2,1047.9,16.8,316.0,90.44,CRITICAL_DEFICIT,0
SH-KAZ-2096,Kaziranga Sector-7 Relief Center,Kaziranga,Assam,flood,26.8595,92.99006,150,112,0.361,1.36,1,0.0,168.8,430.5,3.5,144.9,85.92,CRITICAL_DEFICIT,0
SH-VIS-2097,Visakhapatnam Sector-15 Relief Center,Visakhapatnam,Andhra Pradesh,cyclone,17.68848,83.34098,500,575,0.65,1.71,0,9.3,2557.4,4464.5,61.3,2336.5,83.57,CRITICAL_DEFICIT,0
SH-KAZ-2098,Kaziranga Sector-10 Relief Center,Kaziranga,Assam,flood,26.48421,93.44287,1200,651,0.483,1.17,1,11.8,1123.6,2093.5,18.9,711.7,87.66,CRITICAL_DEFICIT,0
SH-DHU-2099,Dhubri Sector-8 Relief Center,Dhubri,Assam,flood,25.91932,89.92568,500,163,0.408,2.62,1,39.1,131.7,290.5,3.0,102.4,100.0,CRITICAL_DEFICIT,0
SH-UTT-2100,Uttarkashi Sector-10 Relief Center,Uttarkashi,Uttarakhand,earthquake,30.72189,78.13738,500,376,0.209,1.41,1,0.0,288.4,857.2,6.2,252.9,88.62,CRITICAL_DEFICIT,0
SH-DHU-2101,Dhubri Sector-11 Relief Center,Dhubri,Assam,flood,25.59267,89.76359,500,135,0.597,2.61,0,9.2,105.8,223.6,2.8,82.1,100.0,CRITICAL_DEFICIT,0
SH-VIS-2102,Visakhapatnam Sector-3 Relief Center,Visakhapatnam,Andhra Pradesh,cyclone,17.77069,82.83857,800,671,0.201,2.8,1,36.9,192.3,400.9,4.6,163.5,100.0,CRITICAL_DEFICIT,0
SH-KUT-2103,Kutch Sector-5 Relief Center,Kutch,Gujarat,earthquake,23.77757,69.36963,150,158,0.121,1.58,0,40.7,43.1,74.6,0.7,16.9,100.0,CRITICAL_DEFICIT,0
SH-KAZ-2104,Kaziranga Sector-3 Relief Center,Kaziranga,Assam,flood,26.56988,93.02861,800,638,0.3,0.09,1,17.3,550.4,1658.9,9.4,443.3,89.6,CRITICAL_DEFICIT,0
SH-DAR-2105,Darbhanga Sector-13 Relief Center,Darbhanga,Bihar,flood,25.88969,85.75769,500,393,0.226,5.35,1,44.4,362.9,741.0,9.1,230.4,99.28,CRITICAL_DEFICIT,0
SH-IDU-2106,Idukki Sector-15 Relief Center,Idukki,Kerala,flood,10.24622,77.40923,150,123,0.421,3.38,0,68.6,113.3,223.4,2.3,84.8,100.0,CRITICAL_DEFICIT,0
SH-KAT-2107,Katihar Sector-2 Relief Center,Katihar,Bihar,flood,25.3512,87.38764,500,453,0.166,0.28,1,11.4,456.5,1133.8,6.5,260.6,89.65,CRITICAL_DEFICIT,0
SH-PUR-2108,Puri Sector-12 Relief Center,Puri,Odisha,cyclone,20.23593,85.70471,500,94,0.064,0.09,1,30.6,82.8,214.3,1.4,29.1,88.91,CRITICAL_DEFICIT,0
SH-WAY-2109,Wayanad Sector-1 Relief Center,Wayanad,Kerala,flood,12.0785,75.9861,500,559,0.407,1.4,1,4.1,1749.4,5031.1,27.8,1725.9,61.24,DEFICIT,1
SH-KUT-2110,Kutch Sector-13 Relief Center,Kutch,Gujarat,earthquake,23.92937,70.42107,800,106,0.104,3.87,1,49.2,99.4,194.5,1.3,39.2,90.03,CRITICAL_DEFICIT,0
SH-CHA-2111,Chamoli Sector-3 Relief Center,Chamoli,Uttarakhand,earthquake,30.70086,79.03481,300,196,0.305,7.67,1,46.5,332.8,649.5,7.9,254.9,84.32,CRITICAL_DEFICIT,0
SH-VIS-2112,Visakhapatnam Sector-7 Relief Center,Visakhapatnam,Andhra Pradesh,cyclone,18.08416,82.95334,150,35,0.292,0.18,1,23.0,141.2,347.8,2.1,128.2,54.08,DEFICIT,1
SH-KUT-2113,Kutch Sector-5 Relief Center,Kutch,Gujarat,earthquake,23.97521,69.96289,150,177,0.429,0.41,0,36.7,1974.5,5179.8,40.7,1924.7,15.65,SURPLUS,3
SH-KAT-2114,Katihar Sector-16 Relief Center,Katihar,Bihar,flood,25.44433,87.85821,1200,124,0.395,2.33,1,20.7,191.4,379.9,3.9,135.5,88.87,CRITICAL_DEFICIT,0
SH-PUR-2115,Puri Sector-1 Relief Center,Puri,Odisha,cyclone,19.68757,85.76611,300,137,0.215,0.31,1,17.9,411.1,819.7,7.8,218.7,64.46,DEFICIT,1
SH-UTT-2116,Uttarkashi Sector-19 Relief Center,Uttarkashi,Uttarakhand,earthquake,30.66128,78.7282,150,65,0.05,5.99,0,32.7,100.9,186.1,1.3,56.9,100.0,CRITICAL_DEFICIT,0
SH-KAZ-2117,Kaziranga Sector-9 Relief Center,Kaziranga,Assam,flood,26.87998,93.19177,300,198,0.296,1.74,1,5.0,363.7,978.3,7.8,352.8,79.51,CRITICAL_DEFICIT,0
SH-WAY-2118,Wayanad Sector-10 Relief Center,Wayanad,Kerala,flood,11.73341,75.97608,300,180,0.201,0.36,1,12.7,559.4,1311.1,9.9,271.5,57.55,DEFICIT,1
SH-CHA-2119,Chamoli Sector-19 Relief Center,Chamoli,Uttarakhand,earthquake,30.93176,79.26822,500,402,0.05,0.99,1,2.7,1645.0,4680.7,23.6,803.2,44.1,DEFICIT,1
SH-UTT-2120,Uttarkashi Sector-4 Relief Center,Uttarkashi,Uttarakhand,earthquake,31.00241,78.19511,300,153,0.349,3.65,1,29.1,284.6,817.3,7.5,281.0,73.51,CRITICAL_DEFICIT,0
SH-SOU-2121,South 24 Parganas Sector-16 Relief Center,South 24 Parganas,West Bengal,cyclone,21.77035,88.45508,150,162,0.16,0.99,1,21.3,685.5,1399.0,12.8,408.0,50.03,DEFICIT,1
SH-BAL-2122,Balasore Sector-18 Relief Center,Balasore,Odisha,cyclone,20.85702,87.01087,300,78,0.173,0.08,0,9.7,20.2,50.1,0.4,9.3,100.0,CRITICAL_DEFICIT,0
SH-IDU-2123,Idukki Sector-8 Relief Center,Idukki,Kerala,flood,9.89252,77.04693,1200,1220,0.108,3.21,1,48.0,4763.3,11981.9,48.1,3550.7,38.89,DEFICIT,1
SH-KAN-2124,Kangra Sector-9 Relief Center,Kangra,Himachal Pradesh,earthquake,31.7414,76.64496,500,401,0.05,2.07,1,31.7,427.0,970.5,7.2,417.6,86.07,CRITICAL_DEFICIT,0
SH-CHA-2125,Chamoli Sector-2 Relief Center,Chamoli,Uttarakhand,earthquake,30.39927,79.21018,500,522,0.39,2.35,1,27.5,403.4,1159.4,5.5,327.4,95.46,CRITICAL_DEFICIT,0
SH-KAT-2126,Katihar Sector-15 Relief Center,Katihar,Bihar,flood,25.31561,87.5537,300,148,0.383,2.2,0,46.0,261.1,668.4,3.4,106.0,95.47,CRITICAL_DEFICIT,0
SH-KUT-2127,Kutch Sector-7 Relief Center,Kutch,Gujarat,earthquake,23.47906,69.91287,150,116,0.121,0.5,1,9.4,28.1,46.2,0.5,9.8,100.0,CRITICAL_DEFICIT,0
SH-CHA-2128,Chamoli Sector-3 Relief Center,Chamoli,Uttarakhand,earthquake,30.09132,79.29457,500,585,0.164,1.25,1,37.5,2417.8,4268.8,49.9,908.2,59.42,DEFICIT,1
SH-KAZ-2129,Kaziranga Sector-17 Relief Center,Kaziranga,Assam,flood,26.82196,93.02276,500,307,0.199,1.52,1,6.4,1371.5,4047.9,26.1,1352.5,44.49,DEFICIT,1
SH-BAL-2130,Balasore Sector-3 Relief Center,Balasore,Odisha,cyclone,20.87818,86.85331,500,347,0.13,1.32,1,30.4,664.6,1915.0,14.3,624.6,79.9,CRITICAL_DEFICIT,0
SH-VIS-2131,Visakhapatnam Sector-2 Relief Center,Visakhapatnam,Andhra Pradesh,cyclone,17.96602,83.0503,300,248,0.23,4.39,0,5.1,1020.4,2174.0,18.8,376.0,70.4,CRITICAL_DEFICIT,0
SH-UTT-2132,Uttarkashi Sector-1 Relief Center,Uttarkashi,Uttarakhand,earthquake,31.02205,78.16208,500,485,0.109,0.04,1,50.1,3592.6,6206.9,69.2,1626.4,28.56,BALANCED,2
SH-CHA-2133,Chamoli Sector-15 Relief Center,Chamoli,Uttarakhand,earthquake,30.47149,79.338,500,201,0.271,0.4,1,10.4,834.6,2513.9,14.8,296.3,49.74,DEFICIT,1
SH-DAR-2134,Darbhanga Sector-1 Relief Center,Darbhanga,Bihar,flood,26.00503,85.71949,500,608,0.317,0.62,0,45.6,545.2,977.2,11.0,480.0,100.0,CRITICAL_DEFICIT,0
SH-IDU-2135,Idukki Sector-13 Relief Center,Idukki,Kerala,flood,9.84283,77.29927,150,35,0.12,4.47,0,22.7,72.0,140.1,0.7,42.5,95.04,CRITICAL_DEFICIT,0
SH-CHA-2136,Chamoli Sector-4 Relief Center,Chamoli,Uttarakhand,earthquake,30.33382,78.92805,300,253,0.163,1.83,0,32.2,70.8,117.6,1.0,50.5,100.0,CRITICAL_DEFICIT,0
SH-IDU-2137,Idukki Sector-8 Relief Center,Idukki,Kerala,flood,9.81285,76.8682,800,806,0.476,6.92,0,61.7,3503.1,10412.7,94.8,2428.7,59.04,DEFICIT,1
SH-DHU-2138,Dhubri Sector-15 Relief Center,Dhubri,Assam,flood,25.84969,90.31175,500,160,0.09,0.27,0,4.8,579.6,1622.5,8.1,487.1,64.16,DEFICIT,1
SH-VIS-2139,Visakhapatnam Sector-5 Relief Center,Visakhapatnam,Andhra Pradesh,cyclone,17.76538,82.99581,500,136,0.514,0.69,1,24.9,139.2,285.4,3.0,53.2,98.58,CRITICAL_DEFICIT,0
SH-WAY-2140,Wayanad Sector-2 Relief Center,Wayanad,Kerala,flood,11.51842,76.22481,300,210,0.25,2.75,1,49.8,1239.3,2500.9,15.3,1104.9,38.76,BALANCED,2
SH-CHA-2141,Chamoli Sector-10 Relief Center,Chamoli,Uttarakhand,earthquake,30.37771,79.53627,500,243,0.05,3.21,0,32.2,261.9,589.6,3.6,233.9,97.41,CRITICAL_DEFICIT,0
SH-DAR-2142,Darbhanga Sector-19 Relief Center,Darbhanga,Bihar,flood,26.49633,86.22065,300,238,0.211,6.56,0,60.4,227.3,632.8,5.6,181.6,100.0,CRITICAL_DEFICIT,0
SH-PUR-2143,Puri Sector-8 Relief Center,Puri,Odisha,cyclone,20.20104,86.19991,300,322,0.282,5.51,0,22.0,2464.3,5454.3,51.8,1913.0,19.18,BALANCED,2
SH-DHU-2144,Dhubri Sector-5 Relief Center,Dhubri,Assam,flood,26.31857,89.9249,300,244,0.492,4.72,0,6.4,1377.5,2350.2,36.4,704.0,69.36,DEFICIT,1
SH-UTT-2145,Uttarkashi Sector-18 Relief Center,Uttarkashi,Uttarakhand,earthquake,30.96025,77.98094,500,339,0.277,0.16,0,32.1,306.8,799.7,6.3,207.1,100.0,CRITICAL_DEFICIT,0
SH-KAZ-2146,Kaziranga Sector-8 Relief Center,Kaziranga,Assam,flood,26.34427,93.21561,500,514,0.144,1.17,1,19.6,5110.0,9521.3,107.0,4166.7,1.31,SURPLUS,3
SH-UTT-2147,Uttarkashi Sector-12 Relief Center,Uttarkashi,Uttarakhand,earthquake,30.75021,77.99862,800,106,0.179,0.2,1,0.0,210.9,346.9,4.5,135.7,84.32,CRITICAL_DEFICIT,0
SH-IDU-2148,Idukki Sector-12 Relief Center,Idukki,Kerala,flood,9.9549,76.98151,300,287,0.304,3.89,0,23.9,1886.3,5696.6,40.0,1244.7,26.64,BALANCED,2
SH-KAT-2149,Katihar Sector-4 Relief Center,Katihar,Bihar,flood,25.67761,88.19437,150,45,0.422,1.9,1,0.0,179.3,357.2,4.5,162.4,59.23,DEFICIT,1
SH-UTT-2150,Uttarkashi Sector-12 Relief Center,Uttarkashi,Uttarakhand,earthquake,30.91651,78.40848,150,82,0.088,1.97,1,42.9,331.9,922.3,6.5,126.3,44.25,DEFICIT,1
SH-UTT-2151,Uttarkashi Sector-19 Relief Center,Uttarkashi,Uttarakhand,earthquake,30.62633,78.19373,500,532,0.334,11.98,1,41.9,426.1,1079.6,9.9,144.2,92.86,CRITICAL_DEFICIT,0
SH-IDU-2152,Idukki Sector-10 Relief Center,Idukki,Kerala,flood,9.84742,76.85048,800,334,0.533,0.84,1,44.2,578.2,962.6,18.1,533.7,95.5,CRITICAL_DEFICIT,0
SH-IDU-2153,Idukki Sector-4 Relief Center,Idukki,Kerala,flood,9.75917,76.85348,500,581,0.5,1.55,1,14.1,149.0,344.9,4.4,59.7,100.0,CRITICAL_DEFICIT,0
SH-SOU-2154,South 24 Parganas Sector-10 Relief Center,South 24 Parganas,West Bengal,cyclone,22.29525,88.50068,500,186,0.421,0.77,1,35.6,1980.2,3455.6,51.7,1817.9,3.5,SURPLUS,3
SH-SOU-2155,South 24 Parganas Sector-13 Relief Center,South 24 Parganas,West Bengal,cyclone,21.79858,88.19198,500,330,0.13,3.25,1,24.1,1461.3,4261.0,26.0,648.6,45.03,DEFICIT,1
SH-IDU-2156,Idukki Sector-10 Relief Center,Idukki,Kerala,flood,10.33906,76.47666,150,114,0.319,1.55,0,24.8,221.3,388.9,5.7,153.3,99.03,CRITICAL_DEFICIT,0
SH-KUT-2157,Kutch Sector-19 Relief Center,Kutch,Gujarat,earthquake,23.93397,69.78243,300,56,0.077,1.91,1,0.0,52.1,96.0,1.0,49.9,87.31,CRITICAL_DEFICIT,0
SH-KAZ-2158,Kaziranga Sector-14 Relief Center,Kaziranga,Assam,flood,26.83759,93.10919,300,154,0.203,0.69,1,15.0,322.9,843.8,4.1,269.4,75.2,CRITICAL_DEFICIT,0
SH-UTT-2159,Uttarkashi Sector-11 Relief Center,Uttarkashi,Uttarakhand,earthquake,30.40297,78.52971,1200,645,0.421,3.76,0,33.0,4461.9,11005.3,110.8,4003.8,29.01,BALANCED,2
SH-VIS-2160,Visakhapatnam Sector-2 Relief Center,Visakhapatnam,Andhra Pradesh,cyclone,17.31414,83.18898,300,88,0.371,0.31,1,30.8,138.7,289.3,2.1,124.3,83.63,CRITICAL_DEFICIT,0
SH-KAT-2161,Katihar Sector-5 Relief Center,Katihar,Bihar,flood,26.05098,87.35663,150,20,0.292,0.59,1,3.7,40.2,77.8,1.1,39.3,80.7,CRITICAL_DEFICIT,0
SH-VIS-2162,Visakhapatnam Sector-1 Relief Center,Visakhapatnam,Andhra Pradesh,cyclone,17.57071,83.50249,500,407,0.301,1.82,1,42.1,1662.2,4927.2,42.4,1172.4,52.96,DEFICIT,1
SH-BAL-2163,Balasore Sector-3 Relief Center,Balasore,Odisha,cyclone,21.31326,86.95934,500,240,0.323,0.68,0,29.1,226.5,390.6,4.7,96.9,100.0,CRITICAL_DEFICIT,0
SH-KAT-2164,Katihar Sector-14 Relief Center,Katihar,Bihar,flood,25.82448,87.49088,150,83,0.276,0.12,1,45.1,25.1,54.2,0.5,22.7,95.71,CRITICAL_DEFICIT,0
SH-VIS-2165,Visakhapatnam Sector-6 Relief Center,Visakhapatnam,Andhra Pradesh,cyclone,17.50264,83.39525,150,158,0.492,0.8,0,27.2,582.5,1701.3,16.1,321.1,72.8,CRITICAL_DEFICIT,0
SH-UTT-2166,Uttarkashi Sector-9 Relief Center,Uttarkashi,Uttarakhand,earthquake,30.62578,79.00479,150,178,0.238,2.31,1,17.7,581.1,1486.9,13.8,197.5,60.84,DEFICIT,1
SH-WAY-2167,Wayanad Sector-13 Relief Center,Wayanad,Kerala,flood,11.21531,76.48467,500,191,0.452,5.72,0,31.6,167.2,500.7,4.5,91.6,100.0,CRITICAL_DEFICIT,0
SH-IDU-2168,Idukki Sector-10 Relief Center,Idukki,Kerala,flood,10.16056,77.03138,500,104,0.23,1.5,1,41.0,198.9,550.8,4.2,192.9,79.32,CRITICAL_DEFICIT,0
SH-DAR-2169,Darbhanga Sector-19 Relief Center,Darbhanga,Bihar,flood,26.36025,85.91945,150,20,0.162,0.74,0,0.0,144.7,255.6,2.5,130.4,43.46,DEFICIT,1
SH-SOU-2170,South 24 Parganas Sector-1 Relief Center,South 24 Parganas,West Bengal,cyclone,22.46128,88.45315,1200,1304,0.359,0.15,1,0.0,10300.8,21688.7,200.5,8596.5,7.19,BALANCED,2
SH-SOU-2171,South 24 Parganas Sector-4 Relief Center,South 24 Parganas,West Bengal,cyclone,22.19261,88.55732,500,457,0.179,0.57,1,30.1,160.1,464.0,3.7,142.0,99.34,CRITICAL_DEFICIT,0
SH-KAZ-2172,Kaziranga Sector-5 Relief Center,Kaziranga,Assam,flood,26.67892,93.44847,300,206,0.199,0.0,1,18.6,204.8,479.2,4.4,155.1,87.1,CRITICAL_DEFICIT,0
SH-KAZ-2173,Kaziranga Sector-9 Relief Center,Kaziranga,Assam,flood,26.24474,93.18029,150,20,0.187,0.1,0,30.6,216.4,466.3,4.5,75.8,16.5,SURPLUS,3
SH-SOU-2174,South 24 Parganas Sector-16 Relief Center,South 24 Parganas,West Bengal,cyclone,22.11096,88.55626,150,102,0.296,7.05,1,18.2,192.2,416.4,3.6,88.7,80.38,CRITICAL_DEFICIT,0
SH-KAN-2175,Kangra Sector-4 Relief Center,Kangra,Himachal Pradesh,earthquake,32.14786,76.14476,300,187,0.549,0.0,1,15.2,1451.4,2685.3,46.5,1091.3,26.73,BALANCED,2
SH-UTT-2176,Uttarkashi Sector-12 Relief Center,Uttarkashi,Uttarakhand,earthquake,30.46815,78.38743,500,217,0.414,0.5,1,43.1,414.3,923.8,11.6,321.1,80.33,CRITICAL_DEFICIT,0
SH-DHU-2177,Dhubri Sector-19 Relief Center,Dhubri,Assam,flood,26.34458,89.95193,300,148,0.315,2.27,1,45.9,271.4,457.3,4.0,254.0,86.38,CRITICAL_DEFICIT,0
SH-PUR-2178,Puri Sector-18 Relief Center,Puri,Odisha,cyclone,19.87716,86.02044,500,248,0.208,1.08,1,32.7,205.6,467.5,4.3,71.0,85.18,CRITICAL_DEFICIT,0
SH-IDU-2179,Idukki Sector-17 Relief Center,Idukki,Kerala,flood,9.86196,76.87256,500,65,0.077,6.99,0,10.6,62.4,127.4,1.0,47.9,100.0,CRITICAL_DEFICIT,0
SH-SOU-2180,South 24 Parganas Sector-11 Relief Center,South 24 Parganas,West Bengal,cyclone,22.18728,88.45134,500,516,0.511,3.12,0,12.2,764.0,1726.6,21.1,469.2,100.0,CRITICAL_DEFICIT,0
SH-CHA-2181,Chamoli Sector-12 Relief Center,Chamoli,Uttarakhand,earthquake,30.20736,79.4696,500,330,0.361,0.64,0,6.0,520.5,1350.5,10.8,224.8,96.21,CRITICAL_DEFICIT,0
SH-UTT-2182,Uttarkashi Sector-9 Relief Center,Uttarkashi,Uttarakhand,earthquake,30.9549,78.42853,300,225,0.184,0.85,0,5.6,1736.9,4982.8,24.2,733.8,19.18,SURPLUS,3
SH-WAY-2183,Wayanad Sector-4 Relief Center,Wayanad,Kerala,flood,11.28449,76.43546,500,151,0.278,4.14,0,0.0,321.4,547.9,7.1,281.7,94.83,CRITICAL_DEFICIT,0
SH-PUR-2184,Puri Sector-9 Relief Center,Puri,Odisha,cyclone,20.01137,85.86262,150,142,0.311,0.09,1,47.2,111.3,264.8,1.8,71.1,91.99,CRITICAL_DEFICIT,0
SH-SOU-2185,South 24 Parganas Sector-17 Relief Center,South 24 Parganas,West Bengal,cyclone,21.66821,88.87189,150,75,0.146,0.29,1,32.3,129.3,326.9,1.4,85.8,75.46,CRITICAL_DEFICIT,0
SH-DAR-2186,Darbhanga Sector-10 Relief Center,Darbhanga,Bihar,flood,26.20008,85.55768,500,516,0.362,1.27,1,26.2,171.8,453.1,3.3,138.5,100.0,CRITICAL_DEFICIT,0
SH-PUR-2187,Puri Sector-15 Relief Center,Puri,Odisha,cyclone,19.96417,85.81767,150,136,0.192,2.12,1,14.0,543.0,1531.8,12.2,408.2,42.09,DEFICIT,1
SH-BAL-2188,Balasore Sector-3 Relief Center,Balasore,Odisha,cyclone,21.67002,87.13752,1200,721,0.13,2.35,1,10.3,1485.8,4300.0,14.8,616.5,74.07,CRITICAL_DEFICIT,0
SH-KAZ-2189,Kaziranga Sector-1 Relief Center,Kaziranga,Assam,flood,26.5302,93.24,150,128,0.178,1.02,1,19.8,33.0,95.1,0.4,31.2,100.0,CRITICAL_DEFICIT,0
SH-DAR-2190,Darbhanga Sector-10 Relief Center,Darbhanga,Bihar,flood,25.80065,85.80178,150,131,0.226,0.8,1,54.6,563.6,1583.8,8.7,199.5,47.95,DEFICIT,1
SH-SOU-2191,South 24 Parganas Sector-7 Relief Center,South 24 Parganas,West Bengal,cyclone,22.05738,88.4225,150,30,0.295,1.67,1,66.0,26.4,50.7,0.6,24.8,95.2,CRITICAL_DEFICIT,0
SH-KAT-2192,Katihar Sector-17 Relief Center,Katihar,Bihar,flood,25.61699,87.99397,150,146,0.5,1.06,1,28.8,1131.3,3016.0,19.9,929.2,9.78,SURPLUS,3
SH-UTT-2193,Uttarkashi Sector-6 Relief Center,Uttarkashi,Uttarakhand,earthquake,30.88382,78.15535,300,141,0.313,3.4,0,51.9,564.4,1492.3,14.3,273.9,63.62,DEFICIT,1
SH-KAT-2194,Katihar Sector-6 Relief Center,Katihar,Bihar,flood,25.16143,87.76742,500,260,0.124,0.25,1,44.9,2010.0,4391.6,27.0,1754.4,1.66,BALANCED,2
SH-KUT-2195,Kutch Sector-9 Relief Center,Kutch,Gujarat,earthquake,23.83261,69.67502,800,575,0.05,0.96,0,0.0,490.9,1167.4,5.0,448.8,100.0,CRITICAL_DEFICIT,0
SH-SOU-2196,South 24 Parganas Sector-10 Relief Center,South 24 Parganas,West Bengal,cyclone,22.29006,88.62675,500,152,0.31,4.06,0,39.6,139.1,265.9,3.4,116.2,100.0,CRITICAL_DEFICIT,0
SH-KAT-2197,Katihar Sector-11 Relief Center,Katihar,Bihar,flood,25.51143,87.62177,150,77,0.095,0.11,0,11.0,131.0,355.0,2.3,51.6,96.18,CRITICAL_DEFICIT,0
SH-KAT-2198,Katihar Sector-13 Relief Center,Katihar,Bihar,flood,25.24371,87.6284,500,321,0.281,3.13,0,36.4,281.1,736.0,5.5,256.4,100.0,CRITICAL_DEFICIT,0
SH-KAT-2199,Katihar Sector-10 Relief Center,Katihar,Bihar,flood,25.73787,87.28508,150,33,0.198,0.46,0,44.7,245.1,536.5,5.0,107.1,23.4,BALANCED,2
SH-WAY-2200,Wayanad Sector-5 Relief Center,Wayanad,Kerala,flood,11.53754,76.486,300,65,0.564,0.12,1,45.4,17.8,51.9,0.3,13.1,100.0,CRITICAL_DEFICIT,0
SH-SOU-2201,South 24 Parganas Sector-9 Relief Center,South 24 Parganas,West Bengal,cyclone,22.40648,89.3919,500,303,0.354,0.75,1,14.3,260.6,789.3,6.4,135.4,92.21,CRITICAL_DEFICIT,0
SH-IDU-2202,Idukki Sector-11 Relief Center,Idukki,Kerala,flood,9.85981,76.69235,500,618,0.315,1.93,1,11.0,7141.2,17869.9,107.1,3971.1,3.08,SURPLUS,3
SH-KAN-2203,Kangra Sector-5 Relief Center,Kangra,Himachal Pradesh,earthquake,32.42876,76.30617,500,257,0.252,7.01,1,22.3,385.5,872.0,7.4,347.5,83.64,CRITICAL_DEFICIT,0
SH-CHA-2204,Chamoli Sector-15 Relief Center,Chamoli,Uttarakhand,earthquake,30.24422,79.35505,2000,819,0.331,0.79,1,0.0,836.5,2315.5,22.0,547.8,91.19,CRITICAL_DEFICIT,0
SH-KUT-2205,Kutch Sector-8 Relief Center,Kutch,Gujarat,earthquake,23.54828,70.05213,500,263,0.106,1.34,1,3.6,2073.5,5434.1,23.4,818.8,0.0,SURPLUS,3
SH-KAZ-2206,Kaziranga Sector-9 Relief Center,Kaziranga,Assam,flood,26.4983,92.80709,1200,895,0.194,7.16,0,14.7,3026.4,6166.1,32.1,2133.9,77.82,CRITICAL_DEFICIT,0
SH-WAY-2207,Wayanad Sector-11 Relief Center,Wayanad,Kerala,flood,11.4587,76.64241,500,516,0.328,1.44,1,46.7,984.7,2948.5,21.4,549.7,76.59,CRITICAL_DEFICIT,0
SH-PUR-2208,Puri Sector-19 Relief Center,Puri,Odisha,cyclone,20.1267,85.92542,300,119,0.65,5.99,0,22.6,118.5,342.1,2.6,78.1,100.0,CRITICAL_DEFICIT,0
SH-KAT-2209,Katihar Sector-14 Relief Center,Katihar,Bihar,flood,25.31502,87.29313,500,449,0.472,5.96,1,46.2,372.4,976.6,6.3,337.3,97.56,CRITICAL_DEFICIT,0
SH-UTT-2210,Uttarkashi Sector-15 Relief Center,Uttarkashi,Uttarakhand,earthquake,30.77943,78.09213,150,128,0.438,3.31,0,26.4,107.0,307.5,3.0,56.8,100.0,CRITICAL_DEFICIT,0
SH-KAT-2211,Katihar Sector-19 Relief Center,Katihar,Bihar,flood,25.69486,87.78019,500,346,0.148,1.09,1,28.9,2572.7,6230.9,47.0,2425.4,3.24,BALANCED,2
SH-BAL-2212,Balasore Sector-12 Relief Center,Balasore,Odisha,cyclone,21.23391,86.73528,500,128,0.076,1.04,1,6.9,547.8,1228.3,8.3,455.2,44.76,DEFICIT,1
SH-DHU-2213,Dhubri Sector-1 Relief Center,Dhubri,Assam,flood,25.66576,89.73189,300,173,0.625,2.08,0,29.4,608.3,1108.8,15.5,478.2,87.34,CRITICAL_DEFICIT,0
SH-IDU-2214,Idukki Sector-19 Relief Center,Idukki,Kerala,flood,9.58458,76.75388,150,81,0.231,0.01,0,22.0,67.0,141.8,1.5,34.2,100.0,CRITICAL_DEFICIT,0
SH-WAY-2215,Wayanad Sector-15 Relief Center,Wayanad,Kerala,flood,11.23959,76.14291,150,100,0.064,7.06,0,11.4,1115.5,2022.6,21.4,720.4,16.98,SURPLUS,3
SH-BAL-2216,Balasore Sector-12 Relief Center,Balasore,Odisha,cyclone,21.37356,86.93741,300,134,0.471,0.58,1,4.0,36.2,104.9,1.0,19.4,100.0,CRITICAL_DEFICIT,0
SH-KAT-2217,Katihar Sector-1 Relief Center,Katihar,Bihar,flood,25.68584,87.68737,500,584,0.453,1.15,1,19.9,547.0,920.1,8.4,315.3,93.94,CRITICAL_DEFICIT,0
SH-KAT-2218,Katihar Sector-6 Relief Center,Katihar,Bihar,flood,25.2264,87.43039,150,77,0.29,0.63,1,41.1,26.8,79.5,0.7,16.7,97.39,CRITICAL_DEFICIT,0
SH-KUT-2219,Kutch Sector-8 Relief Center,Kutch,Gujarat,earthquake,23.21873,69.45599,500,328,0.326,3.93,0,51.7,2240.3,3758.0,27.4,2149.1,50.02,DEFICIT,1
SH-DAR-2220,Darbhanga Sector-16 Relief Center,Darbhanga,Bihar,flood,25.77559,85.89609,500,140,0.472,2.56,0,41.8,274.4,623.8,4.8,114.2,91.98,CRITICAL_DEFICIT,0
SH-PUR-2221,Puri Sector-14 Relief Center,Puri,Odisha,cyclone,19.85198,86.37833,300,148,0.171,1.54,1,28.1,311.5,789.2,5.5,154.9,72.66,CRITICAL_DEFICIT,0
SH-VIS-2222,Visakhapatnam Sector-19 Relief Center,Visakhapatnam,Andhra Pradesh,cyclone,17.27784,83.02652,300,239,0.309,1.3,1,12.2,228.2,511.3,5.9,87.7,95.7,CRITICAL_DEFICIT,0
SH-BAL-2223,Balasore Sector-15 Relief Center,Balasore,Odisha,cyclone,21.37971,86.9049,300,90,0.069,0.03,1,22.4,168.0,483.0,3.4,165.8,74.4,CRITICAL_DEFICIT,0
SH-KAT-2224,Katihar Sector-9 Relief Center,Katihar,Bihar,flood,25.57005,87.40906,500,509,0.084,1.32,1,15.7,927.4,2099.0,14.9,451.2,81.25,CRITICAL_DEFICIT,0
SH-WAY-2225,Wayanad Sector-14 Relief Center,Wayanad,Kerala,flood,11.63726,75.75119,2000,1522,0.508,0.67,0,33.9,2927.0,8215.0,95.4,1142.9,96.02,CRITICAL_DEFICIT,0
SH-DAR-2226,Darbhanga Sector-17 Relief Center,Darbhanga,Bihar,flood,26.17341,85.30364,150,30,0.081,2.17,0,0.0,165.5,464.0,1.7,131.3,45.25,DEFICIT,1
SH-SOU-2227,South 24 Parganas Sector-12 Relief Center,South 24 Parganas,West Bengal,cyclone,21.94903,88.41389,150,45,0.487,7.39,0,9.6,33.5,65.9,0.6,24.1,100.0,CRITICAL_DEFICIT,0
SH-KAT-2228,Katihar Sector-14 Relief Center,Katihar,Bihar,flood,25.30337,87.11337,300,94,0.252,0.46,1,0.0,172.4,522.3,4.0,156.5,78.38,CRITICAL_DEFICIT,0
SH-KAN-2229,Kangra Sector-19 Relief Center,Kangra,Himachal Pradesh,earthquake,32.21154,76.2769,300,167,0.191,3.49,0,12.1,318.1,587.8,7.3,270.9,95.27,CRITICAL_DEFICIT,0
SH-IDU-2230,Idukki Sector-7 Relief Center,Idukki,Kerala,flood,9.878,77.20284,300,142,0.648,0.24,1,13.3,219.4,365.9,6.1,201.8,91.84,CRITICAL_DEFICIT,0
SH-KUT-2231,Kutch Sector-13 Relief Center,Kutch,Gujarat,earthquake,23.51713,69.64818,800,485,0.569,1.4,0,32.8,3640.2,8242.2,98.4,2437.4,26.98,BALANCED,2
SH-KAN-2232,Kangra Sector-3 Relief Center,Kangra,Himachal Pradesh,earthquake,32.40627,76.50952,300,292,0.054,2.28,1,30.4,90.2,227.9,1.6,34.1,93.51,CRITICAL_DEFICIT,0
SH-KAN-2233,Kangra Sector-11 Relief Center,Kangra,Himachal Pradesh,earthquake,31.94711,76.10444,150,43,0.298,0.11,1,18.5,433.1,1218.4,10.8,220.2,0.92,SURPLUS,3
SH-PUR-2234,Puri Sector-6 Relief Center,Puri,Odisha,cyclone,19.45002,85.70551,800,830,0.065,1.86,1,22.6,254.3,746.6,2.5,105.6,100.0,CRITICAL_DEFICIT,0
SH-PUR-2235,Puri Sector-11 Relief Center,Puri,Odisha,cyclone,19.98505,85.85877,300,173,0.167,2.49,1,0.0,768.9,1566.4,17.5,680.6,48.08,DEFICIT,1
SH-BAL-2236,Balasore Sector-4 Relief Center,Balasore,Odisha,cyclone,21.49422,86.85044,150,142,0.486,2.03,0,8.7,1042.1,1754.1,25.6,681.0,51.42,DEFICIT,1
SH-SOU-2237,South 24 Parganas Sector-3 Relief Center,South 24 Parganas,West Bengal,cyclone,22.19601,88.53563,150,131,0.116,8.95,1,18.1,770.6,1690.0,16.8,566.2,23.59,BALANCED,2
SH-DAR-2238,Darbhanga Sector-9 Relief Center,Darbhanga,Bihar,flood,26.08069,86.42164,300,175,0.39,1.06,0,9.6,1708.0,3119.4,29.8,1667.0,15.14,SURPLUS,3
SH-DHU-2239,Dhubri Sector-14 Relief Center,Dhubri,Assam,flood,25.79217,89.5101,150,33,0.394,2.11,0,36.1,61.0,135.8,1.3,56.3,95.51,CRITICAL_DEFICIT,0
SH-WAY-2240,Wayanad Sector-13 Relief Center,Wayanad,Kerala,flood,11.68277,75.88457,300,199,0.229,1.49,0,47.5,386.2,983.4,7.9,293.8,92.38,CRITICAL_DEFICIT,0
SH-BAL-2241,Balasore Sector-7 Relief Center,Balasore,Odisha,cyclone,21.31772,86.97756,1200,794,0.383,2.14,1,0.0,773.0,1721.3,21.4,567.7,96.39,CRITICAL_DEFICIT,0
SH-VIS-2242,Visakhapatnam Sector-13 Relief Center,Visakhapatnam,Andhra Pradesh,cyclone,17.7308,83.42092,300,154,0.65,1.89,1,54.2,49.9,107.4,0.9,47.1,100.0,CRITICAL_DEFICIT,0
SH-KAN-2243,Kangra Sector-14 Relief Center,Kangra,Himachal Pradesh,earthquake,31.93591,76.27277,300,320,0.06,2.07,1,11.8,237.6,688.0,2.2,161.0,89.15,CRITICAL_DEFICIT,0
SH-PUR-2244,Puri Sector-4 Relief Center,Puri,Odisha,cyclone,19.48295,86.40676,300,274,0.261,0.7,1,42.5,830.9,1742.6,9.3,565.7,71.71,CRITICAL_DEFICIT,0
SH-KUT-2245,Kutch Sector-18 Relief Center,Kutch,Gujarat,earthquake,23.73174,69.76508,500,399,0.127,1.03,1,3.5,385.7,897.7,4.1,228.0,87.1,CRITICAL_DEFICIT,0
SH-CHA-2246,Chamoli Sector-4 Relief Center,Chamoli,Uttarakhand,earthquake,30.3844,79.22166,300,71,0.487,2.28,1,55.6,115.8,349.0,3.5,79.3,85.59,CRITICAL_DEFICIT,0
SH-KAZ-2247,Kaziranga Sector-5 Relief Center,Kaziranga,Assam,flood,26.3966,93.02585,500,66,0.275,1.89,1,13.1,18.7,41.8,0.2,13.3,100.0,CRITICAL_DEFICIT,0
SH-KAT-2248,Katihar Sector-18 Relief Center,Katihar,Bihar,flood,25.34525,87.44401,500,380,0.223,3.08,1,30.6,109.4,331.8,1.6,55.8,97.24,CRITICAL_DEFICIT,0
SH-WAY-2249,Wayanad Sector-16 Relief Center,Wayanad,Kerala,flood,11.49269,76.70026,300,303,0.293,2.51,1,49.8,2776.1,5605.5,66.5,1276.7,6.58,SURPLUS,3
SH-KAN-2250,Kangra Sector-6 Relief Center,Kangra,Himachal Pradesh,earthquake,32.03068,76.52648,300,154,0.265,3.17,1,2.3,888.4,1536.2,20.3,533.8,48.41,DEFICIT,1
SH-KAT-2251,Katihar Sector-16 Relief Center,Katihar,Bihar,flood,25.53936,87.64668,500,481,0.283,0.14,1,45.4,890.6,2176.9,14.2,823.2,75.57,CRITICAL_DEFICIT,0
SH-UTT-2252,Uttarkashi Sector-1 Relief Center,Uttarkashi,Uttarakhand,earthquake,30.95652,78.52662,800,97,0.267,3.25,0,13.9,336.2,965.9,4.4,112.9,73.25,CRITICAL_DEFICIT,0
SH-KAT-2253,Katihar Sector-8 Relief Center,Katihar,Bihar,flood,25.9557,87.64484,500,483,0.583,9.66,1,66.2,5157.9,11619.0,172.4,3460.5,6.33,SURPLUS,3
SH-KUT-2254,Kutch Sector-8 Relief Center,Kutch,Gujarat,earthquake,23.66233,70.0784,150,86,0.121,3.78,0,23.0,312.9,833.2,5.3,172.8,71.22,CRITICAL_DEFICIT,0
SH-PUR-2255,Puri Sector-10 Relief Center,Puri,Odisha,cyclone,19.23417,86.11238,150,86,0.199,4.63,0,15.8,90.9,175.6,1.4,56.3,100.0,CRITICAL_DEFICIT,0
SH-KAN-2256,Kangra Sector-6 Relief Center,Kangra,Himachal Pradesh,earthquake,32.36549,76.16849,150,34,0.198,0.53,1,54.4,27.9,81.5,0.5,25.2,89.6,CRITICAL_DEFICIT,0
SH-DAR-2257,Darbhanga Sector-12 Relief Center,Darbhanga,Bihar,flood,26.48406,85.49792,500,416,0.583,2.9,1,29.0,688.0,1513.5,16.0,582.5,85.42,CRITICAL_DEFICIT,0
SH-PUR-2258,Puri Sector-17 Relief Center,Puri,Odisha,cyclone,19.90043,85.78971,300,180,0.234,0.57,1,0.0,63.5,149.5,1.4,50.6,100.0,CRITICAL_DEFICIT,0
SH-SOU-2259,South 24 Parganas Sector-6 Relief Center,South 24 Parganas,West Bengal,cyclone,22.68544,88.33932,500,140,0.132,1.83,1,27.0,103.1,287.5,1.4,60.9,91.09,CRITICAL_DEFICIT,0
SH-SOU-2260,South 24 Parganas Sector-8 Relief Center,South 24 Parganas,West Bengal,cyclone,21.97538,88.32419,300,376,0.079,0.98,1,32.8,2908.6,6075.6,37.2,1621.9,10.17,BALANCED,2
SH-CHA-2261,Chamoli Sector-2 Relief Center,Chamoli,Uttarakhand,earthquake,30.25616,79.3851,500,294,0.554,2.07,1,25.8,256.0,596.7,7.5,88.4,94.14,CRITICAL_DEFICIT,0
SH-BAL-2262,Balasore Sector-16 Relief Center,Balasore,Odisha,cyclone,21.48517,87.01968,1200,897,0.274,0.92,1,3.6,7632.7,14094.8,134.6,5070.0,12.92,BALANCED,2
SH-SOU-2263,South 24 Parganas Sector-19 Relief Center,South 24 Parganas,West Bengal,cyclone,22.44374,87.92362,1200,216,0.275,3.74,0,27.3,187.8,496.8,4.5,159.2,100.0,CRITICAL_DEFICIT,0
SH-DHU-2264,Dhubri Sector-6 Relief Center,Dhubri,Assam,flood,25.55456,89.83757,150,156,0.413,7.87,0,13.1,159.2,366.1,4.2,78.5,100.0,CRITICAL_DEFICIT,0
SH-CHA-2265,Chamoli Sector-10 Relief Center,Chamoli,Uttarakhand,earthquake,30.35264,79.2761,1200,844,0.185,1.42,0,0.0,297.9,764.4,5.9,130.7,100.0,CRITICAL_DEFICIT,0
SH-SOU-2266,South 24 Parganas Sector-2 Relief Center,South 24 Parganas,West Bengal,cyclone,22.09852,88.70161,500,338,0.154,8.22,0,8.0,702.5,1176.3,14.9,457.1,97.75,CRITICAL_DEFICIT,0
SH-DAR-2267,Darbhanga Sector-15 Relief Center,Darbhanga,Bihar,flood,26.40711,85.81618,300,174,0.204,1.89,0,22.9,356.2,656.8,7.8,231.8,93.36,CRITICAL_DEFICIT,0
SH-KAN-2268,Kangra Sector-13 Relief Center,Kangra,Himachal Pradesh,earthquake,32.2989,76.14459,300,130,0.42,2.03,0,53.5,257.0,688.9,4.5,184.6,89.01,CRITICAL_DEFICIT,0
SH-KAT-2269,Katihar Sector-14 Relief Center,Katihar,Bihar,flood,25.29776,87.53865,300,168,0.379,0.91,1,2.0,523.1,1408.9,9.0,267.6,58.41,DEFICIT,1
SH-CHA-2270,Chamoli Sector-5 Relief Center,Chamoli,Uttarakhand,earthquake,30.55274,79.11844,1200,391,0.106,0.37,1,0.0,2150.3,6020.6,36.5,774.6,23.81,BALANCED,2
SH-KAZ-2271,Kaziranga Sector-17 Relief Center,Kaziranga,Assam,flood,27.0527,93.53909,300,160,0.102,0.44,1,34.4,882.2,2422.1,10.8,687.9,28.84,BALANCED,2
SH-CHA-2272,Chamoli Sector-8 Relief Center,Chamoli,Uttarakhand,earthquake,30.47136,79.0333,300,166,0.187,3.42,0,16.5,352.9,649.5,5.3,312.8,100.0,CRITICAL_DEFICIT,0
SH-CHA-2273,Chamoli Sector-16 Relief Center,Chamoli,Uttarakhand,earthquake,30.94705,79.30852,150,130,0.157,0.08,0,20.5,569.6,1557.8,11.8,230.8,58.21,DEFICIT,1
SH-SOU-2274,South 24 Parganas Sector-17 Relief Center,South 24 Parganas,West Bengal,cyclone,22.44932,88.51819,500,429,0.222,1.48,1,14.8,1471.7,3645.6,20.8,1074.3,58.0,DEFICIT,1
SH-PUR-2275,Puri Sector-14 Relief Center,Puri,Odisha,cyclone,19.59776,85.89561,300,172,0.13,8.27,0,57.3,1158.6,2445.6,15.2,830.9,35.8,BALANCED,2
SH-CHA-2276,Chamoli Sector-1 Relief Center,Chamoli,Uttarakhand,earthquake,30.4192,79.26733,500,230,0.291,4.43,0,6.6,787.1,1354.2,14.1,404.4,77.75,CRITICAL_DEFICIT,0
SH-KUT-2277,Kutch Sector-13 Relief Center,Kutch,Gujarat,earthquake,23.90185,70.01788,800,758,0.144,0.3,1,64.6,691.1,2073.1,14.5,344.2,88.48,CRITICAL_DEFICIT,0
SH-SOU-2278,South 24 Parganas Sector-10 Relief Center,South 24 Parganas,West Bengal,cyclone,21.75897,87.93728,150,152,0.312,3.24,1,42.9,521.2,882.8,10.6,464.2,69.38,DEFICIT,1
SH-DHU-2279,Dhubri Sector-10 Relief Center,Dhubri,Assam,flood,25.79368,90.04715,150,45,0.587,14.63,0,0.0,39.0,78.9,0.9,16.3,100.0,CRITICAL_DEFICIT,0
SH-BAL-2280,Balasore Sector-1 Relief Center,Balasore,Odisha,cyclone,21.47369,86.83424,150,160,0.084,0.03,0,22.0,165.5,384.1,2.7,160.1,100.0,CRITICAL_DEFICIT,0
SH-VIS-2281,Visakhapatnam Sector-14 Relief Center,Visakhapatnam,Andhra Pradesh,cyclone,17.78144,83.16546,150,111,0.342,0.31,0,26.6,90.5,243.6,2.1,34.5,100.0,CRITICAL_DEFICIT,0
SH-CHA-2282,Chamoli Sector-8 Relief Center,Chamoli,Uttarakhand,earthquake,30.28014,79.48905,300,226,0.377,4.78,1,63.8,769.0,1332.3,21.2,466.9,74.15,CRITICAL_DEFICIT,0
SH-UTT-2283,Uttarkashi Sector-2 Relief Center,Uttarkashi,Uttarakhand,earthquake,30.92272,78.76231,150,178,0.198,1.82,0,23.9,769.4,1865.4,10.3,272.8,59.62,DEFICIT,1
SH-SOU-2284,South 24 Parganas Sector-2 Relief Center,South 24 Parganas,West Bengal,cyclone,22.31214,88.54234,150,71,0.284,1.58,0,33.6,60.5,182.6,1.5,48.2,100.0,CRITICAL_DEFICIT,0
SH-BAL-2285,Balasore Sector-7 Relief Center,Balasore,Odisha,cyclone,21.14956,86.9007,800,577,0.196,0.4,1,15.8,143.0,359.2,2.5,142.7,100.0,CRITICAL_DEFICIT,0
SH-SOU-2286,South 24 Parganas Sector-17 Relief Center,South 24 Parganas,West Bengal,cyclone,21.89818,88.80423,300,338,0.465,1.12,1,50.1,513.5,1314.5,10.1,363.4,88.78,CRITICAL_DEFICIT,0
SH-WAY-2287,Wayanad Sector-2 Relief Center,Wayanad,Kerala,flood,11.70679,75.85071,150,138,0.298,1.89,1,42.1,219.2,433.5,3.8,198.1,87.98,CRITICAL_DEFICIT,0
SH-PUR-2288,Puri Sector-4 Relief Center,Puri,Odisha,cyclone,19.79617,86.14101,150,102,0.389,6.16,1,26.4,89.4,156.5,1.2,88.1,95.71,CRITICAL_DEFICIT,0
SH-KUT-2289,Kutch Sector-5 Relief Center,Kutch,Gujarat,earthquake,23.7836,69.73512,300,104,0.496,0.23,1,33.0,77.6,172.6,2.1,41.6,92.29,CRITICAL_DEFICIT,0
SH-KAZ-2290,Kaziranga Sector-3 Relief Center,Kaziranga,Assam,flood,26.55787,93.53341,300,192,0.205,5.57,0,22.0,171.1,508.4,3.0,153.8,100.0,CRITICAL_DEFICIT,0
SH-UTT-2291,Uttarkashi Sector-16 Relief Center,Uttarkashi,Uttarakhand,earthquake,30.70965,78.36948,500,180,0.343,2.48,1,30.1,1100.2,2659.1,13.4,1056.0,22.88,BALANCED,2
SH-KAT-2292,Katihar Sector-3 Relief Center,Katihar,Bihar,flood,25.59845,87.2562,500,264,0.228,1.52,0,30.5,2120.2,4488.9,40.8,1869.9,13.58,BALANCED,2
SH-IDU-2293,Idukki Sector-13 Relief Center,Idukki,Kerala,flood,10.33633,77.29151,150,69,0.217,4.93,0,32.3,143.5,253.3,2.3,125.4,98.67,CRITICAL_DEFICIT,0
SH-KUT-2294,Kutch Sector-4 Relief Center,Kutch,Gujarat,earthquake,23.68825,69.68824,150,37,0.05,2.09,1,30.4,75.9,186.1,1.4,70.7,70.64,CRITICAL_DEFICIT,0
SH-CHA-2295,Chamoli Sector-12 Relief Center,Chamoli,Uttarakhand,earthquake,29.89635,79.55395,150,122,0.295,5.89,0,20.6,33.9,79.9,0.6,29.1,100.0,CRITICAL_DEFICIT,0
SH-KUT-2296,Kutch Sector-1 Relief Center,Kutch,Gujarat,earthquake,23.64888,69.44932,300,220,0.115,0.79,1,32.1,68.8,173.3,1.3,54.7,98.25,CRITICAL_DEFICIT,0
SH-CHA-2297,Chamoli Sector-1 Relief Center,Chamoli,Uttarakhand,earthquake,30.37565,79.14871,800,911,0.107,0.75,0,22.1,1852.0,3414.4,31.2,625.4,91.35,CRITICAL_DEFICIT,0
SH-DHU-2298,Dhubri Sector-9 Relief Center,Dhubri,Assam,flood,25.3792,90.11338,150,128,0.243,2.25,0,16.0,190.5,439.0,2.7,63.7,98.88,CRITICAL_DEFICIT,0
SH-KAT-2299,Katihar Sector-18 Relief Center,Katihar,Bihar,flood,25.77197,87.43852,300,150,0.533,2.08,1,27.7,140.8,317.9,3.9,74.3,91.13,CRITICAL_DEFICIT,0
SH-SOU-2300,South 24 Parganas Sector-17 Relief Center,South 24 Parganas,West Bengal,cyclone,22.51548,88.87606,150,58,0.332,2.59,1,53.6,455.6,780.5,6.0,387.7,31.41,BALANCED,2
SH-PUR-2301,Puri Sector-4 Relief Center,Puri,Odisha,cyclone,20.25488,85.91645,150,80,0.111,4.16,0,48.5,138.5,413.3,1.5,126.0,91.53,CRITICAL_DEFICIT,0
SH-SOU-2302,South 24 Parganas Sector-19 Relief Center,South 24 Parganas,West Bengal,cyclone,22.46079,88.15144,300,127,0.216,6.46,1,23.1,810.6,1349.8,17.7,748.9,43.19,DEFICIT,1
SH-WAY-2303,Wayanad Sector-10 Relief Center,Wayanad,Kerala,flood,11.93896,76.26412,300,156,0.533,1.2,0,12.6,1492.1,4259.7,32.1,1045.7,18.3,SURPLUS,3
SH-WAY-2304,Wayanad Sector-4 Relief Center,Wayanad,Kerala,flood,12.0535,75.91701,150,45,0.263,5.16,1,38.4,176.2,419.1,3.6,162.4,47.25,DEFICIT,1
SH-IDU-2305,Idukki Sector-13 Relief Center,Idukki,Kerala,flood,9.89053,76.77218,150,149,0.094,0.71,1,45.6,154.3,355.7,1.6,77.6,87.53,CRITICAL_DEFICIT,0
SH-KAN-2306,Kangra Sector-4 Relief Center,Kangra,Himachal Pradesh,earthquake,32.26275,76.06173,150,140,0.133,7.82,0,0.0,116.8,229.8,2.3,72.8,100.0,CRITICAL_DEFICIT,0
SH-DAR-2307,Darbhanga Sector-16 Relief Center,Darbhanga,Bihar,flood,26.08472,86.17997,150,126,0.067,2.8,1,32.2,253.8,749.6,4.0,115.2,75.98,CRITICAL_DEFICIT,0
SH-VIS-2308,Visakhapatnam Sector-2 Relief Center,Visakhapatnam,Andhra Pradesh,cyclone,17.98917,83.14396,300,249,0.496,1.71,1,49.8,454.5,745.3,8.4,151.9,83.58,CRITICAL_DEFICIT,0
SH-CHA-2309,Chamoli Sector-4 Relief Center,Chamoli,Uttarakhand,earthquake,30.55176,79.83295,500,535,0.358,1.33,1,40.8,2360.5,5243.8,34.6,1581.7,48.93,DEFICIT,1
SH-KAT-2310,Katihar Sector-18 Relief Center,Katihar,Bihar,flood,25.75834,87.55618,150,122,0.449,1.58,1,48.6,31.3,88.4,0.6,17.4,100.0,CRITICAL_DEFICIT,0
SH-BAL-2311,Balasore Sector-1 Relief Center,Balasore,Odisha,cyclone,21.9241,86.73568,800,919,0.105,0.39,1,42.8,6256.5,17261.7,97.1,4627.5,9.35,BALANCED,2
SH-WAY-2312,Wayanad Sector-12 Relief Center,Wayanad,Kerala,flood,11.70765,76.23279,300,242,0.312,2.64,0,8.9,357.2,849.2,4.8,308.2,100.0,CRITICAL_DEFICIT,0
SH-KAZ-2313,Kaziranga Sector-6 Relief Center,Kaziranga,Assam,flood,26.59755,93.04729,1200,848,0.202,2.08,0,37.6,3607.7,7971.3,69.0,2529.2,61.13,DEFICIT,1
SH-WAY-2314,Wayanad Sector-18 Relief Center,Wayanad,Kerala,flood,11.98173,76.37981,150,78,0.152,8.41,0,38.0,83.3,141.0,1.5,28.8,100.0,CRITICAL_DEFICIT,0
SH-WAY-2315,Wayanad Sector-3 Relief Center,Wayanad,Kerala,flood,11.50875,75.84612,2000,1353,0.499,1.14,1,0.0,2175.9,6219.7,58.6,1271.5,82.89,CRITICAL_DEFICIT,0
SH-IDU-2316,Idukki Sector-10 Relief Center,Idukki,Kerala,flood,9.92682,76.53215,300,263,0.116,4.05,0,53.9,249.6,749.1,4.8,145.5,100.0,CRITICAL_DEFICIT,0
SH-KAZ-2317,Kaziranga Sector-19 Relief Center,Kaziranga,Assam,flood,26.55403,93.41033,500,564,0.39,0.29,0,19.0,525.1,1053.1,14.8,391.0,100.0,CRITICAL_DEFICIT,0
SH-DHU-2318,Dhubri Sector-3 Relief Center,Dhubri,Assam,flood,26.00974,90.46978,150,57,0.122,3.75,0,24.6,114.7,320.2,1.2,104.0,95.68,CRITICAL_DEFICIT,0
SH-KAZ-2319,Kaziranga Sector-1 Relief Center,Kaziranga,Assam,flood,26.83889,93.02475,150,112,0.173,3.26,0,20.4,431.7,1240.2,8.0,413.0,67.04,DEFICIT,1
SH-VIS-2320,Visakhapatnam Sector-10 Relief Center,Visakhapatnam,Andhra Pradesh,cyclone,17.58572,83.32705,150,170,0.604,8.13,0,17.7,256.8,737.9,5.9,170.2,97.41,CRITICAL_DEFICIT,0
SH-VIS-2321,Visakhapatnam Sector-18 Relief Center,Visakhapatnam,Andhra Pradesh,cyclone,17.99906,83.36003,300,196,0.074,0.06,1,24.8,418.7,1138.8,4.3,257.3,73.95,CRITICAL_DEFICIT,0
SH-CHA-2322,Chamoli Sector-14 Relief Center,Chamoli,Uttarakhand,earthquake,31.02071,79.55779,800,700,0.322,2.25,1,33.9,574.8,955.0,9.3,339.1,90.27,CRITICAL_DEFICIT,0
SH-SOU-2323,South 24 Parganas Sector-11 Relief Center,South 24 Parganas,West Bengal,cyclone,21.66137,88.59453,300,328,0.077,1.13,1,32.5,255.9,556.4,4.7,115.4,87.49,CRITICAL_DEFICIT,0
SH-DHU-2324,Dhubri Sector-12 Relief Center,Dhubri,Assam,flood,25.94831,90.35751,150,109,0.407,0.63,1,39.3,33.3,71.1,0.7,21.6,99.12,CRITICAL_DEFICIT,0
SH-BAL-2325,Balasore Sector-3 Relief Center,Balasore,Odisha,cyclone,21.24032,86.92041,2000,1175,0.329,7.64,1,39.4,2096.2,6132.3,43.4,1816.1,81.01,CRITICAL_DEFICIT,0
SH-KAZ-2326,Kaziranga Sector-14 Relief Center,Kaziranga,Assam,flood,26.4722,93.88831,800,497,0.149,1.82,0,56.3,739.7,1411.1,8.9,498.6,97.84,CRITICAL_DEFICIT,0
SH-BAL-2327,Balasore Sector-1 Relief Center,Balasore,Odisha,cyclone,21.51058,86.83482,1200,1056,0.174,0.64,1,27.6,2004.3,5022.5,24.1,1896.7,75.0,CRITICAL_DEFICIT,0
SH-KAZ-2328,Kaziranga Sector-11 Relief Center,Kaziranga,Assam,flood,26.3617,93.55476,500,265,0.323,1.05,1,29.1,75.0,174.3,1.6,62.1,100.0,CRITICAL_DEFICIT,0
SH-PUR-2329,Puri Sector-12 Relief Center,Puri,Odisha,cyclone,19.38681,86.25722,150,139,0.226,5.16,1,0.0,1061.3,2444.0,21.3,527.7,0.0,SURPLUS,3
SH-DHU-2330,Dhubri Sector-12 Relief Center,Dhubri,Assam,flood,25.88768,90.46218,300,42,0.225,0.12,1,7.9,40.7,121.2,0.5,37.8,92.48,CRITICAL_DEFICIT,0
SH-UTT-2331,Uttarkashi Sector-3 Relief Center,Uttarkashi,Uttarakhand,earthquake,30.82504,78.3921,1200,948,0.28,2.07,0,21.4,6414.2,15948.3,113.1,2704.5,28.59,BALANCED,2
SH-KAT-2332,Katihar Sector-7 Relief Center,Katihar,Bihar,flood,25.82465,87.23223,300,154,0.264,0.38,0,30.3,41.7,73.0,1.1,25.7,100.0,CRITICAL_DEFICIT,0
SH-SOU-2333,South 24 Parganas Sector-5 Relief Center,South 24 Parganas,West Bengal,cyclone,22.00856,88.38472,300,122,0.248,4.3,0,33.7,108.7,210.4,1.9,46.9,100.0,CRITICAL_DEFICIT,0
SH-WAY-2334,Wayanad Sector-14 Relief Center,Wayanad,Kerala,flood,11.65514,75.95188,300,259,0.39,0.76,1,30.5,424.9,1225.3,12.4,334.0,84.48,CRITICAL_DEFICIT,0
SH-VIS-2335,Visakhapatnam Sector-12 Relief Center,Visakhapatnam,Andhra Pradesh,cyclone,17.93388,83.64494,800,775,0.267,6.76,1,25.1,1130.0,2158.0,17.4,732.7,86.88,CRITICAL_DEFICIT,0
SH-SOU-2336,South 24 Parganas Sector-1 Relief Center,South 24 Parganas,West Bengal,cyclone,22.46521,88.99948,500,227,0.522,0.83,1,21.4,186.6,321.1,4.6,64.4,100.0,CRITICAL_DEFICIT,0
SH-CHA-2337,Chamoli Sector-16 Relief Center,Chamoli,Uttarakhand,earthquake,30.61384,79.16051,150,101,0.388,0.87,1,28.9,73.8,128.2,0.9,58.0,95.83,CRITICAL_DEFICIT,0
SH-DHU-2338,Dhubri Sector-16 Relief Center,Dhubri,Assam,flood,26.07064,89.87997,300,47,0.611,0.1,1,13.2,74.6,185.7,2.4,48.1,84.83,CRITICAL_DEFICIT,0
SH-BAL-2339,Balasore Sector-19 Relief Center,Balasore,Odisha,cyclone,21.28978,87.36138,2000,2110,0.494,0.86,0,54.0,8365.1,14664.9,253.6,5769.3,83.46,CRITICAL_DEFICIT,0
SH-DHU-2340,Dhubri Sector-11 Relief Center,Dhubri,Assam,flood,26.01835,89.94607,150,47,0.284,1.2,1,26.4,44.9,74.1,1.1,24.0,94.01,CRITICAL_DEFICIT,0
SH-KUT-2341,Kutch Sector-7 Relief Center,Kutch,Gujarat,earthquake,23.9997,69.90253,500,626,0.05,2.62,1,24.9,197.6,327.6,3.2,75.4,94.5,CRITICAL_DEFICIT,0
SH-KAT-2342,Katihar Sector-5 Relief Center,Katihar,Bihar,flood,25.98424,87.51543,150,78,0.2,1.01,1,25.6,147.0,435.0,2.5,97.9,79.45,CRITICAL_DEFICIT,0
SH-SOU-2343,South 24 Parganas Sector-15 Relief Center,South 24 Parganas,West Bengal,cyclone,22.33071,88.46968,300,311,0.066,3.52,0,30.8,616.5,1694.8,12.3,498.6,88.85,CRITICAL_DEFICIT,0
SH-BAL-2344,Balasore Sector-8 Relief Center,Balasore,Odisha,cyclone,21.05344,86.98509,500,135,0.324,0.36,1,18.6,1056.6,2591.5,27.4,1007.7,9.47,SURPLUS,3
SH-DAR-2345,Darbhanga Sector-7 Relief Center,Darbhanga,Bihar,flood,26.29247,85.83018,500,147,0.351,5.34,0,29.2,442.7,1135.9,7.6,401.6,79.51,CRITICAL_DEFICIT,0
SH-CHA-2346,Chamoli Sector-7 Relief Center,Chamoli,Uttarakhand,earthquake,30.51105,79.25645,800,349,0.057,0.92,0,65.2,533.6,1434.1,8.6,207.2,92.92,CRITICAL_DEFICIT,0
SH-VIS-2347,Visakhapatnam Sector-8 Relief Center,Visakhapatnam,Andhra Pradesh,cyclone,16.95922,83.30613,150,54,0.555,3.82,0,25.2,197.2,495.2,6.0,128.0,69.57,DEFICIT,1
SH-KAN-2348,Kangra Sector-10 Relief Center,Kangra,Himachal Pradesh,earthquake,32.20874,76.16187,500,613,0.188,8.87,1,28.4,466.2,1374.7,10.6,386.4,94.08,CRITICAL_DEFICIT,0
SH-SOU-2349,South 24 Parganas Sector-4 Relief Center,South 24 Parganas,West Bengal,cyclone,21.99282,88.38848,300,127,0.179,1.46,0,22.7,124.1,204.9,2.4,70.0,100.0,CRITICAL_DEFICIT,0
SH-WAY-2350,Wayanad Sector-16 Relief Center,Wayanad,Kerala,flood,11.39836,75.98418,300,96,0.224,1.25,1,34.3,91.0,242.9,1.3,45.7,88.57,CRITICAL_DEFICIT,0
SH-CHA-2351,Chamoli Sector-12 Relief Center,Chamoli,Uttarakhand,earthquake,30.52138,79.68033,150,88,0.173,1.22,1,13.5,668.2,1336.3,14.0,552.9,13.89,BALANCED,2
SH-SOU-2352,South 24 Parganas Sector-18 Relief Center,South 24 Parganas,West Bengal,cyclone,22.06538,88.70159,150,41,0.351,4.83,0,46.3,12.7,22.3,0.2,6.0,100.0,CRITICAL_DEFICIT,0
SH-KAT-2353,Katihar Sector-17 Relief Center,Katihar,Bihar,flood,25.81415,87.56598,300,289,0.178,4.65,0,44.7,300.7,758.8,3.8,257.9,100.0,CRITICAL_DEFICIT,0
SH-KAN-2354,Kangra Sector-15 Relief Center,Kangra,Himachal Pradesh,earthquake,32.47898,76.37167,300,100,0.165,5.25,0,52.2,77.1,230.0,1.3,26.1,100.0,CRITICAL_DEFICIT,0
SH-KUT-2355,Kutch Sector-8 Relief Center,Kutch,Gujarat,earthquake,23.52196,70.16925,150,161,0.177,4.59,1,31.6,530.7,1078.7,12.2,255.1,63.62,DEFICIT,1
SH-VIS-2356,Visakhapatnam Sector-14 Relief Center,Visakhapatnam,Andhra Pradesh,cyclone,17.64848,82.66311,500,552,0.589,9.23,1,19.3,4141.0,9783.8,130.7,3220.6,7.58,SURPLUS,3
SH-UTT-2357,Uttarkashi Sector-12 Relief Center,Uttarkashi,Uttarakhand,earthquake,30.52217,78.03767,800,439,0.13,3.21,0,15.0,1626.0,4844.0,18.2,1468.1,62.42,DEFICIT,1
SH-KUT-2358,Kutch Sector-14 Relief Center,Kutch,Gujarat,earthquake,23.88841,70.24349,300,218,0.404,0.62,1,35.9,163.4,488.9,4.9,123.9,90.99,CRITICAL_DEFICIT,0
SH-KAN-2359,Kangra Sector-15 Relief Center,Kangra,Himachal Pradesh,earthquake,32.36907,76.48158,150,73,0.345,1.09,1,12.2,576.3,1183.9,7.0,390.8,9.49,BALANCED,2
SH-VIS-2360,Visakhapatnam Sector-11 Relief Center,Visakhapatnam,Andhra Pradesh,cyclone,17.67606,83.27411,150,157,0.294,4.72,0,1.2,40.8,89.6,0.7,37.9,100.0,CRITICAL_DEFICIT,0
SH-PUR-2361,Puri Sector-4 Relief Center,Puri,Odisha,cyclone,19.81443,85.50064,300,215,0.05,4.13,1,13.9,62.5,126.1,1.1,49.0,94.0,CRITICAL_DEFICIT,0
SH-KAT-2362,Katihar Sector-9 Relief Center,Katihar,Bihar,flood,25.16686,87.84762,500,192,0.193,4.87,0,39.7,1845.5,3496.4,40.1,1331.7,16.29,SURPLUS,3
SH-CHA-2363,Chamoli Sector-6 Relief Center,Chamoli,Uttarakhand,earthquake,30.65918,79.37446,150,26,0.246,2.8,1,50.7,6.4,12.8,0.1,2.8,100.0,CRITICAL_DEFICIT,0
SH-PUR-2364,Puri Sector-5 Relief Center,Puri,Odisha,cyclone,20.13457,85.84943,150,87,0.472,1.82,1,26.3,63.3,121.0,1.1,45.7,100.0,CRITICAL_DEFICIT,0
SH-KAZ-2365,Kaziranga Sector-17 Relief Center,Kaziranga,Assam,flood,26.41491,92.98787,300,119,0.552,0.53,0,26.7,186.3,326.6,3.5,176.5,100.0,CRITICAL_DEFICIT,0
SH-CHA-2366,Chamoli Sector-2 Relief Center,Chamoli,Uttarakhand,earthquake,30.28821,79.28867,500,286,0.274,1.91,1,30.7,931.2,2485.4,15.3,548.6,60.35,DEFICIT,1
SH-KAT-2367,Katihar Sector-12 Relief Center,Katihar,Bihar,flood,25.36617,87.50523,2000,1155,0.433,12.62,0,49.1,1704.8,3241.8,31.5,1122.0,100.0,CRITICAL_DEFICIT,0
SH-DAR-2368,Darbhanga Sector-2 Relief Center,Darbhanga,Bihar,flood,26.15355,85.70762,500,81,0.326,5.86,1,12.9,280.3,529.0,6.5,260.9,64.31,DEFICIT,1
SH-WAY-2369,Wayanad Sector-8 Relief Center,Wayanad,Kerala,flood,11.95466,76.25045,300,193,0.368,9.32,1,22.8,178.3,473.5,5.1,67.7,97.5,CRITICAL_DEFICIT,0
SH-KUT-2370,Kutch Sector-3 Relief Center,Kutch,Gujarat,earthquake,23.51213,69.61458,300,227,0.192,0.34,1,23.3,871.2,2370.3,9.2,444.4,46.8,DEFICIT,1
SH-BAL-2371,Balasore Sector-11 Relief Center,Balasore,Odisha,cyclone,21.01331,87.45475,1200,204,0.206,3.32,1,35.7,700.5,1626.2,10.3,272.8,58.8,DEFICIT,1
SH-DHU-2372,Dhubri Sector-9 Relief Center,Dhubri,Assam,flood,26.14874,90.41532,300,359,0.121,7.26,1,20.9,736.0,1246.3,10.2,535.4,81.18,CRITICAL_DEFICIT,0
SH-IDU-2373,Idukki Sector-18 Relief Center,Idukki,Kerala,flood,9.31372,76.98817,300,226,0.591,1.98,0,13.1,705.4,1847.7,12.2,387.1,79.79,CRITICAL_DEFICIT,0
SH-PUR-2374,Puri Sector-15 Relief Center,Puri,Odisha,cyclone,20.55354,86.02119,150,67,0.239,1.18,1,51.6,101.5,166.8,1.6,49.7,84.47,CRITICAL_DEFICIT,0
SH-KAN-2375,Kangra Sector-13 Relief Center,Kangra,Himachal Pradesh,earthquake,31.77836,75.83468,150,108,0.101,0.19,0,32.6,666.3,1598.6,7.7,262.5,35.8,BALANCED,2
SH-SOU-2376,South 24 Parganas Sector-2 Relief Center,South 24 Parganas,West Bengal,cyclone,22.4574,88.14669,1200,1160,0.42,3.98,0,38.7,2162.6,4381.2,50.9,2125.0,99.19,CRITICAL_DEFICIT,0
SH-KAN-2377,Kangra Sector-18 Relief Center,Kangra,Himachal Pradesh,earthquake,32.02727,76.7769,150,86,0.537,1.31,1,6.9,126.4,245.2,3.8,110.4,88.79,CRITICAL_DEFICIT,0
SH-IDU-2378,Idukki Sector-16 Relief Center,Idukki,Kerala,flood,9.3491,76.88919,300,298,0.527,1.28,1,35.5,606.8,1125.1,20.1,478.9,82.39,CRITICAL_DEFICIT,0
SH-IDU-2379,Idukki Sector-1 Relief Center,Idukki,Kerala,flood,9.85124,77.18951,300,175,0.21,3.67,1,47.8,270.2,556.4,4.5,137.1,88.63,CRITICAL_DEFICIT,0
SH-BAL-2380,Balasore Sector-5 Relief Center,Balasore,Odisha,cyclone,21.60771,86.63818,300,363,0.322,0.56,1,16.6,1318.7,2418.9,17.4,1002.8,69.09,DEFICIT,1
SH-VIS-2381,Visakhapatnam Sector-13 Relief Center,Visakhapatnam,Andhra Pradesh,cyclone,17.7511,82.97427,300,244,0.517,1.99,1,22.5,1865.1,3880.3,46.9,813.3,18.51,BALANCED,2
SH-VIS-2382,Visakhapatnam Sector-6 Relief Center,Visakhapatnam,Andhra Pradesh,cyclone,17.79436,83.47686,800,927,0.082,2.37,0,43.6,5378.8,13201.9,76.6,2816.8,39.19,BALANCED,2
SH-DAR-2383,Darbhanga Sector-6 Relief Center,Darbhanga,Bihar,flood,26.7299,85.53184,1200,1190,0.152,2.36,1,0.0,2357.7,6993.6,43.4,1512.4,80.7,CRITICAL_DEFICIT,0
SH-CHA-2384,Chamoli Sector-8 Relief Center,Chamoli,Uttarakhand,earthquake,30.30642,79.3076,300,89,0.31,0.84,1,33.4,337.4,597.8,8.3,140.4,66.39,DEFICIT,1
SH-UTT-2385,Uttarkashi Sector-13 Relief Center,Uttarkashi,Uttarakhand,earthquake,30.68188,78.35532,150,69,0.154,0.23,1,36.1,62.2,187.5,1.2,54.3,90.31,CRITICAL_DEFICIT,0
SH-DHU-2386,Dhubri Sector-18 Relief Center,Dhubri,Assam,flood,25.33117,90.13413,500,356,0.413,0.11,1,18.9,678.1,1784.1,12.1,520.0,77.94,CRITICAL_DEFICIT,0
SH-BAL-2387,Balasore Sector-17 Relief Center,Balasore,Odisha,cyclone,21.71832,86.87781,500,126,0.48,0.55,1,32.9,697.1,1353.3,20.4,684.3,44.58,DEFICIT,1
SH-KUT-2388,Kutch Sector-16 Relief Center,Kutch,Gujarat,earthquake,23.717,70.17213,500,536,0.11,1.06,1,28.7,518.5,879.4,10.2,374.5,94.08,CRITICAL_DEFICIT,0
SH-IDU-2389,Idukki Sector-4 Relief Center,Idukki,Kerala,flood,10.1228,76.56395,300,328,0.447,2.77,1,20.2,93.9,238.8,2.9,60.9,98.64,CRITICAL_DEFICIT,0
SH-VIS-2390,Visakhapatnam Sector-10 Relief Center,Visakhapatnam,Andhra Pradesh,cyclone,17.83963,83.24172,300,93,0.322,1.17,1,3.0,292.6,763.9,7.6,102.7,68.41,DEFICIT,1
SH-IDU-2391,Idukki Sector-1 Relief Center,Idukki,Kerala,flood,10.11733,77.45024,300,263,0.351,0.11,1,17.7,232.4,592.8,4.7,114.0,93.37,CRITICAL_DEFICIT,0
SH-DAR-2392,Darbhanga Sector-14 Relief Center,Darbhanga,Bihar,flood,26.26751,85.66407,150,49,0.121,2.7,1,9.1,90.3,155.8,1.1,73.5,83.48,CRITICAL_DEFICIT,0
SH-SOU-2393,South 24 Parganas Sector-8 Relief Center,South 24 Parganas,West Bengal,cyclone,22.30121,88.55555,150,91,0.236,0.34,1,30.5,138.7,370.1,1.9,100.7,84.46,CRITICAL_DEFICIT,0
SH-UTT-2394,Uttarkashi Sector-1 Relief Center,Uttarkashi,Uttarakhand,earthquake,31.09088,78.00559,300,206,0.074,0.04,0,19.3,407.7,1112.9,4.2,141.7,88.32,CRITICAL_DEFICIT,0
SH-KAZ-2395,Kaziranga Sector-16 Relief Center,Kaziranga,Assam,flood,26.29671,93.13119,300,173,0.417,0.27,1,11.2,150.7,302.9,4.1,112.8,95.99,CRITICAL_DEFICIT,0
SH-KAN-2396,Kangra Sector-9 Relief Center,Kangra,Himachal Pradesh,earthquake,31.70755,76.50289,150,120,0.203,0.2,1,30.0,31.1,85.0,0.7,29.2,95.2,CRITICAL_DEFICIT,0
SH-KUT-2397,Kutch Sector-14 Relief Center,Kutch,Gujarat,earthquake,23.872,70.12378,500,313,0.226,7.24,0,49.7,316.2,806.8,3.9,164.0,100.0,CRITICAL_DEFICIT,0
SH-DHU-2398,Dhubri Sector-17 Relief Center,Dhubri,Assam,flood,25.78942,90.0459,500,290,0.051,3.37,1,30.5,582.9,1009.2,6.1,309.3,80.03,CRITICAL_DEFICIT,0
SH-VIS-2399,Visakhapatnam Sector-9 Relief Center,Visakhapatnam,Andhra Pradesh,cyclone,17.92227,83.39869,150,35,0.307,0.1,0,19.0,70.2,176.1,1.5,60.3,91.47,CRITICAL_DEFICIT,0
SH-PUR-2400,Puri Sector-14 Relief Center,Puri,Odisha,cyclone,19.65215,85.9057,500,194,0.175,2.85,0,24.1,595.5,1394.6,11.8,215.7,73.8,CRITICAL_DEFICIT,0
SH-CHA-2401,Chamoli Sector-14 Relief Center,Chamoli,Uttarakhand,earthquake,30.66046,79.32133,150,95,0.495,3.64,0,22.6,160.1,266.6,4.9,99.2,100.0,CRITICAL_DEFICIT,0
SH-SOU-2402,South 24 Parganas Sector-5 Relief Center,South 24 Parganas,West Bengal,cyclone,22.23958,88.86844,150,59,0.18,0.65,1,29.2,233.2,470.3,3.6,150.9,56.15,DEFICIT,1
SH-SOU-2403,South 24 Parganas Sector-11 Relief Center,South 24 Parganas,West Bengal,cyclone,21.84868,88.48313,150,142,0.182,1.7,0,19.0,489.0,1397.5,9.2,197.0,64.28,DEFICIT,1
SH-VIS-2404,Visakhapatnam Sector-7 Relief Center,Visakhapatnam,Andhra Pradesh,cyclone,17.17344,83.17763,300,130,0.427,3.72,1,4.2,975.4,2489.0,20.3,748.9,9.24,SURPLUS,3
SH-IDU-2405,Idukki Sector-4 Relief Center,Idukki,Kerala,flood,9.96276,76.80646,800,234,0.251,0.72,0,9.5,179.4,445.2,4.1,153.1,100.0,CRITICAL_DEFICIT,0
SH-PUR-2406,Puri Sector-1 Relief Center,Puri,Odisha,cyclone,19.98018,85.69757,300,147,0.394,6.28,1,42.8,1748.9,4531.8,40.0,845.0,2.17,SURPLUS,3
SH-UTT-2407,Uttarkashi Sector-2 Relief Center,Uttarkashi,Uttarakhand,earthquake,31.04748,78.3705,300,36,0.05,1.87,0,25.1,29.2,76.0,0.3,27.2,100.0,CRITICAL_DEFICIT,0
SH-KAT-2408,Katihar Sector-15 Relief Center,Katihar,Bihar,flood,25.33418,87.57341,2000,1708,0.259,1.03,0,20.8,10171.3,23574.4,130.0,4121.1,38.87,BALANCED,2
SH-CHA-2409,Chamoli Sector-6 Relief Center,Chamoli,Uttarakhand,earthquake,30.34099,79.54579,300,326,0.146,8.93,0,30.5,296.8,650.7,3.4,103.5,100.0,CRITICAL_DEFICIT,0
SH-DHU-2410,Dhubri Sector-2 Relief Center,Dhubri,Assam,flood,26.04008,89.79926,800,418,0.143,0.65,1,27.9,121.2,292.7,1.7,74.3,95.47,CRITICAL_DEFICIT,0
SH-VIS-2411,Visakhapatnam Sector-3 Relief Center,Visakhapatnam,Andhra Pradesh,cyclone,17.89008,83.29029,800,470,0.621,9.48,0,30.2,151.7,419.8,3.2,132.4,100.0,CRITICAL_DEFICIT,0
SH-KAT-2412,Katihar Sector-15 Relief Center,Katihar,Bihar,flood,25.28042,87.38813,500,197,0.148,4.57,1,24.4,187.3,363.7,2.3,115.0,90.99,CRITICAL_DEFICIT,0
SH-KUT-2413,Kutch Sector-7 Relief Center,Kutch,Gujarat,earthquake,23.90622,69.41952,1200,773,0.161,8.36,1,7.1,3092.3,5297.3,41.6,2383.6,63.02,DEFICIT,1
SH-SOU-2414,South 24 Parganas Sector-6 Relief Center,South 24 Parganas,West Bengal,cyclone,22.1645,88.52431,300,147,0.392,0.16,1,0.0,1071.8,2302.4,28.0,955.4,16.04,BALANCED,2
SH-SOU-2415,South 24 Parganas Sector-14 Relief Center,South 24 Parganas,West Bengal,cyclone,21.85571,88.41719,300,117,0.447,8.96,1,2.7,41.2,110.8,1.2,19.5,96.95,CRITICAL_DEFICIT,0
SH-CHA-2416,Chamoli Sector-19 Relief Center,Chamoli,Uttarakhand,earthquake,30.59154,79.27053,150,132,0.508,0.75,1,0.0,202.8,543.7,5.1,136.9,86.75,CRITICAL_DEFICIT,0
SH-DAR-2417,Darbhanga Sector-18 Relief Center,Darbhanga,Bihar,flood,26.30724,85.74212,500,86,0.405,2.88,1,14.0,363.6,854.2,10.3,259.2,57.35,DEFICIT,1
SH-SOU-2418,South 24 Parganas Sector-15 Relief Center,South 24 Parganas,West Bengal,cyclone,22.75398,88.40197,500,130,0.359,0.66,0,16.4,31.7,53.1,0.5,20.5,100.0,CRITICAL_DEFICIT,0
SH-UTT-2419,Uttarkashi Sector-16 Relief Center,Uttarkashi,Uttarakhand,earthquake,30.73162,78.48725,150,53,0.287,2.71,1,27.7,86.1,198.7,2.2,76.8,77.43,CRITICAL_DEFICIT,0
SH-KAT-2420,Katihar Sector-11 Relief Center,Katihar,Bihar,flood,25.50617,87.42194,150,57,0.05,2.74,1,35.4,51.6,133.8,0.9,41.4,87.87,CRITICAL_DEFICIT,0
SH-KAN-2421,Kangra Sector-4 Relief Center,Kangra,Himachal Pradesh,earthquake,31.89926,76.68637,300,75,0.448,7.86,0,43.3,139.2,248.1,2.3,137.6,95.38,CRITICAL_DEFICIT,0
SH-BAL-2422,Balasore Sector-6 Relief Center,Balasore,Odisha,cyclone,21.64939,87.08235,300,82,0.153,8.8,0,31.8,528.1,1445.2,8.1,303.7,31.33,BALANCED,2
SH-PUR-2423,Puri Sector-9 Relief Center,Puri,Odisha,cyclone,19.88119,86.08509,300,226,0.535,4.14,0,31.5,1767.9,5098.3,36.6,745.9,19.54,SURPLUS,3
SH-SOU-2424,South 24 Parganas Sector-5 Relief Center,South 24 Parganas,West Bengal,cyclone,22.60475,88.17787,300,132,0.312,0.03,1,33.5,129.9,335.2,2.4,106.3,85.45,CRITICAL_DEFICIT,0
SH-DHU-2425,Dhubri Sector-13 Relief Center,Dhubri,Assam,flood,25.54773,90.16392,150,109,0.154,4.76,1,28.8,115.3,262.3,2.2,55.5,88.3,CRITICAL_DEFICIT,0
SH-KAZ-2426,Kaziranga Sector-4 Relief Center,Kaziranga,Assam,flood,26.13682,93.18144,150,168,0.28,4.17,0,33.9,612.7,1656.6,15.7,272.1,65.5,DEFICIT,1
SH-IDU-2427,Idukki Sector-13 Relief Center,Idukki,Kerala,flood,9.62299,76.80705,300,73,0.316,0.68,1,4.6,135.6,283.9,3.0,48.6,78.83,CRITICAL_DEFICIT,0
SH-VIS-2428,Visakhapatnam Sector-2 Relief Center,Visakhapatnam,Andhra Pradesh,cyclone,17.58456,83.32328,500,129,0.145,0.73,0,46.6,33.6,61.2,0.7,11.3,100.0,CRITICAL_DEFICIT,0
SH-KAN-2429,Kangra Sector-9 Relief Center,Kangra,Himachal Pradesh,earthquake,31.67317,75.45985,800,469,0.272,1.25,1,28.8,5270.3,8881.3,76.9,3922.6,0.78,SURPLUS,3
SH-KAN-2430,Kangra Sector-4 Relief Center,Kangra,Himachal Pradesh,earthquake,32.46881,76.21182,300,184,0.353,5.09,1,35.6,182.3,509.1,2.7,175.2,90.75,CRITICAL_DEFICIT,0
SH-WAY-2431,Wayanad Sector-5 Relief Center,Wayanad,Kerala,flood,11.52691,76.04011,300,261,0.134,2.57,1,54.8,1012.5,2221.4,20.3,511.8,51.44,DEFICIT,1
SH-KAN-2432,Kangra Sector-18 Relief Center,Kangra,Himachal Pradesh,earthquake,32.66821,76.52169,300,222,0.363,0.21,1,20.9,380.5,903.9,5.2,322.1,81.78,CRITICAL_DEFICIT,0
SH-KAZ-2433,Kaziranga Sector-2 Relief Center,Kaziranga,Assam,flood,26.49703,92.95165,2000,873,0.113,0.49,0,53.7,5190.3,10676.6,102.4,2436.6,46.6,DEFICIT,1
SH-BAL-2434,Balasore Sector-17 Relief Center,Balasore,Odisha,cyclone,21.5057,86.66727,150,101,0.166,5.57,1,0.0,28.1,67.4,0.3,22.8,100.0,CRITICAL_DEFICIT,0
SH-VIS-2435,Visakhapatnam Sector-9 Relief Center,Visakhapatnam,Andhra Pradesh,cyclone,17.77723,83.53305,300,96,0.293,14.2,1,45.9,99.7,204.4,2.4,55.4,93.08,CRITICAL_DEFICIT,0
SH-KAZ-2436,Kaziranga Sector-11 Relief Center,Kaziranga,Assam,flood,26.82053,93.12031,300,226,0.432,0.21,1,15.7,177.2,349.5,5.4,122.6,92.92,CRITICAL_DEFICIT,0
SH-UTT-2437,Uttarkashi Sector-15 Relief Center,Uttarkashi,Uttarakhand,earthquake,30.81493,78.3028,500,452,0.108,1.47,1,1.7,965.6,2760.5,19.4,774.7,72.68,CRITICAL_DEFICIT,0
SH-SOU-2438,South 24 Parganas Sector-9 Relief Center,South 24 Parganas,West Bengal,cyclone,22.05179,88.75189,300,263,0.384,1.09,0,0.0,540.2,1092.2,11.1,280.5,94.71,CRITICAL_DEFICIT,0
SH-KAT-2439,Katihar Sector-15 Relief Center,Katihar,Bihar,flood,25.20463,87.28554,1200,735,0.195,1.65,1,32.6,1252.4,3512.3,26.6,562.3,76.04,CRITICAL_DEFICIT,0
SH-CHA-2440,Chamoli Sector-19 Relief Center,Chamoli,Uttarakhand,earthquake,30.33486,79.21172,150,52,0.15,3.78,0,27.2,187.3,328.3,2.9,84.1,76.6,CRITICAL_DEFICIT,0
SH-SOU-2441,South 24 Parganas Sector-8 Relief Center,South 24 Parganas,West Bengal,cyclone,22.32352,88.60833,800,502,0.34,1.74,1,5.9,509.3,1322.2,14.3,344.9,90.52,CRITICAL_DEFICIT,0
SH-CHA-2442,Chamoli Sector-9 Relief Center,Chamoli,Uttarakhand,earthquake,30.46802,79.19301,300,98,0.128,6.36,0,1.7,840.6,1578.9,12.1,628.4,28.12,BALANCED,2
SH-CHA-2443,Chamoli Sector-8 Relief Center,Chamoli,Uttarakhand,earthquake,30.17839,78.97285,300,212,0.135,0.31,1,29.6,440.5,997.6,6.6,356.5,72.08,CRITICAL_DEFICIT,0
SH-KUT-2444,Kutch Sector-5 Relief Center,Kutch,Gujarat,earthquake,23.73635,69.9678,300,280,0.2,4.93,0,7.8,90.6,225.2,1.2,84.6,100.0,CRITICAL_DEFICIT,0
SH-VIS-2445,Visakhapatnam Sector-18 Relief Center,Visakhapatnam,Andhra Pradesh,cyclone,17.50463,83.59459,300,278,0.125,3.03,0,14.1,1978.3,5834.3,43.6,1411.5,22.87,BALANCED,2
SH-UTT-2446,Uttarkashi Sector-14 Relief Center,Uttarkashi,Uttarakhand,earthquake,30.67007,78.24442,1200,1120,0.281,1.96,1,2.1,1864.2,5478.9,33.1,745.7,82.49,CRITICAL_DEFICIT,0
SH-PUR-2447,Puri Sector-12 Relief Center,Puri,Odisha,cyclone,19.70133,86.4427,500,573,0.596,1.43,0,35.3,554.5,940.7,13.2,246.6,100.0,CRITICAL_DEFICIT,0
SH-CHA-2448,Chamoli Sector-4 Relief Center,Chamoli,Uttarakhand,earthquake,30.16343,79.16098,800,232,0.465,1.48,1,0.0,55.9,123.9,1.1,22.9,100.0,CRITICAL_DEFICIT,0
SH-KUT-2449,Kutch Sector-18 Relief Center,Kutch,Gujarat,earthquake,23.47374,70.08019,150,133,0.177,0.13,1,11.0,277.7,626.5,4.3,94.4,73.0,CRITICAL_DEFICIT,0
SH-KUT-2450,Kutch Sector-2 Relief Center,Kutch,Gujarat,earthquake,23.86159,69.71968,500,351,0.473,8.94,1,15.0,1108.4,3010.4,20.8,906.4,63.15,DEFICIT,1
SH-KAT-2451,Katihar Sector-7 Relief Center,Katihar,Bihar,flood,25.46016,88.16914,150,97,0.393,1.05,0,0.0,179.3,432.0,2.6,154.2,93.19,CRITICAL_DEFICIT,0
SH-PUR-2452,Puri Sector-13 Relief Center,Puri,Odisha,cyclone,19.83875,85.94899,300,207,0.374,3.03,0,0.0,71.6,154.5,2.0,66.8,100.0,CRITICAL_DEFICIT,0
SH-DAR-2453,Darbhanga Sector-11 Relief Center,Darbhanga,Bihar,flood,26.27236,85.80274,300,185,0.417,16.37,0,35.8,382.0,976.4,9.8,289.6,89.57,CRITICAL_DEFICIT,0
SH-KAZ-2454,Kaziranga Sector-4 Relief Center,Kaziranga,Assam,flood,26.26724,93.24653,300,186,0.325,4.13,0,18.8,362.1,724.5,5.8,361.0,95.27,CRITICAL_DEFICIT,0
SH-VIS-2455,Visakhapatnam Sector-8 Relief Center,Visakhapatnam,Andhra Pradesh,cyclone,17.85082,83.10449,1200,35,0.233,3.66,0,21.4,27.0,77.8,0.7,16.6,100.0,CRITICAL_DEFICIT,0
SH-DHU-2456,Dhubri Sector-9 Relief Center,Dhubri,Assam,flood,25.93044,90.2435,150,100,0.441,0.95,0,27.8,175.2,522.4,3.9,162.0,95.72,CRITICAL_DEFICIT,0
SH-IDU-2457,Idukki Sector-19 Relief Center,Idukki,Kerala,flood,9.43681,77.00059,500,359,0.415,0.46,1,54.8,2845.2,7785.8,55.2,1234.3,8.99,SURPLUS,3
SH-UTT-2458,Uttarkashi Sector-3 Relief Center,Uttarkashi,Uttarakhand,earthquake,30.51584,78.71024,500,358,0.095,4.13,1,10.6,127.5,312.6,1.4,95.8,92.64,CRITICAL_DEFICIT,0
SH-KAT-2459,Katihar Sector-9 Relief Center,Katihar,Bihar,flood,25.97868,88.10174,500,530,0.379,1.59,0,20.1,1726.5,4945.5,36.1,810.6,71.99,CRITICAL_DEFICIT,0
SH-WAY-2460,Wayanad Sector-1 Relief Center,Wayanad,Kerala,flood,11.71594,75.9686,300,241,0.05,4.14,0,33.8,502.6,1462.8,6.8,329.9,82.39,CRITICAL_DEFICIT,0
SH-KAN-2461,Kangra Sector-19 Relief Center,Kangra,Himachal Pradesh,earthquake,32.07058,75.81035,300,308,0.373,0.46,1,37.7,513.7,1401.1,9.6,210.2,84.34,CRITICAL_DEFICIT,0
SH-SOU-2462,South 24 Parganas Sector-8 Relief Center,South 24 Parganas,West Bengal,cyclone,22.38449,88.63475,500,335,0.136,0.04,1,38.8,350.3,1010.5,6.3,282.5,91.56,CRITICAL_DEFICIT,0
SH-BAL-2463,Balasore Sector-8 Relief Center,Balasore,Odisha,cyclone,21.63372,86.99161,300,158,0.475,2.26,1,41.7,1178.5,2145.9,23.6,509.7,25.65,BALANCED,2
SH-KAT-2464,Katihar Sector-11 Relief Center,Katihar,Bihar,flood,25.77752,87.69834,150,96,0.141,3.37,1,24.0,28.0,47.5,0.5,10.8,98.53,CRITICAL_DEFICIT,0
SH-KAT-2465,Katihar Sector-3 Relief Center,Katihar,Bihar,flood,25.39831,87.55287,300,224,0.65,0.15,1,42.1,236.7,697.1,5.0,95.6,96.39,CRITICAL_DEFICIT,0
SH-SOU-2466,South 24 Parganas Sector-14 Relief Center,South 24 Parganas,West Bengal,cyclone,21.97117,88.54141,150,57,0.456,1.07,1,17.7,20.1,59.9,0.3,12.5,100.0,CRITICAL_DEFICIT,0
SH-KAN-2467,Kangra Sector-10 Relief Center,Kangra,Himachal Pradesh,earthquake,32.35165,75.58848,300,55,0.103,0.39,1,48.8,245.6,643.5,2.4,105.3,46.72,DEFICIT,1
SH-VIS-2468,Visakhapatnam Sector-2 Relief Center,Visakhapatnam,Andhra Pradesh,cyclone,17.58921,82.99888,500,523,0.503,0.77,1,29.7,790.9,1419.4,18.0,586.7,91.36,CRITICAL_DEFICIT,0
SH-BAL-2469,Balasore Sector-8 Relief Center,Balasore,Odisha,cyclone,21.63136,87.12708,300,371,0.203,2.03,0,25.4,313.3,682.1,4.9,229.9,100.0,CRITICAL_DEFICIT,0
SH-PUR-2470,Puri Sector-18 Relief Center,Puri,Odisha,cyclone,19.56681,86.13949,150,73,0.276,2.23,0,5.0,76.5,149.2,1.1,70.4,100.0,CRITICAL_DEFICIT,0
SH-KAT-2471,Katihar Sector-4 Relief Center,Katihar,Bihar,flood,25.61762,87.29506,150,91,0.42,1.28,1,14.1,179.0,425.3,5.4,114.8,78.76,CRITICAL_DEFICIT,0
SH-BAL-2472,Balasore Sector-16 Relief Center,Balasore,Odisha,cyclone,21.4145,86.76097,500,353,0.507,4.15,0,10.8,1256.1,3268.0,19.2,449.4,76.51,CRITICAL_DEFICIT,0
SH-SOU-2473,South 24 Parganas Sector-11 Relief Center,South 24 Parganas,West Bengal,cyclone,21.94951,88.68069,300,214,0.323,1.38,0,35.7,1179.3,3212.5,25.2,412.9,41.93,DEFICIT,1
SH-VIS-2474,Visakhapatnam Sector-11 Relief Center,Visakhapatnam,Andhra Pradesh,cyclone,17.64111,83.31544,500,387,0.24,0.4,1,52.9,792.2,1883.8,13.8,432.6,75.95,CRITICAL_DEFICIT,0
SH-KAT-2475,Katihar Sector-12 Relief Center,Katihar,Bihar,flood,25.94526,87.42161,300,227,0.165,7.21,0,18.2,377.4,936.9,8.2,220.3,94.46,CRITICAL_DEFICIT,0
SH-UTT-2476,Uttarkashi Sector-13 Relief Center,Uttarkashi,Uttarakhand,earthquake,30.32196,78.26718,300,310,0.426,0.07,1,20.3,632.8,1184.2,14.8,271.7,82.27,CRITICAL_DEFICIT,0
SH-KAT-2477,Katihar Sector-10 Relief Center,Katihar,Bihar,flood,25.56508,87.57024,300,55,0.294,6.41,1,26.0,523.8,869.1,13.8,252.7,14.48,BALANCED,2
SH-DHU-2478,Dhubri Sector-2 Relief Center,Dhubri,Assam,flood,26.03931,90.06719,500,359,0.224,6.01,1,2.9,309.1,930.1,7.5,232.5,92.84,CRITICAL_DEFICIT,0
SH-KAZ-2479,Kaziranga Sector-19 Relief Center,Kaziranga,Assam,flood,26.55803,93.35037,500,509,0.06,4.08,1,24.5,4001.5,10253.7,48.8,2640.8,2.78,SURPLUS,3
SH-VIS-2480,Visakhapatnam Sector-13 Relief Center,Visakhapatnam,Andhra Pradesh,cyclone,17.83119,82.89447,500,242,0.246,3.7,0,30.3,1398.8,2792.4,20.5,1195.9,47.01,DEFICIT,1
SH-WAY-2481,Wayanad Sector-18 Relief Center,Wayanad,Kerala,flood,11.72137,76.13292,300,214,0.284,1.43,1,16.1,67.2,176.4,1.4,44.9,100.0,CRITICAL_DEFICIT,0
SH-KAZ-2482,Kaziranga Sector-13 Relief Center,Kaziranga,Assam,flood,26.41676,93.30043,150,91,0.373,5.71,0,14.2,95.3,244.4,2.5,56.3,100.0,CRITICAL_DEFICIT,0
SH-DAR-2483,Darbhanga Sector-1 Relief Center,Darbhanga,Bihar,flood,26.57307,85.7339,150,139,0.265,0.08,1,23.5,128.7,295.6,2.3,116.0,91.03,CRITICAL_DEFICIT,0
SH-WAY-2484,Wayanad Sector-10 Relief Center,Wayanad,Kerala,flood,11.33756,76.35857,800,464,0.164,2.2,1,17.6,160.0,424.3,2.7,60.0,95.87,CRITICAL_DEFICIT,0
SH-WAY-2485,Wayanad Sector-5 Relief Center,Wayanad,Kerala,flood,12.14539,75.76664,300,313,0.34,1.92,1,10.6,3713.4,9358.7,61.5,3491.5,0.67,SURPLUS,3
SH-KAN-2486,Kangra Sector-5 Relief Center,Kangra,Himachal Pradesh,earthquake,31.80949,76.25591,300,313,0.494,2.18,1,0.0,2333.7,4889.4,49.0,1150.5,16.42,BALANCED,2
SH-PUR-2487,Puri Sector-19 Relief Center,Puri,Odisha,cyclone,19.6977,86.24825,150,107,0.272,1.84,0,17.8,692.3,1849.0,17.8,517.8,32.92,BALANCED,2
SH-UTT-2488,Uttarkashi Sector-11 Relief Center,Uttarkashi,Uttarakhand,earthquake,31.05162,78.23421,150,131,0.416,2.21,1,31.9,776.2,1499.9,19.5,560.5,38.69,BALANCED,2
SH-BAL-2489,Balasore Sector-10 Relief Center,Balasore,Odisha,cyclone,21.64458,87.23184,300,165,0.287,7.06,1,58.0,334.7,627.6,4.5,169.5,80.05,CRITICAL_DEFICIT,0
SH-UTT-2490,Uttarkashi Sector-8 Relief Center,Uttarkashi,Uttarakhand,earthquake,30.84673,78.67361,300,265,0.139,0.27,1,65.0,223.1,588.6,4.9,124.0,90.64,CRITICAL_DEFICIT,0
SH-DAR-2491,Darbhanga Sector-4 Relief Center,Darbhanga,Bihar,flood,25.92292,85.86378,300,325,0.425,5.22,0,35.8,2472.3,5776.4,54.1,838.6,24.76,SURPLUS,3
SH-VIS-2492,Visakhapatnam Sector-19 Relief Center,Visakhapatnam,Andhra Pradesh,cyclone,17.76823,83.2006,800,567,0.65,0.06,1,39.5,831.7,2138.6,15.3,551.4,87.69,CRITICAL_DEFICIT,0
SH-KUT-2493,Kutch Sector-12 Relief Center,Kutch,Gujarat,earthquake,23.36734,69.98822,300,46,0.307,5.65,0,44.8,67.3,180.6,1.8,36.1,100.0,CRITICAL_DEFICIT,0
SH-SOU-2494,South 24 Parganas Sector-1 Relief Center,South 24 Parganas,West Bengal,cyclone,22.27199,88.56917,300,294,0.344,1.45,1,0.0,626.2,1866.2,10.9,492.7,78.41,CRITICAL_DEFICIT,0
SH-CHA-2495,Chamoli Sector-17 Relief Center,Chamoli,Uttarakhand,earthquake,30.74606,78.904,300,233,0.312,2.51,1,26.2,213.3,531.4,4.7,180.4,91.26,CRITICAL_DEFICIT,0
SH-KAN-2496,Kangra Sector-17 Relief Center,Kangra,Himachal Pradesh,earthquake,32.13757,76.36379,150,77,0.65,0.44,1,10.9,157.9,461.4,5.5,115.9,77.2,CRITICAL_DEFICIT,0
SH-CHA-2497,Chamoli Sector-5 Relief Center,Chamoli,Uttarakhand,earthquake,30.07767,79.37746,500,502,0.177,4.01,1,58.3,1779.2,4668.9,35.0,967.1,54.91,DEFICIT,1
SH-KAN-2498,Kangra Sector-8 Relief Center,Kangra,Himachal Pradesh,earthquake,32.2874,76.61928,150,115,0.449,2.46,1,53.8,468.4,766.9,7.2,164.0,67.8,DEFICIT,1
SH-KAZ-2499,Kaziranga Sector-19 Relief Center,Kaziranga,Assam,flood,26.2329,92.88286,300,31,0.088,3.15,0,16.5,116.6,204.1,2.4,45.6,77.62,CRITICAL_DEFICIT,0
SH-DHU-2500,Dhubri Sector-12 Relief Center,Dhubri,Assam,flood,25.73075,90.40667,300,208,0.47,0.07,1,30.2,847.8,2360.6,17.7,844.3,54.79,DEFICIT,1
SH-KUT-2501,Kutch Sector-6 Relief Center,Kutch,Gujarat,earthquake,23.60591,69.90522,150,149,0.17,0.37,1,22.5,517.1,1122.2,10.7,262.2,56.82,DEFICIT,1
SH-BAL-2502,Balasore Sector-17 Relief Center,Balasore,Odisha,cyclone,21.48432,86.5083,300,316,0.05,2.63,1,29.0,243.2,471.9,2.3,205.0,96.5,CRITICAL_DEFICIT,0
SH-BAL-2503,Balasore Sector-12 Relief Center,Balasore,Odisha,cyclone,21.53584,86.40423,150,118,0.545,1.72,1,20.1,36.4,93.2,0.8,25.5,100.0,CRITICAL_DEFICIT,0
SH-KAZ-2504,Kaziranga Sector-16 Relief Center,Kaziranga,Assam,flood,27.0324,93.31862,150,30,0.257,0.85,0,33.2,52.9,94.3,0.8,23.5,96.16,CRITICAL_DEFICIT,0
SH-DAR-2505,Darbhanga Sector-17 Relief Center,Darbhanga,Bihar,flood,25.76504,85.89084,300,80,0.525,6.13,0,15.2,77.8,150.7,1.8,42.6,100.0,CRITICAL_DEFICIT,0
SH-KAZ-2506,Kaziranga Sector-5 Relief Center,Kaziranga,Assam,flood,26.66891,93.19033,150,32,0.169,0.09,1,21.5,25.1,54.6,0.4,25.0,95.43,CRITICAL_DEFICIT,0
SH-UTT-2507,Uttarkashi Sector-8 Relief Center,Uttarkashi,Uttarakhand,earthquake,30.80392,78.84577,800,798,0.229,2.17,0,29.8,588.8,1351.0,14.6,224.6,100.0,CRITICAL_DEFICIT,0
SH-KAN-2508,Kangra Sector-1 Relief Center,Kangra,Himachal Pradesh,earthquake,32.04321,76.38302,500,377,0.096,1.06,1,33.9,1353.7,3802.1,19.3,610.5,56.69,DEFICIT,1
SH-SOU-2509,South 24 Parganas Sector-15 Relief Center,South 24 Parganas,West Bengal,cyclone,22.00694,88.43548,800,465,0.292,3.43,1,9.3,695.4,1182.9,11.3,667.0,88.74,CRITICAL_DEFICIT,0
SH-PUR-2510,Puri Sector-10 Relief Center,Puri,Odisha,cyclone,19.62334,86.17994,150,166,0.176,1.93,0,13.3,1074.7,2955.3,20.8,904.5,28.97,BALANCED,2
SH-CHA-2511,Chamoli Sector-11 Relief Center,Chamoli,Uttarakhand,earthquake,30.37722,79.04479,300,211,0.246,2.14,0,42.3,160.4,484.3,2.2,73.6,100.0,CRITICAL_DEFICIT,0
SH-KUT-2512,Kutch Sector-12 Relief Center,Kutch,Gujarat,earthquake,23.71055,70.42764,150,179,0.299,0.74,0,23.7,293.6,811.4,4.3,219.6,99.17,CRITICAL_DEFICIT,0
SH-BAL-2513,Balasore Sector-7 Relief Center,Balasore,Odisha,cyclone,21.89113,86.82195,150,50,0.528,0.29,0,30.8,107.5,180.9,2.3,105.3,92.98,CRITICAL_DEFICIT,0
SH-SOU-2514,South 24 Parganas Sector-6 Relief Center,South 24 Parganas,West Bengal,cyclone,21.79545,88.47071,500,323,0.181,1.29,1,48.2,2579.1,6670.0,29.2,2023.2,6.04,SURPLUS,3
SH-CHA-2515,Chamoli Sector-7 Relief Center,Chamoli,Uttarakhand,earthquake,29.95731,79.47478,300,283,0.133,0.52,1,19.8,257.3,488.0,4.7,175.6,93.03,CRITICAL_DEFICIT,0
SH-VIS-2516,Visakhapatnam Sector-18 Relief Center,Visakhapatnam,Andhra Pradesh,cyclone,17.54224,83.31254,800,221,0.285,4.43,0,53.2,198.1,587.5,4.7,188.4,100.0,CRITICAL_DEFICIT,0
SH-UTT-2517,Uttarkashi Sector-19 Relief Center,Uttarkashi,Uttarakhand,earthquake,30.38131,78.42288,500,367,0.294,2.91,1,25.3,111.4,272.1,2.9,68.5,100.0,CRITICAL_DEFICIT,0
SH-KUT-2518,Kutch Sector-13 Relief Center,Kutch,Gujarat,earthquake,23.82259,69.68264,500,312,0.358,11.37,0,21.8,242.2,453.7,4.4,84.8,100.0,CRITICAL_DEFICIT,0
SH-KUT-2519,Kutch Sector-2 Relief Center,Kutch,Gujarat,earthquake,23.98903,70.07209,500,454,0.332,0.78,1,47.0,369.8,886.1,7.8,310.4,92.21,CRITICAL_DEFICIT,0
SH-VIS-2520,Visakhapatnam Sector-9 Relief Center,Visakhapatnam,Andhra Pradesh,cyclone,17.23231,82.78807,150,159,0.142,6.42,0,17.5,1152.1,3311.6,12.5,414.4,22.88,BALANCED,2
SH-PUR-2521,Puri Sector-7 Relief Center,Puri,Odisha,cyclone,19.68821,86.32679,800,411,0.132,2.43,1,17.4,315.0,727.3,5.1,138.3,86.47,CRITICAL_DEFICIT,0
SH-KAZ-2522,Kaziranga Sector-6 Relief Center,Kaziranga,Assam,flood,26.89276,93.18458,300,286,0.507,5.25,0,43.2,588.3,1179.5,14.5,279.1,96.68,CRITICAL_DEFICIT,0
SH-KUT-2523,Kutch Sector-13 Relief Center,Kutch,Gujarat,earthquake,23.62127,70.13401,300,271,0.33,0.5,1,24.4,564.8,1160.3,13.8,227.1,79.25,CRITICAL_DEFICIT,0
SH-WAY-2524,Wayanad Sector-16 Relief Center,Wayanad,Kerala,flood,11.86467,76.36269,2000,1172,0.407,0.2,0,0.0,5136.3,11295.9,74.8,4083.7,66.19,DEFICIT,1
SH-VIS-2525,Visakhapatnam Sector-11 Relief Center,Visakhapatnam,Andhra Pradesh,cyclone,17.77484,83.30436,150,57,0.329,2.53,1,28.5,185.5,367.6,4.5,183.4,66.14,DEFICIT,1
SH-PUR-2526,Puri Sector-19 Relief Center,Puri,Odisha,cyclone,19.95484,85.89385,300,334,0.182,3.55,1,37.4,265.1,541.1,5.6,115.0,98.44,CRITICAL_DEFICIT,0
SH-BAL-2527,Balasore Sector-4 Relief Center,Balasore,Odisha,cyclone,21.5486,86.76639,150,148,0.36,0.38,0,22.6,125.1,359.2,2.9,42.5,100.0,CRITICAL_DEFICIT,0
SH-BAL-2528,Balasore Sector-11 Relief Center,Balasore,Odisha,cyclone,21.67844,86.76119,500,150,0.391,5.95,0,35.8,1773.7,4255.6,47.6,1031.0,20.28,SURPLUS,3
SH-CHA-2529,Chamoli Sector-15 Relief Center,Chamoli,Uttarakhand,earthquake,29.93174,79.1014,500,109,0.487,0.34,1,0.0,1272.3,3799.1,26.4,682.5,4.91,SURPLUS,3
SH-BAL-2530,Balasore Sector-15 Relief Center,Balasore,Odisha,cyclone,21.82823,86.96611,300,332,0.34,1.14,1,0.0,1023.1,2346.4,16.7,398.8,60.7,DEFICIT,1
SH-PUR-2531,Puri Sector-18 Relief Center,Puri,Odisha,cyclone,19.73406,85.6083,2000,398,0.248,2.8,1,23.6,421.7,965.5,6.8,200.7,90.07,CRITICAL_DEFICIT,0
SH-WAY-2532,Wayanad Sector-11 Relief Center,Wayanad,Kerala,flood,11.94183,76.08817,2000,1026,0.51,4.49,1,34.7,1748.1,3934.3,50.6,924.5,85.47,CRITICAL_DEFICIT,0
SH-KAN-2533,Kangra Sector-4 Relief Center,Kangra,Himachal Pradesh,earthquake,31.72385,76.51026,150,121,0.426,0.84,0,4.3,391.0,671.6,6.9,174.2,88.63,CRITICAL_DEFICIT,0
SH-KAZ-2534,Kaziranga Sector-19 Relief Center,Kaziranga,Assam,flood,26.16267,93.09611,500,64,0.407,8.59,0,34.0,112.3,206.5,2.8,70.7,98.92,CRITICAL_DEFICIT,0
SH-CHA-2535,Chamoli Sector-7 Relief Center,Chamoli,Uttarakhand,earthquake,30.80086,79.29524,300,164,0.392,1.16,0,0.0,131.2,260.7,2.1,118.2,100.0,CRITICAL_DEFICIT,0
SH-WAY-2536,Wayanad Sector-8 Relief Center,Wayanad,Kerala,flood,11.90685,76.0484,800,293,0.148,4.88,1,7.7,1161.5,3019.7,21.0,694.3,50.69,DEFICIT,1
SH-SOU-2537,South 24 Parganas Sector-16 Relief Center,South 24 Parganas,West Bengal,cyclone,22.52596,88.41283,150,131,0.31,2.2,1,43.1,133.9,375.9,3.2,48.0,89.61,CRITICAL_DEFICIT,0
SH-UTT-2538,Uttarkashi Sector-15 Relief Center,Uttarkashi,Uttarakhand,earthquake,30.4075,78.38729,800,553,0.225,0.98,1,17.9,2048.7,6047.2,26.6,1268.4,55.6,DEFICIT,1
SH-VIS-2539,Visakhapatnam Sector-9 Relief Center,Visakhapatnam,Andhra Pradesh,cyclone,17.5916,83.22272,150,46,0.394,0.26,0,21.8,68.3,162.4,1.6,56.6,94.99,CRITICAL_DEFICIT,0
SH-KAN-2540,Kangra Sector-14 Relief Center,Kangra,Himachal Pradesh,earthquake,32.25292,76.00068,150,63,0.524,1.28,1,47.0,655.0,1267.0,12.1,244.7,2.5,SURPLUS,3
SH-UTT-2541,Uttarkashi Sector-11 Relief Center,Uttarkashi,Uttarakhand,earthquake,31.03405,78.57128,500,586,0.253,3.4,1,16.7,497.7,965.9,7.7,354.4,92.6,CRITICAL_DEFICIT,0
SH-KUT-2542,Kutch Sector-12 Relief Center,Kutch,Gujarat,earthquake,23.9731,69.49788,300,221,0.137,1.19,1,30.7,75.8,195.7,1.5,72.2,99.54,CRITICAL_DEFICIT,0
SH-IDU-2543,Idukki Sector-2 Relief Center,Idukki,Kerala,flood,10.11823,76.82394,300,108,0.118,4.07,0,18.8,754.9,1972.3,9.6,301.8,22.38,BALANCED,2
SH-IDU-2544,Idukki Sector-2 Relief Center,Idukki,Kerala,flood,9.85402,77.14042,300,246,0.05,0.66,0,47.3,2997.6,6350.0,35.3,1363.8,11.45,SURPLUS,3
SH-DAR-2545,Darbhanga Sector-6 Relief Center,Darbhanga,Bihar,flood,26.44602,85.98905,800,84,0.34,0.5,0,11.1,169.8,302.0,4.7,148.3,97.68,CRITICAL_DEFICIT,0
SH-KAN-2546,Kangra Sector-8 Relief Center,Kangra,Himachal Pradesh,earthquake,31.80412,75.91881,800,792,0.102,1.14,1,36.6,3096.0,8906.9,35.7,3014.7,46.34,DEFICIT,1
SH-KAT-2547,Katihar Sector-12 Relief Center,Katihar,Bihar,flood,25.71058,87.42798,150,20,0.562,3.72,1,25.4,7.1,19.0,0.2,3.6,100.0,CRITICAL_DEFICIT,0
SH-SOU-2548,South 24 Parganas Sector-10 Relief Center,South 24 Parganas,West Bengal,cyclone,21.94854,88.34957,300,146,0.091,1.11,1,47.6,270.2,657.6,3.3,110.0,71.63,CRITICAL_DEFICIT,0
SH-DHU-2549,Dhubri Sector-6 Relief Center,Dhubri,Assam,flood,26.13041,89.70229,500,541,0.05,1.03,1,0.0,787.4,1856.6,13.3,455.5,80.34,CRITICAL_DEFICIT,0
SH-CHA-2550,Chamoli Sector-2 Relief Center,Chamoli,Uttarakhand,earthquake,30.25079,79.11684,300,344,0.382,3.17,0,3.6,4268.3,11236.9,73.6,1547.2,24.17,SURPLUS,3
SH-SOU-2551,South 24 Parganas Sector-18 Relief Center,South 24 Parganas,West Bengal,cyclone,22.21462,88.39465,300,201,0.445,2.27,0,53.4,1555.7,2578.4,27.4,1413.5,49.64,DEFICIT,1
SH-DHU-2552,Dhubri Sector-7 Relief Center,Dhubri,Assam,flood,26.43,89.81455,800,283,0.206,13.99,1,13.8,233.9,571.2,3.6,146.4,92.92,CRITICAL_DEFICIT,0
SH-WAY-2553,Wayanad Sector-5 Relief Center,Wayanad,Kerala,flood,11.99482,76.35252,300,293,0.104,1.16,1,21.4,237.3,677.6,4.5,87.8,85.83,CRITICAL_DEFICIT,0
SH-VIS-2554,Visakhapatnam Sector-8 Relief Center,Visakhapatnam,Andhra Pradesh,cyclone,17.53824,83.12639,500,361,0.275,2.16,1,36.0,105.8,195.0,2.5,78.6,100.0,CRITICAL_DEFICIT,0
SH-VIS-2555,Visakhapatnam Sector-10 Relief Center,Visakhapatnam,Andhra Pradesh,cyclone,17.65469,83.23895,150,84,0.5,0.43,1,52.6,156.2,265.7,3.4,109.4,87.82,CRITICAL_DEFICIT,0
SH-KAN-2556,Kangra Sector-4 Relief Center,Kangra,Himachal Pradesh,earthquake,31.86231,76.40979,1200,1179,0.136,1.01,1,0.0,1170.8,3098.5,24.6,823.5,92.86,CRITICAL_DEFICIT,0
SH-PUR-2557,Puri Sector-11 Relief Center,Puri,Odisha,cyclone,19.61389,85.52671,300,209,0.264,1.88,1,1.1,871.0,1788.9,22.4,590.3,57.32,DEFICIT,1
SH-SOU-2558,South 24 Parganas Sector-5 Relief Center,South 24 Parganas,West Bengal,cyclone,21.78409,88.56686,300,43,0.325,10.94,0,50.1,314.6,558.8,3.8,145.1,44.67,DEFICIT,1
SH-KUT-2559,Kutch Sector-13 Relief Center,Kutch,Gujarat,earthquake,24.02016,70.09965,150,66,0.3,1.74,1,37.9,23.5,62.8,0.5,17.4,99.24,CRITICAL_DEFICIT,0
SH-KAN-2560,Kangra Sector-13 Relief Center,Kangra,Himachal Pradesh,earthquake,32.48807,76.17016,1200,1027,0.334,1.75,1,28.7,2010.5,4093.6,50.9,1937.1,78.51,CRITICAL_DEFICIT,0
SH-KAT-2561,Katihar Sector-16 Relief Center,Katihar,Bihar,flood,25.71177,87.50648,150,28,0.527,5.1,0,47.4,7.6,13.8,0.2,3.0,100.0,CRITICAL_DEFICIT,0
SH-DAR-2562,Darbhanga Sector-1 Relief Center,Darbhanga,Bihar,flood,26.44128,86.3933,300,284,0.063,3.96,0,0.7,465.1,1234.7,7.5,272.1,94.64,CRITICAL_DEFICIT,0
SH-KAN-2563,Kangra Sector-7 Relief Center,Kangra,Himachal Pradesh,earthquake,32.59819,76.3701,1200,371,0.421,2.22,1,17.3,321.5,803.2,5.0,188.5,94.03,CRITICAL_DEFICIT,0
SH-KAN-2564,Kangra Sector-13 Relief Center,Kangra,Himachal Pradesh,earthquake,32.23781,76.07803,150,20,0.05,3.97,1,3.4,68.4,128.2,1.3,42.1,65.29,DEFICIT,1
SH-WAY-2565,Wayanad Sector-12 Relief Center,Wayanad,Kerala,flood,11.92647,75.69582,300,257,0.212,1.46,0,37.8,3208.7,7037.7,42.5,2061.8,21.41,SURPLUS,3
SH-CHA-2566,Chamoli Sector-6 Relief Center,Chamoli,Uttarakhand,earthquake,29.91835,79.20001,500,274,0.152,2.44,1,21.9,571.8,1472.5,12.2,426.3,75.3,CRITICAL_DEFICIT,0
SH-VIS-2567,Visakhapatnam Sector-11 Relief Center,Visakhapatnam,Andhra Pradesh,cyclone,17.48035,83.17,150,89,0.284,5.4,0,28.9,336.7,796.6,6.6,222.7,69.81,DEFICIT,1
SH-KUT-2568,Kutch Sector-5 Relief Center,Kutch,Gujarat,earthquake,23.6208,69.74897,300,282,0.506,0.5,1,9.5,235.9,567.4,6.4,127.0,94.52,CRITICAL_DEFICIT,0
SH-KUT-2569,Kutch Sector-17 Relief Center,Kutch,Gujarat,earthquake,23.9001,69.99266,150,34,0.291,14.91,0,24.2,29.8,65.4,0.3,23.4,100.0,CRITICAL_DEFICIT,0
SH-PUR-2570,Puri Sector-12 Relief Center,Puri,Odisha,cyclone,19.62198,85.41411,500,403,0.267,4.11,1,22.5,359.2,1011.5,6.7,293.2,87.88,CRITICAL_DEFICIT,0
SH-KAZ-2571,Kaziranga Sector-3 Relief Center,Kaziranga,Assam,flood,26.2502,92.88406,300,198,0.115,1.07,1,0.0,717.6,1819.4,14.2,647.6,50.36,DEFICIT,1
SH-DAR-2572,Darbhanga Sector-9 Relief Center,Darbhanga,Bihar,flood,26.17164,85.7089,150,162,0.242,0.47,0,0.5,1045.6,2780.6,21.2,846.5,32.78,BALANCED,2
SH-WAY-2573,Wayanad Sector-12 Relief Center,Wayanad,Kerala,flood,11.70892,76.30455,800,278,0.097,16.81,0,17.7,1190.6,2657.6,24.8,657.6,60.99,DEFICIT,1
SH-PUR-2574,Puri Sector-9 Relief Center,Puri,Odisha,cyclone,19.85949,86.05599,500,396,0.437,1.11,1,0.0,624.2,1381.7,16.4,342.5,89.09,CRITICAL_DEFICIT,0
SH-WAY-2575,Wayanad Sector-7 Relief Center,Wayanad,Kerala,flood,11.63529,75.94693,300,220,0.195,0.75,1,32.6,168.2,419.9,3.3,62.8,88.87,CRITICAL_DEFICIT,0
SH-IDU-2576,Idukki Sector-9 Relief Center,Idukki,Kerala,flood,10.10662,76.70374,300,219,0.316,0.46,1,32.3,60.3,152.9,0.9,59.9,99.53,CRITICAL_DEFICIT,0
SH-WAY-2577,Wayanad Sector-4 Relief Center,Wayanad,Kerala,flood,11.70721,76.18499,500,467,0.329,1.87,1,0.7,3303.6,5984.6,52.9,2785.1,30.41,BALANCED,2
SH-CHA-2578,Chamoli Sector-3 Relief Center,Chamoli,Uttarakhand,earthquake,30.35152,79.4934,1200,810,0.061,1.26,1,5.3,6389.8,17625.8,67.5,2758.0,0.47,SURPLUS,3
SH-PUR-2579,Puri Sector-5 Relief Center,Puri,Odisha,cyclone,19.98152,85.94177,800,456,0.527,0.21,1,12.7,4369.8,7340.2,102.2,3983.4,11.74,BALANCED,2
SH-UTT-2580,Uttarkashi Sector-7 Relief Center,Uttarkashi,Uttarakhand,earthquake,30.27826,78.6774,500,261,0.146,0.55,1,20.3,1140.8,2375.0,19.0,736.8,48.23,DEFICIT,1
SH-IDU-2581,Idukki Sector-10 Relief Center,Idukki,Kerala,flood,9.87932,77.38303,150,31,0.083,0.13,1,0.0,29.3,59.1,0.4,10.9,95.1,CRITICAL_DEFICIT,0
SH-IDU-2582,Idukki Sector-19 Relief Center,Idukki,Kerala,flood,10.32027,76.72179,800,704,0.381,2.18,1,53.9,5505.0,9937.4,101.1,4597.6,31.25,BALANCED,2
SH-KAT-2583,Katihar Sector-19 Relief Center,Katihar,Bihar,flood,25.60328,87.04566,500,151,0.65,0.71,1,29.6,42.5,120.9,1.3,20.1,100.0,CRITICAL_DEFICIT,0
SH-CHA-2584,Chamoli Sector-12 Relief Center,Chamoli,Uttarakhand,earthquake,30.63685,79.24659,150,126,0.233,1.38,1,29.9,382.8,769.5,5.2,328.9,65.79,DEFICIT,1
SH-KAZ-2585,Kaziranga Sector-18 Relief Center,Kaziranga,Assam,flood,26.36418,93.55488,300,110,0.281,1.28,1,24.2,163.4,397.5,3.5,106.0,84.9,CRITICAL_DEFICIT,0
SH-PUR-2586,Puri Sector-3 Relief Center,Puri,Odisha,cyclone,19.88467,85.51627,300,48,0.348,4.55,1,37.3,152.9,251.1,2.9,121.7,72.05,CRITICAL_DEFICIT,0
SH-KAZ-2587,Kaziranga Sector-3 Relief Center,Kaziranga,Assam,flood,26.39251,93.20149,500,283,0.371,1.09,1,34.4,1042.3,2918.9,27.7,545.8,57.09,DEFICIT,1
SH-KAZ-2588,Kaziranga Sector-19 Relief Center,Kaziranga,Assam,flood,26.55282,93.2481,150,54,0.053,0.58,1,20.8,179.2,482.0,2.6,100.9,54.21,DEFICIT,1
SH-BAL-2589,Balasore Sector-1 Relief Center,Balasore,Odisha,cyclone,21.5045,87.18735,800,912,0.45,0.59,1,9.3,2887.5,7866.5,74.2,2074.3,62.25,DEFICIT,1
SH-PUR-2590,Puri Sector-2 Relief Center,Puri,Odisha,cyclone,19.425,86.07899,2000,1080,0.136,5.51,1,26.2,1561.3,2751.8,18.2,630.4,89.32,CRITICAL_DEFICIT,0
SH-KAT-2591,Katihar Sector-13 Relief Center,Katihar,Bihar,flood,25.66005,87.59757,300,113,0.141,2.01,1,19.4,84.5,230.9,1.3,78.3,89.52,CRITICAL_DEFICIT,0
SH-KAN-2592,Kangra Sector-8 Relief Center,Kangra,Himachal Pradesh,earthquake,31.81211,76.03158,150,134,0.201,0.73,1,41.4,114.9,327.7,2.4,50.8,93.67,CRITICAL_DEFICIT,0
SH-DAR-2593,Darbhanga Sector-7 Relief Center,Darbhanga,Bihar,flood,26.03192,85.83051,500,131,0.295,1.56,1,7.5,139.7,279.4,2.7,129.2,90.37,CRITICAL_DEFICIT,0
SH-DAR-2594,Darbhanga Sector-6 Relief Center,Darbhanga,Bihar,flood,26.2279,85.72708,300,41,0.322,7.84,0,50.8,147.3,250.6,3.5,62.4,85.42,CRITICAL_DEFICIT,0
SH-KAZ-2595,Kaziranga Sector-5 Relief Center,Kaziranga,Assam,flood,26.87104,93.63781,300,235,0.571,3.65,1,26.1,72.4,127.9,2.1,57.4,100.0,CRITICAL_DEFICIT,0
SH-DHU-2596,Dhubri Sector-13 Relief Center,Dhubri,Assam,flood,25.90073,89.82455,150,143,0.295,4.24,1,25.3,154.2,428.4,2.4,70.5,89.05,CRITICAL_DEFICIT,0
SH-DAR-2597,Darbhanga Sector-3 Relief Center,Darbhanga,Bihar,flood,25.94034,85.60842,150,20,0.104,1.16,1,2.7,30.7,79.8,0.5,14.6,77.12,CRITICAL_DEFICIT,0
SH-KAT-2598,Katihar Sector-2 Relief Center,Katihar,Bihar,flood,25.34434,88.33798,150,49,0.209,2.44,1,17.4,435.0,806.8,4.8,375.6,7.63,BALANCED,2
SH-VIS-2599,Visakhapatnam Sector-9 Relief Center,Visakhapatnam,Andhra Pradesh,cyclone,17.56607,82.9149,800,403,0.309,11.14,1,24.0,668.5,1484.8,17.8,504.4,85.41,CRITICAL_DEFICIT,0
SH-PUR-2600,Puri Sector-19 Relief Center,Puri,Odisha,cyclone,19.45154,86.28814,150,186,0.282,0.24,1,51.8,2005.3,3723.0,51.7,1971.7,2.43,SURPLUS,3
SH-KAN-2601,Kangra Sector-12 Relief Center,Kangra,Himachal Pradesh,earthquake,32.21499,76.30525,2000,812,0.353,0.42,1,27.9,10191.0,27716.7,264.2,9968.0,4.8,SURPLUS,3
SH-KAT-2602,Katihar Sector-5 Relief Center,Katihar,Bihar,flood,25.71896,87.51255,800,951,0.31,2.94,1,44.0,943.0,2574.2,23.6,914.1,90.04,CRITICAL_DEFICIT,0
SH-UTT-2603,Uttarkashi Sector-12 Relief Center,Uttarkashi,Uttarakhand,earthquake,30.6349,78.32851,300,149,0.296,2.66,0,3.1,147.4,248.9,2.4,111.1,100.0,CRITICAL_DEFICIT,0
SH-IDU-2604,Idukki Sector-12 Relief Center,Idukki,Kerala,flood,9.76188,77.42806,300,191,0.236,0.94,1,13.1,693.0,1761.3,14.0,483.6,55.71,DEFICIT,1
SH-DAR-2605,Darbhanga Sector-12 Relief Center,Darbhanga,Bihar,flood,25.86418,86.01117,1200,262,0.135,0.93,1,8.7,1007.9,2966.4,20.0,884.3,55.68,DEFICIT,1
SH-KAT-2606,Katihar Sector-2 Relief Center,Katihar,Bihar,flood,25.37436,87.36959,300,131,0.18,5.58,1,40.0,278.2,485.7,6.4,165.1,79.22,CRITICAL_DEFICIT,0
SH-KUT-2607,Kutch Sector-10 Relief Center,Kutch,Gujarat,earthquake,24.02813,70.08587,300,161,0.279,2.19,1,24.6,536.1,1121.7,11.8,433.4,66.13,DEFICIT,1
SH-VIS-2608,Visakhapatnam Sector-1 Relief Center,Visakhapatnam,Andhra Pradesh,cyclone,17.57492,82.965,1200,866,0.298,2.11,0,37.8,3567.0,7112.6,64.4,2003.6,74.86,CRITICAL_DEFICIT,0
SH-IDU-2609,Idukki Sector-19 Relief Center,Idukki,Kerala,flood,9.62022,76.96227,150,54,0.555,2.6,1,4.0,351.5,952.1,6.3,227.4,24.54,BALANCED,2
SH-WAY-2610,Wayanad Sector-1 Relief Center,Wayanad,Kerala,flood,11.71643,76.35889,300,75,0.186,1.86,1,54.6,749.1,1751.6,9.0,746.9,0.0,SURPLUS,3
SH-UTT-2611,Uttarkashi Sector-13 Relief Center,Uttarkashi,Uttarakhand,earthquake,30.7084,77.98483,300,138,0.149,1.02,1,31.2,460.2,1261.4,8.2,263.2,58.67,DEFICIT,1
SH-CHA-2612,Chamoli Sector-2 Relief Center,Chamoli,Uttarakhand,earthquake,30.62966,79.29762,150,54,0.394,0.92,1,23.9,13.0,24.3,0.3,9.5,100.0,CRITICAL_DEFICIT,0
SH-KAN-2613,Kangra Sector-11 Relief Center,Kangra,Himachal Pradesh,earthquake,31.74353,76.31298,150,62,0.247,0.92,1,0.0,18.8,50.3,0.4,10.4,100.0,CRITICAL_DEFICIT,0
SH-KAZ-2614,Kaziranga Sector-3 Relief Center,Kaziranga,Assam,flood,26.60823,93.19431,800,721,0.39,6.3,1,13.8,175.1,337.4,2.4,101.7,100.0,CRITICAL_DEFICIT,0
SH-KUT-2615,Kutch Sector-9 Relief Center,Kutch,Gujarat,earthquake,23.71373,69.90079,2000,971,0.131,0.39,1,29.1,762.8,1247.8,16.4,633.3,91.15,CRITICAL_DEFICIT,0
SH-IDU-2616,Idukki Sector-2 Relief Center,Idukki,Kerala,flood,9.97733,77.34172,300,236,0.367,0.22,0,31.8,233.3,670.0,3.8,220.0,100.0,CRITICAL_DEFICIT,0
SH-IDU-2617,Idukki Sector-4 Relief Center,Idukki,Kerala,flood,10.12907,76.96587,150,188,0.339,1.13,0,11.6,154.5,431.6,2.9,138.4,100.0,CRITICAL_DEFICIT,0
SH-KAZ-2618,Kaziranga Sector-9 Relief Center,Kaziranga,Assam,flood,26.35098,93.31703,300,207,0.192,0.5,0,9.9,787.5,1996.6,9.2,550.2,68.92,DEFICIT,1
SH-WAY-2619,Wayanad Sector-11 Relief Center,Wayanad,Kerala,flood,10.95348,76.38729,800,403,0.332,0.16,1,7.1,109.3,296.7,1.9,86.7,100.0,CRITICAL_DEFICIT,0
SH-KAT-2620,Katihar Sector-3 Relief Center,Katihar,Bihar,flood,25.69212,87.7592,300,234,0.416,2.37,0,31.3,1619.6,3363.5,28.9,933.3,39.46,BALANCED,2
SH-DAR-2621,Darbhanga Sector-8 Relief Center,Darbhanga,Bihar,flood,25.90311,85.99941,300,333,0.605,1.98,1,55.8,88.1,173.7,1.8,43.4,100.0,CRITICAL_DEFICIT,0
SH-DAR-2622,Darbhanga Sector-17 Relief Center,Darbhanga,Bihar,flood,25.93014,85.70868,1200,563,0.384,3.91,1,2.7,853.2,1934.3,14.8,798.2,85.44,CRITICAL_DEFICIT,0
SH-SOU-2623,South 24 Parganas Sector-6 Relief Center,South 24 Parganas,West Bengal,cyclone,22.02013,88.3686,1200,355,0.05,4.26,0,0.0,1168.2,2507.5,16.9,651.8,73.61,CRITICAL_DEFICIT,0
SH-KUT-2624,Kutch Sector-1 Relief Center,Kutch,Gujarat,earthquake,24.02638,70.06883,300,199,0.274,6.19,0,8.0,162.0,275.6,2.4,142.0,100.0,CRITICAL_DEFICIT,0
SH-UTT-2625,Uttarkashi Sector-15 Relief Center,Uttarkashi,Uttarakhand,earthquake,30.76272,78.57975,500,476,0.209,0.93,1,0.0,390.4,1120.7,7.5,152.5,93.25,CRITICAL_DEFICIT,0
SH-KAN-2626,Kangra Sector-6 Relief Center,Kangra,Himachal Pradesh,earthquake,31.69962,76.52114,500,77,0.095,0.25,0,22.3,26.7,46.1,0.5,24.3,100.0,CRITICAL_DEFICIT,0
SH-UTT-2627,Uttarkashi Sector-3 Relief Center,Uttarkashi,Uttarakhand,earthquake,30.78033,78.86078,300,31,0.289,2.77,0,35.0,130.8,231.9,3.0,61.5,76.0,CRITICAL_DEFICIT,0
SH-SOU-2628,South 24 Parganas Sector-5 Relief Center,South 24 Parganas,West Bengal,cyclone,21.94438,88.63569,500,265,0.65,1.7,1,16.8,1175.9,3251.0,29.3,393.8,48.62,DEFICIT,1
SH-KAZ-2629,Kaziranga Sector-9 Relief Center,Kaziranga,Assam,flood,26.43962,93.23855,2000,2121,0.558,1.05,1,47.3,3547.5,7680.8,92.1,2557.3,85.26,CRITICAL_DEFICIT,0
SH-DHU-2630,Dhubri Sector-16 Relief Center,Dhubri,Assam,flood,26.67517,89.56485,150,38,0.218,0.2,1,18.8,9.9,24.5,0.2,8.9,100.0,CRITICAL_DEFICIT,0
SH-KUT-2631,Kutch Sector-18 Relief Center,Kutch,Gujarat,earthquake,23.75805,69.64715,800,662,0.086,0.05,1,0.0,1236.4,2150.6,12.0,558.5,81.42,CRITICAL_DEFICIT,0
SH-PUR-2632,Puri Sector-18 Relief Center,Puri,Odisha,cyclone,20.03808,85.94095,300,144,0.141,1.18,1,33.2,37.1,104.5,0.5,30.3,97.75,CRITICAL_DEFICIT,0
SH-BAL-2633,Balasore Sector-5 Relief Center,Balasore,Odisha,cyclone,21.46501,86.86102,300,145,0.113,0.08,1,25.9,44.4,117.3,0.6,16.1,98.18,CRITICAL_DEFICIT,0
SH-IDU-2634,Idukki Sector-15 Relief Center,Idukki,Kerala,flood,9.89081,77.00134,300,154,0.079,0.35,1,35.0,48.6,146.8,0.8,46.1,100.0,CRITICAL_DEFICIT,0
SH-BAL-2635,Balasore Sector-19 Relief Center,Balasore,Odisha,cyclone,21.56621,86.74643,300,229,0.163,4.14,0,49.0,231.1,458.8,3.2,170.8,100.0,CRITICAL_DEFICIT,0
SH-CHA-2636,Chamoli Sector-15 Relief Center,Chamoli,Uttarakhand,earthquake,30.78853,79.21634,2000,2197,0.074,6.75,0,26.1,1594.8,4227.4,23.6,1554.3,100.0,CRITICAL_DEFICIT,0
SH-CHA-2637,Chamoli Sector-14 Relief Center,Chamoli,Uttarakhand,earthquake,30.31803,79.28844,300,138,0.126,8.69,1,43.8,498.9,972.0,6.8,221.7,59.98,DEFICIT,1
SH-CHA-2638,Chamoli Sector-2 Relief Center,Chamoli,Uttarakhand,earthquake,30.72121,79.48283,1200,680,0.357,1.02,1,31.8,563.5,1417.9,14.3,264.9,92.98,CRITICAL_DEFICIT,0
SH-KAZ-2639,Kaziranga Sector-2 Relief Center,Kaziranga,Assam,flood,26.5456,93.33593,800,411,0.339,1.31,1,8.7,2709.4,7072.8,74.2,1796.4,17.3,BALANCED,2
SH-KAZ-2640,Kaziranga Sector-2 Relief Center,Kaziranga,Assam,flood,26.55916,92.77718,800,873,0.164,6.22,0,0.0,1475.9,2561.6,24.4,1253.9,98.24,CRITICAL_DEFICIT,0
SH-VIS-2641,Visakhapatnam Sector-6 Relief Center,Visakhapatnam,Andhra Pradesh,cyclone,17.89521,82.74276,150,69,0.389,0.17,0,40.8,264.4,454.7,6.4,193.5,84.85,CRITICAL_DEFICIT,0
SH-KAN-2642,Kangra Sector-2 Relief Center,Kangra,Himachal Pradesh,earthquake,32.34667,76.31699,1200,1192,0.243,1.03,0,43.3,1731.0,3620.8,34.0,747.8,96.19,CRITICAL_DEFICIT,0
SH-CHA-2643,Chamoli Sector-11 Relief Center,Chamoli,Uttarakhand,earthquake,30.68821,79.19581,500,137,0.271,0.74,1,3.3,259.2,423.9,3.4,123.9,87.79,CRITICAL_DEFICIT,0
SH-BAL-2644,Balasore Sector-1 Relief Center,Balasore,Odisha,cyclone,21.5235,87.00736,500,297,0.447,3.22,0,44.2,285.1,519.7,6.0,273.4,100.0,CRITICAL_DEFICIT,0
SH-KAN-2645,Kangra Sector-15 Relief Center,Kangra,Himachal Pradesh,earthquake,31.98616,75.74986,150,85,0.122,0.14,1,0.0,156.8,411.2,1.7,104.5,72.77,CRITICAL_DEFICIT,0
SH-KAN-2646,Kangra Sector-11 Relief Center,Kangra,Himachal Pradesh,earthquake,32.22375,76.5296,1200,1073,0.096,1.11,1,1.8,1643.2,2891.5,32.9,1570.4,85.13,CRITICAL_DEFICIT,0
SH-KUT-2647,Kutch Sector-12 Relief Center,Kutch,Gujarat,earthquake,23.93976,69.79576,800,83,0.297,1.24,0,37.7,87.1,244.6,2.2,46.3,99.09,CRITICAL_DEFICIT,0
SH-VIS-2648,Visakhapatnam Sector-14 Relief Center,Visakhapatnam,Andhra Pradesh,cyclone,17.81825,82.96069,300,244,0.43,8.85,1,9.5,1065.6,2324.6,18.8,704.0,55.6,DEFICIT,1
SH-SOU-2649,South 24 Parganas Sector-14 Relief Center,South 24 Parganas,West Bengal,cyclone,22.11412,88.3183,500,273,0.236,2.69,1,47.5,1709.6,3767.8,38.1,1366.2,17.89,BALANCED,2
SH-PUR-2650,Puri Sector-14 Relief Center,Puri,Odisha,cyclone,19.86723,85.66139,150,76,0.212,1.48,1,19.0,113.7,196.3,2.0,80.4,85.61,CRITICAL_DEFICIT,0
SH-DHU-2651,Dhubri Sector-12 Relief Center,Dhubri,Assam,flood,26.15712,89.94055,800,152,0.199,0.28,0,59.1,851.6,2181.8,10.8,650.8,41.97,DEFICIT,1
SH-BAL-2652,Balasore Sector-16 Relief Center,Balasore,Odisha,cyclone,21.5951,86.97181,300,117,0.489,0.84,1,36.9,376.6,996.7,6.9,374.6,61.22,DEFICIT,1
SH-KAT-2653,Katihar Sector-18 Relief Center,Katihar,Bihar,flood,25.56412,87.65858,1200,959,0.422,7.94,1,26.9,890.8,2678.0,22.4,364.7,91.3,CRITICAL_DEFICIT,0
SH-KUT-2654,Kutch Sector-2 Relief Center,Kutch,Gujarat,earthquake,24.12256,69.99849,500,534,0.05,1.43,1,28.6,132.8,220.9,1.9,99.0,100.0,CRITICAL_DEFICIT,0
SH-DHU-2655,Dhubri Sector-16 Relief Center,Dhubri,Assam,flood,25.88678,90.26524,300,93,0.132,0.49,1,0.0,29.8,88.5,0.5,13.9,97.37,CRITICAL_DEFICIT,0
SH-UTT-2656,Uttarkashi Sector-7 Relief Center,Uttarkashi,Uttarakhand,earthquake,31.03487,78.63529,300,222,0.271,3.34,1,34.6,348.7,867.4,5.0,232.9,79.23,CRITICAL_DEFICIT,0
SH-PUR-2657,Puri Sector-12 Relief Center,Puri,Odisha,cyclone,19.68011,85.73661,500,504,0.23,3.51,1,29.8,6051.1,14186.4,127.6,4999.2,1.18,SURPLUS,3
SH-VIS-2658,Visakhapatnam Sector-11 Relief Center,Visakhapatnam,Andhra Pradesh,cyclone,17.86502,82.78157,150,47,0.085,1.46,1,19.8,74.3,168.4,1.4,38.0,82.88,CRITICAL_DEFICIT,0
SH-KAZ-2659,Kaziranga Sector-18 Relief Center,Kaziranga,Assam,flood,27.09026,92.56422,300,173,0.071,7.8,1,30.6,353.4,827.5,4.1,309.3,75.79,CRITICAL_DEFICIT,0
SH-DHU-2660,Dhubri Sector-2 Relief Center,Dhubri,Assam,flood,25.89955,90.17997,1200,1137,0.441,5.83,0,46.3,370.3,867.1,9.8,291.1,100.0,CRITICAL_DEFICIT,0
SH-IDU-2661,Idukki Sector-5 Relief Center,Idukki,Kerala,flood,9.97793,77.05741,300,57,0.444,3.4,1,54.5,14.4,42.9,0.3,7.2,96.12,CRITICAL_DEFICIT,0
SH-UTT-2662,Uttarkashi Sector-19 Relief Center,Uttarkashi,Uttarakhand,earthquake,30.32484,78.27449,500,123,0.121,0.16,1,20.7,89.0,194.2,1.6,86.3,88.91,CRITICAL_DEFICIT,0
SH-VIS-2663,Visakhapatnam Sector-16 Relief Center,Visakhapatnam,Andhra Pradesh,cyclone,17.89926,83.68062,800,593,0.331,1.44,1,45.4,1055.6,1873.0,24.0,862.3,82.11,CRITICAL_DEFICIT,0
SH-UTT-2664,Uttarkashi Sector-10 Relief Center,Uttarkashi,Uttarakhand,earthquake,30.8463,78.5172,800,748,0.297,0.69,1,19.0,6457.3,14805.1,103.0,5279.4,8.63,SURPLUS,3
SH-KAT-2665,Katihar Sector-16 Relief Center,Katihar,Bihar,flood,25.85384,87.55636,300,167,0.243,6.35,0,0.0,1057.3,1948.9,14.5,684.3,53.25,DEFICIT,1
SH-IDU-2666,Idukki Sector-2 Relief Center,Idukki,Kerala,flood,10.09077,76.48561,300,315,0.069,3.62,0,31.1,1181.3,2250.3,17.0,639.5,72.67,CRITICAL_DEFICIT,0
SH-WAY-2667,Wayanad Sector-7 Relief Center,Wayanad,Kerala,flood,11.78925,76.15789,300,93,0.191,1.48,0,14.0,293.3,659.9,7.0,177.9,72.18,CRITICAL_DEFICIT,0
SH-IDU-2668,Idukki Sector-6 Relief Center,Idukki,Kerala,flood,9.63949,77.38425,800,709,0.144,0.88,1,27.1,1424.6,2620.1,16.8,666.6,81.07,CRITICAL_DEFICIT,0
SH-DHU-2669,Dhubri Sector-18 Relief Center,Dhubri,Assam,flood,25.90089,90.01379,300,249,0.614,0.02,1,0.0,1064.0,3056.4,26.5,956.0,42.78,DEFICIT,1
SH-KAZ-2670,Kaziranga Sector-19 Relief Center,Kaziranga,Assam,flood,26.74754,93.45587,2000,1710,0.221,2.54,1,4.9,12059.3,32891.4,252.7,8931.8,4.58,BALANCED,2
SH-KAN-2671,Kangra Sector-1 Relief Center,Kangra,Himachal Pradesh,earthquake,32.40432,76.2684,300,72,0.359,7.09,0,37.4,52.1,117.9,1.3,39.4,100.0,CRITICAL_DEFICIT,0
SH-SOU-2672,South 24 Parganas Sector-13 Relief Center,South 24 Parganas,West Bengal,cyclone,22.03094,88.48429,300,240,0.124,1.06,1,41.2,1662.9,4123.1,30.8,719.4,11.35,BALANCED,2
SH-CHA-2673,Chamoli Sector-10 Relief Center,Chamoli,Uttarakhand,earthquake,30.387,78.97939,300,307,0.301,4.17,1,5.6,1160.7,3212.1,27.8,747.7,53.4,DEFICIT,1
SH-PUR-2674,Puri Sector-18 Relief Center,Puri,Odisha,cyclone,19.81944,85.71202,150,56,0.412,2.03,1,27.1,697.7,1748.6,15.1,586.4,5.54,SURPLUS,3
SH-DAR-2675,Darbhanga Sector-1 Relief Center,Darbhanga,Bihar,flood,26.46167,85.72188,800,711,0.095,0.26,0,39.0,2341.6,5572.6,33.8,1484.7,72.2,CRITICAL_DEFICIT,0
SH-IDU-2676,Idukki Sector-15 Relief Center,Idukki,Kerala,flood,10.04784,76.7571,300,169,0.093,7.01,1,43.8,613.6,1749.8,6.1,412.8,50.07,DEFICIT,1
SH-KAN-2677,Kangra Sector-10 Relief Center,Kangra,Himachal Pradesh,earthquake,32.43307,75.94141,150,115,0.125,1.1,0,31.8,728.4,1248.8,10.4,667.9,59.77,DEFICIT,1
SH-KAN-2678,Kangra Sector-17 Relief Center,Kangra,Himachal Pradesh,earthquake,31.74295,75.98061,300,250,0.216,2.4,1,0.8,2384.1,5156.7,41.5,1970.2,0.73,SURPLUS,3
SH-PUR-2679,Puri Sector-16 Relief Center,Puri,Odisha,cyclone,19.84264,85.10585,800,334,0.407,7.53,0,17.4,87.2,176.9,2.4,77.4,100.0,CRITICAL_DEFICIT,0
SH-CHA-2680,Chamoli Sector-4 Relief Center,Chamoli,Uttarakhand,earthquake,30.77991,79.27315,150,94,0.54,0.67,1,25.4,101.3,267.5,2.3,94.7,90.77,CRITICAL_DEFICIT,0
SH-BAL-2681,Balasore Sector-18 Relief Center,Balasore,Odisha,cyclone,21.30686,86.31438,300,289,0.202,2.06,1,38.7,222.6,480.9,2.6,120.9,98.09,CRITICAL_DEFICIT,0
SH-CHA-2682,Chamoli Sector-19 Relief Center,Chamoli,Uttarakhand,earthquake,30.98845,79.32489,300,276,0.338,5.34,1,48.2,278.7,541.7,6.0,237.9,91.38,CRITICAL_DEFICIT,0
SH-WAY-2683,Wayanad Sector-1 Relief Center,Wayanad,Kerala,flood,11.34086,76.37223,500,382,0.303,0.76,1,23.2,329.0,880.9,8.5,146.2,91.86,CRITICAL_DEFICIT,0
SH-IDU-2684,Idukki Sector-1 Relief Center,Idukki,Kerala,flood,9.40133,76.93419,500,394,0.334,1.06,0,32.5,2851.1,6218.1,59.6,1527.3,26.35,BALANCED,2
SH-KAZ-2685,Kaziranga Sector-10 Relief Center,Kaziranga,Assam,flood,27.02062,93.19311,300,187,0.216,0.1,1,47.0,180.7,487.3,4.2,126.2,91.31,CRITICAL_DEFICIT,0
SH-WAY-2686,Wayanad Sector-5 Relief Center,Wayanad,Kerala,flood,11.88283,76.00403,300,210,0.394,0.3,1,32.5,361.5,921.6,7.7,150.7,83.14,CRITICAL_DEFICIT,0
SH-DAR-2687,Darbhanga Sector-7 Relief Center,Darbhanga,Bihar,flood,25.97231,85.82488,300,132,0.361,2.87,1,40.4,106.8,243.9,1.7,41.5,94.67,CRITICAL_DEFICIT,0
SH-DHU-2688,Dhubri Sector-3 Relief Center,Dhubri,Assam,flood,26.29942,89.78546,300,218,0.359,0.44,1,52.8,455.5,775.0,7.5,218.4,82.02,CRITICAL_DEFICIT,0
SH-UTT-2689,Uttarkashi Sector-18 Relief Center,Uttarkashi,Uttarakhand,earthquake,30.64357,78.42935,300,88,0.127,1.78,1,48.6,80.8,200.7,1.7,62.2,89.3,CRITICAL_DEFICIT,0
SH-PUR-2690,Puri Sector-13 Relief Center,Puri,Odisha,cyclone,20.26177,86.05948,150,97,0.08,4.93,0,17.9,88.7,230.4,1.0,61.0,100.0,CRITICAL_DEFICIT,0
SH-KAT-2691,Katihar Sector-9 Relief Center,Katihar,Bihar,flood,25.66741,87.68523,500,101,0.215,1.65,0,0.0,102.8,303.3,1.9,60.7,100.0,CRITICAL_DEFICIT,0
SH-SOU-2692,South 24 Parganas Sector-5 Relief Center,South 24 Parganas,West Bengal,cyclone,22.5165,88.45786,300,117,0.437,1.07,1,12.7,904.8,2535.6,25.1,741.7,3.87,SURPLUS,3
SH-CHA-2693,Chamoli Sector-19 Relief Center,Chamoli,Uttarakhand,earthquake,30.78811,79.4085,150,175,0.29,1.49,1,13.3,184.8,383.9,4.2,97.4,93.77,CRITICAL_DEFICIT,0
SH-KUT-2694,Kutch Sector-13 Relief Center,Kutch,Gujarat,earthquake,23.77125,69.72971,300,147,0.201,1.26,0,21.7,464.9,1036.5,10.9,447.9,77.69,CRITICAL_DEFICIT,0
SH-SOU-2695,South 24 Parganas Sector-12 Relief Center,South 24 Parganas,West Bengal,cyclone,22.31304,88.50797,300,112,0.328,1.67,1,5.6,33.1,58.5,0.6,13.6,100.0,CRITICAL_DEFICIT,0
SH-KAT-2696,Katihar Sector-2 Relief Center,Katihar,Bihar,flood,25.73249,87.6573,300,301,0.276,3.26,1,1.2,247.3,601.4,6.4,146.8,92.57,CRITICAL_DEFICIT,0
SH-UTT-2697,Uttarkashi Sector-4 Relief Center,Uttarkashi,Uttarakhand,earthquake,30.78007,78.46918,300,185,0.308,0.72,1,5.4,50.9,132.2,1.4,45.9,98.46,CRITICAL_DEFICIT,0
SH-KAT-2698,Katihar Sector-2 Relief Center,Katihar,Bihar,flood,26.02171,87.02067,150,96,0.221,0.34,0,42.6,26.2,70.7,0.6,11.7,100.0,CRITICAL_DEFICIT,0
SH-SOU-2699,South 24 Parganas Sector-6 Relief Center,South 24 Parganas,West Bengal,cyclone,22.06817,88.43962,1200,508,0.076,0.98,1,22.4,1087.2,3199.1,18.0,785.7,71.02,CRITICAL_DEFICIT,0
SH-IDU-2700,Idukki Sector-15 Relief Center,Idukki,Kerala,flood,10.17344,77.59354,500,29,0.217,5.34,0,23.5,59.1,123.9,0.6,32.7,95.55,CRITICAL_DEFICIT,0
SH-CHA-2701,Chamoli Sector-18 Relief Center,Chamoli,Uttarakhand,earthquake,30.30801,79.42754,800,670,0.191,1.59,1,18.8,1006.2,2805.5,23.4,735.4,79.63,CRITICAL_DEFICIT,0
SH-DAR-2702,Darbhanga Sector-8 Relief Center,Darbhanga,Bihar,flood,25.79748,85.93584,500,251,0.15,2.39,1,26.3,814.9,1635.2,13.5,279.0,65.25,DEFICIT,1
SH-BAL-2703,Balasore Sector-6 Relief Center,Balasore,Odisha,cyclone,21.86749,86.88605,500,286,0.101,1.03,1,15.1,472.4,1401.0,9.1,208.2,77.69,CRITICAL_DEFICIT,0
SH-DAR-2704,Darbhanga Sector-13 Relief Center,Darbhanga,Bihar,flood,26.14289,85.91675,500,624,0.132,1.14,1,48.6,1058.0,1962.8,17.7,774.8,83.12,CRITICAL_DEFICIT,0
SH-CHA-2705,Chamoli Sector-2 Relief Center,Chamoli,Uttarakhand,earthquake,30.27203,79.57653,300,49,0.404,1.66,1,28.1,159.0,330.8,2.8,112.3,69.01,DEFICIT,1
SH-KAN-2706,Kangra Sector-2 Relief Center,Kangra,Himachal Pradesh,earthquake,32.22691,76.02395,500,264,0.194,0.32,0,50.0,191.8,324.0,3.9,142.4,100.0,CRITICAL_DEFICIT,0
SH-KAT-2707,Katihar Sector-9 Relief Center,Katihar,Bihar,flood,25.81995,87.24487,500,353,0.292,2.33,1,17.0,275.3,828.0,3.7,272.2,95.19,CRITICAL_DEFICIT,0
SH-KUT-2708,Kutch Sector-14 Relief Center,Kutch,Gujarat,earthquake,23.43979,69.6475,2000,989,0.416,3.56,0,40.1,4238.5,11957.3,103.9,4116.9,65.83,DEFICIT,1
SH-IDU-2709,Idukki Sector-5 Relief Center,Idukki,Kerala,flood,9.511,76.95877,150,47,0.234,3.07,0,36.1,35.7,105.6,0.7,35.0,100.0,CRITICAL_DEFICIT,0
SH-IDU-2710,Idukki Sector-19 Relief Center,Idukki,Kerala,flood,10.19304,76.73766,800,737,0.278,5.01,0,20.9,701.3,1266.5,10.2,595.1,100.0,CRITICAL_DEFICIT,0
SH-KUT-2711,Kutch Sector-6 Relief Center,Kutch,Gujarat,earthquake,23.87157,70.07931,500,143,0.272,0.77,1,0.8,146.6,261.8,3.7,85.4,92.17,CRITICAL_DEFICIT,0
SH-PUR-2712,Puri Sector-19 Relief Center,Puri,Odisha,cyclone,19.88716,85.88466,300,27,0.433,3.61,0,17.3,147.3,407.9,3.3,109.9,41.91,DEFICIT,1
SH-SOU-2713,South 24 Parganas Sector-5 Relief Center,South 24 Parganas,West Bengal,cyclone,22.33878,88.58047,150,20,0.163,0.77,1,30.1,41.7,98.4,1.0,35.9,74.51,CRITICAL_DEFICIT,0
SH-IDU-2714,Idukki Sector-17 Relief Center,Idukki,Kerala,flood,10.04971,77.07863,300,268,0.316,1.54,0,25.3,287.9,471.8,3.7,281.7,100.0,CRITICAL_DEFICIT,0
SH-DAR-2715,Darbhanga Sector-10 Relief Center,Darbhanga,Bihar,flood,26.11476,85.61421,1200,432,0.356,7.22,1,0.0,3474.1,10200.5,71.1,2787.1,3.36,SURPLUS,3
SH-VIS-2716,Visakhapatnam Sector-18 Relief Center,Visakhapatnam,Andhra Pradesh,cyclone,17.84589,83.23637,150,166,0.167,1.59,1,66.3,499.1,836.8,9.1,227.0,75.14,CRITICAL_DEFICIT,0
SH-KUT-2717,Kutch Sector-14 Relief Center,Kutch,Gujarat,earthquake,23.92835,69.71305,500,474,0.215,6.62,1,26.3,3073.0,5457.0,45.6,2437.3,37.82,BALANCED,2
SH-CHA-2718,Chamoli Sector-1 Relief Center,Chamoli,Uttarakhand,earthquake,30.45415,79.67616,300,339,0.319,3.67,0,22.5,1175.7,2497.8,17.4,941.9,69.71,DEFICIT,1
SH-KAZ-2719,Kaziranga Sector-12 Relief Center,Kaziranga,Assam,flood,26.27265,93.07689,300,93,0.255,2.53,1,45.3,390.1,951.4,10.0,140.2,47.99,DEFICIT,1
SH-BAL-2720,Balasore Sector-6 Relief Center,Balasore,Odisha,cyclone,21.48169,87.68788,800,306,0.219,0.88,1,22.5,3135.0,8821.8,76.4,1091.9,7.41,SURPLUS,3
SH-KAN-2721,Kangra Sector-10 Relief Center,Kangra,Himachal Pradesh,earthquake,32.24061,76.15029,150,106,0.199,1.56,1,28.5,111.2,226.5,1.5,51.5,88.22,CRITICAL_DEFICIT,0
SH-PUR-2722,Puri Sector-13 Relief Center,Puri,Odisha,cyclone,19.32681,86.17953,300,102,0.432,2.65,1,64.2,30.5,64.1,0.4,21.3,99.92,CRITICAL_DEFICIT,0
SH-CHA-2723,Chamoli Sector-16 Relief Center,Chamoli,Uttarakhand,earthquake,30.5425,79.51676,300,239,0.222,0.51,0,30.9,1056.4,2196.0,14.9,609.6,64.84,DEFICIT,1
SH-KAN-2724,Kangra Sector-12 Relief Center,Kangra,Himachal Pradesh,earthquake,32.35198,76.07371,150,125,0.183,0.11,1,21.2,38.3,70.0,0.7,35.6,99.11,CRITICAL_DEFICIT,0
SH-CHA-2725,Chamoli Sector-9 Relief Center,Chamoli,Uttarakhand,earthquake,30.57337,79.48129,300,84,0.43,0.01,0,31.7,338.1,596.9,9.3,309.9,80.38,CRITICAL_DEFICIT,0
SH-IDU-2726,Idukki Sector-16 Relief Center,Idukki,Kerala,flood,9.71674,77.33057,500,158,0.182,0.72,1,0.1,919.9,1661.1,10.6,352.1,40.26,DEFICIT,1
SH-VIS-2727,Visakhapatnam Sector-19 Relief Center,Visakhapatnam,Andhra Pradesh,cyclone,17.48122,83.37196,500,93,0.133,1.5,1,11.8,284.2,655.3,5.7,195.3,62.99,DEFICIT,1
SH-UTT-2728,Uttarkashi Sector-1 Relief Center,Uttarkashi,Uttarakhand,earthquake,30.18267,78.38376,300,34,0.486,0.33,1,30.4,60.3,159.2,1.0,34.7,73.2,CRITICAL_DEFICIT,0
SH-KAZ-2729,Kaziranga Sector-12 Relief Center,Kaziranga,Assam,flood,26.5921,92.86521,300,86,0.464,4.17,0,33.4,23.2,42.8,0.5,21.9,100.0,CRITICAL_DEFICIT,0
SH-WAY-2730,Wayanad Sector-1 Relief Center,Wayanad,Kerala,flood,12.08092,76.05171,300,267,0.218,1.49,0,41.1,280.0,554.6,6.0,180.7,100.0,CRITICAL_DEFICIT,0
SH-IDU-2731,Idukki Sector-14 Relief Center,Idukki,Kerala,flood,9.70726,76.83506,300,173,0.05,1.34,1,0.0,713.3,1635.5,6.2,596.1,47.35,DEFICIT,1
SH-WAY-2732,Wayanad Sector-7 Relief Center,Wayanad,Kerala,flood,11.85786,75.99765,2000,971,0.138,3.27,0,62.8,265.4,581.3,4.8,158.5,100.0,CRITICAL_DEFICIT,0
SH-WAY-2733,Wayanad Sector-4 Relief Center,Wayanad,Kerala,flood,11.97369,75.86886,150,143,0.4,0.95,1,52.2,153.8,399.1,2.3,65.4,86.8,CRITICAL_DEFICIT,0
SH-DAR-2734,Darbhanga Sector-14 Relief Center,Darbhanga,Bihar,flood,26.54182,85.83407,300,369,0.153,3.53,1,33.5,576.3,1000.5,11.2,496.9,89.43,CRITICAL_DEFICIT,0
SH-DHU-2735,Dhubri Sector-13 Relief Center,Dhubri,Assam,flood,26.0098,89.75781,1200,1202,0.159,1.99,1,6.1,1151.8,2128.3,22.1,929.1,89.77,CRITICAL_DEFICIT,0
SH-KAZ-2736,Kaziranga Sector-10 Relief Center,Kaziranga,Assam,flood,26.19815,93.38425,300,241,0.482,3.38,1,19.7,806.7,1373.9,12.0,406.9,71.35,CRITICAL_DEFICIT,0
SH-DHU-2737,Dhubri Sector-12 Relief Center,Dhubri,Assam,flood,26.22261,89.99822,300,310,0.05,0.45,1,24.4,328.9,716.1,4.3,244.8,87.62,CRITICAL_DEFICIT,0
SH-WAY-2738,Wayanad Sector-16 Relief Center,Wayanad,Kerala,flood,12.1006,76.14243,800,287,0.114,0.24,1,3.3,292.9,664.4,4.1,219.1,82.76,CRITICAL_DEFICIT,0
SH-BAL-2739,Balasore Sector-1 Relief Center,Balasore,Odisha,cyclone,20.89426,87.12886,500,498,0.05,4.61,1,12.2,428.4,1177.9,7.1,257.3,92.09,CRITICAL_DEFICIT,0
SH-IDU-2740,Idukki Sector-7 Relief Center,Idukki,Kerala,flood,10.00245,76.928,150,113,0.172,0.45,1,59.2,97.6,237.1,2.0,53.3,94.88,CRITICAL_DEFICIT,0
SH-VIS-2741,Visakhapatnam Sector-17 Relief Center,Visakhapatnam,Andhra Pradesh,cyclone,17.83252,83.09946,150,40,0.623,2.17,1,17.0,32.2,95.5,1.1,22.4,94.81,CRITICAL_DEFICIT,0
SH-CHA-2742,Chamoli Sector-7 Relief Center,Chamoli,Uttarakhand,earthquake,30.29525,79.50096,150,163,0.253,6.02,0,3.2,605.0,1042.3,13.3,225.0,73.24,CRITICAL_DEFICIT,0
SH-WAY-2743,Wayanad Sector-8 Relief Center,Wayanad,Kerala,flood,11.63792,76.17584,500,107,0.05,1.14,0,24.5,585.8,1188.3,5.4,427.6,50.71,DEFICIT,1
SH-DAR-2744,Darbhanga Sector-18 Relief Center,Darbhanga,Bihar,flood,25.94502,85.74721,300,246,0.283,0.71,1,47.8,188.5,423.1,2.4,90.5,93.47,CRITICAL_DEFICIT,0
SH-WAY-2745,Wayanad Sector-10 Relief Center,Wayanad,Kerala,flood,11.45459,75.4237,300,211,0.177,8.84,1,34.2,71.4,133.5,1.4,24.5,98.38,CRITICAL_DEFICIT,0
SH-IDU-2746,Idukki Sector-16 Relief Center,Idukki,Kerala,flood,9.59957,77.01772,300,141,0.361,1.38,1,32.9,139.6,341.8,2.8,111.0,95.74,CRITICAL_DEFICIT,0
SH-SOU-2747,South 24 Parganas Sector-12 Relief Center,South 24 Parganas,West Bengal,cyclone,22.21105,88.1796,2000,1486,0.253,7.56,0,0.0,2990.0,6520.0,41.6,2528.3,92.39,CRITICAL_DEFICIT,0
SH-BAL-2748,Balasore Sector-16 Relief Center,Balasore,Odisha,cyclone,21.76954,87.22767,300,150,0.367,1.93,0,16.5,42.5,93.6,0.6,30.7,100.0,CRITICAL_DEFICIT,0
SH-DAR-2749,Darbhanga Sector-6 Relief Center,Darbhanga,Bihar,flood,25.97187,85.73715,500,302,0.076,3.74,1,12.3,2064.7,6233.1,36.9,1372.6,10.68,BALANCED,2
SH-DAR-2750,Darbhanga Sector-17 Relief Center,Darbhanga,Bihar,flood,25.97614,85.74576,1200,1029,0.558,0.37,1,40.6,1620.1,2710.4,27.1,1296.5,90.38,CRITICAL_DEFICIT,0
SH-SOU-2751,South 24 Parganas Sector-8 Relief Center,South 24 Parganas,West Bengal,cyclone,22.4465,88.61522,2000,1408,0.11,0.24,1,26.8,3021.7,6787.3,35.5,2378.4,78.36,CRITICAL_DEFICIT,0
SH-WAY-2752,Wayanad Sector-8 Relief Center,Wayanad,Kerala,flood,11.541,75.92098,150,148,0.367,0.43,1,37.4,224.1,639.3,4.7,207.7,87.46,CRITICAL_DEFICIT,0
SH-PUR-2753,Puri Sector-14 Relief Center,Puri,Odisha,cyclone,19.98892,85.59773,300,241,0.288,4.88,1,18.2,411.9,898.8,10.1,367.0,80.08,CRITICAL_DEFICIT,0
SH-DHU-2754,Dhubri Sector-14 Relief Center,Dhubri,Assam,flood,25.9181,89.83784,150,76,0.353,0.53,1,15.8,273.6,829.9,3.8,192.1,58.0,DEFICIT,1
SH-PUR-2755,Puri Sector-14 Relief Center,Puri,Odisha,cyclone,19.72141,85.81481,300,118,0.285,1.32,1,27.9,94.1,247.0,2.4,90.2,91.93,CRITICAL_DEFICIT,0
SH-SOU-2756,South 24 Parganas Sector-17 Relief Center,South 24 Parganas,West Bengal,cyclone,22.08887,88.89575,800,464,0.245,0.98,1,14.6,690.3,1480.7,16.6,641.1,81.13,CRITICAL_DEFICIT,0
SH-PUR-2757,Puri Sector-2 Relief Center,Puri,Odisha,cyclone,19.89623,86.28926,300,227,0.251,1.22,1,0.0,463.6,763.3,11.5,191.0,81.71,CRITICAL_DEFICIT,0
SH-BAL-2758,Balasore Sector-13 Relief Center,Balasore,Odisha,cyclone,21.37238,86.99789,500,354,0.291,0.43,0,17.3,319.6,763.6,4.8,317.2,100.0,CRITICAL_DEFICIT,0
SH-WAY-2759,Wayanad Sector-14 Relief Center,Wayanad,Kerala,flood,11.32574,75.97233,1200,655,0.483,4.37,0,22.9,7928.6,23946.0,194.4,6199.4,18.05,SURPLUS,3
SH-PUR-2760,Puri Sector-12 Relief Center,Puri,Odisha,cyclone,19.91542,85.95406,500,574,0.218,11.38,1,1.4,1151.5,2180.4,16.9,942.4,83.38,CRITICAL_DEFICIT,0
SH-WAY-2761,Wayanad Sector-10 Relief Center,Wayanad,Kerala,flood,11.44706,75.80435,300,164,0.202,0.11,0,58.7,151.0,358.9,2.9,135.7,100.0,CRITICAL_DEFICIT,0
SH-KAT-2762,Katihar Sector-3 Relief Center,Katihar,Bihar,flood,25.66486,87.36166,300,314,0.402,0.5,1,13.5,453.9,1278.0,7.9,173.0,89.78,CRITICAL_DEFICIT,0
SH-SOU-2763,South 24 Parganas Sector-5 Relief Center,South 24 Parganas,West Bengal,cyclone,22.26361,88.50883,800,212,0.608,2.15,0,1.4,410.2,992.7,7.4,231.9,94.35,CRITICAL_DEFICIT,0
SH-CHA-2764,Chamoli Sector-19 Relief Center,Chamoli,Uttarakhand,earthquake,30.53575,79.20539,300,145,0.376,1.8,1,49.7,310.4,770.4,5.4,112.4,71.53,CRITICAL_DEFICIT,0
SH-DAR-2765,Darbhanga Sector-17 Relief Center,Darbhanga,Bihar,flood,26.16338,85.84663,300,126,0.309,1.34,1,20.6,90.8,236.2,1.4,40.3,92.53,CRITICAL_DEFICIT,0
SH-KAT-2766,Katihar Sector-9 Relief Center,Katihar,Bihar,flood,25.96227,87.73914,500,411,0.384,0.41,1,17.7,885.5,1765.0,17.0,509.7,82.09,CRITICAL_DEFICIT,0
SH-KAZ-2767,Kaziranga Sector-7 Relief Center,Kaziranga,Assam,flood,26.64349,93.3783,150,103,0.227,2.65,1,30.9,30.1,61.2,0.8,28.5,96.11,CRITICAL_DEFICIT,0
SH-DAR-2768,Darbhanga Sector-11 Relief Center,Darbhanga,Bihar,flood,25.96724,85.57081,300,64,0.398,11.08,0,18.9,109.4,253.3,2.0,88.4,94.99,CRITICAL_DEFICIT,0
SH-KAT-2769,Katihar Sector-11 Relief Center,Katihar,Bihar,flood,24.96502,87.63124,300,26,0.066,1.41,1,0.3,26.7,73.4,0.3,10.2,87.2,CRITICAL_DEFICIT,0
SH-IDU-2770,Idukki Sector-14 Relief Center,Idukki,Kerala,flood,9.96697,76.66485,150,35,0.138,1.89,1,28.3,10.4,29.0,0.2,4.6,100.0,CRITICAL_DEFICIT,0
SH-CHA-2771,Chamoli Sector-17 Relief Center,Chamoli,Uttarakhand,earthquake,30.20962,79.10538,150,93,0.444,0.23,1,35.6,144.3,432.4,2.1,60.0,82.65,CRITICAL_DEFICIT,0
SH-DAR-2772,Darbhanga Sector-15 Relief Center,Darbhanga,Bihar,flood,25.82676,86.03218,500,118,0.415,0.54,1,25.8,253.1,603.9,3.4,169.1,79.89,CRITICAL_DEFICIT,0
SH-VIS-2773,Visakhapatnam Sector-1 Relief Center,Visakhapatnam,Andhra Pradesh,cyclone,17.60204,83.0624,150,101,0.357,0.24,1,4.4,26.4,47.0,0.4,26.3,100.0,CRITICAL_DEFICIT,0
SH-KAN-2774,Kangra Sector-16 Relief Center,Kangra,Himachal Pradesh,earthquake,32.03256,76.2998,300,178,0.244,3.81,1,23.4,540.2,1415.5,7.7,260.1,60.31,DEFICIT,1
SH-IDU-2775,Idukki Sector-14 Relief Center,Idukki,Kerala,flood,9.77285,76.66508,300,293,0.325,0.79,1,0.0,447.1,899.8,10.3,393.2,85.6,CRITICAL_DEFICIT,0
SH-WAY-2776,Wayanad Sector-10 Relief Center,Wayanad,Kerala,flood,11.86378,75.80402,500,233,0.228,2.79,0,71.9,168.6,500.2,4.1,143.3,100.0,CRITICAL_DEFICIT,0
SH-DHU-2777,Dhubri Sector-6 Relief Center,Dhubri,Assam,flood,25.84043,90.35086,300,218,0.346,2.07,1,52.3,367.4,726.2,9.0,227.8,84.99,CRITICAL_DEFICIT,0
SH-IDU-2778,Idukki Sector-9 Relief Center,Idukki,Kerala,flood,9.60887,76.78233,300,170,0.344,1.34,1,19.8,280.9,538.4,5.4,253.7,86.1,CRITICAL_DEFICIT,0
SH-DHU-2779,Dhubri Sector-15 Relief Center,Dhubri,Assam,flood,26.30704,89.94311,500,395,0.131,1.89,0,42.9,1647.4,4448.7,22.1,808.6,59.93,DEFICIT,1
SH-SOU-2780,South 24 Parganas Sector-16 Relief Center,South 24 Parganas,West Bengal,cyclone,22.26863,88.52569,150,31,0.05,1.83,1,22.3,131.1,294.9,2.6,117.4,43.57,DEFICIT,1
SH-KAZ-2781,Kaziranga Sector-1 Relief Center,Kaziranga,Assam,flood,26.72452,92.98874,150,124,0.397,0.14,1,7.2,242.1,722.4,4.5,200.8,82.25,CRITICAL_DEFICIT,0
SH-IDU-2782,Idukki Sector-14 Relief Center,Idukki,Kerala,flood,9.5624,76.90246,2000,810,0.45,3.72,0,0.0,664.5,1400.4,18.5,466.5,100.0,CRITICAL_DEFICIT,0
SH-CHA-2783,Chamoli Sector-9 Relief Center,Chamoli,Uttarakhand,earthquake,30.4211,79.09689,150,77,0.582,2.14,1,32.4,72.6,203.4,2.2,61.6,94.03,CRITICAL_DEFICIT,0
SH-SOU-2784,South 24 Parganas Sector-7 Relief Center,South 24 Parganas,West Bengal,cyclone,22.29472,88.01677,800,901,0.055,0.17,1,28.2,3250.8,6236.4,35.3,1088.8,56.87,DEFICIT,1
SH-KUT-2785,Kutch Sector-8 Relief Center,Kutch,Gujarat,earthquake,24.02452,70.16347,500,531,0.192,1.78,1,19.1,167.5,377.9,3.7,104.2,100.0,CRITICAL_DEFICIT,0
SH-DHU-2786,Dhubri Sector-9 Relief Center,Dhubri,Assam,flood,26.10929,89.7506,300,211,0.19,4.88,0,14.5,207.7,411.5,3.9,144.4,100.0,CRITICAL_DEFICIT,0
SH-KUT-2787,Kutch Sector-19 Relief Center,Kutch,Gujarat,earthquake,23.94308,69.57842,800,575,0.396,0.05,0,29.8,1216.4,3462.6,17.1,1097.1,94.89,CRITICAL_DEFICIT,0
SH-KUT-2788,Kutch Sector-18 Relief Center,Kutch,Gujarat,earthquake,24.17621,69.89676,300,366,0.19,2.14,1,33.7,2172.9,5596.2,39.8,1200.8,20.39,BALANCED,2
SH-CHA-2789,Chamoli Sector-6 Relief Center,Chamoli,Uttarakhand,earthquake,30.76898,79.15049,800,370,0.155,5.85,1,38.8,1510.2,2682.2,27.2,1089.2,59.65,DEFICIT,1
SH-DHU-2790,Dhubri Sector-16 Relief Center,Dhubri,Assam,flood,26.05833,89.703,300,267,0.488,7.21,1,6.7,1788.7,3199.8,50.2,1527.3,36.4,BALANCED,2
SH-IDU-2791,Idukki Sector-10 Relief Center,Idukki,Kerala,flood,10.21464,76.90914,300,321,0.395,0.05,1,6.7,514.8,1084.2,9.1,436.6,84.29,CRITICAL_DEFICIT,0
SH-UTT-2792,Uttarkashi Sector-2 Relief Center,Uttarkashi,Uttarakhand,earthquake,30.38181,78.55241,500,104,0.498,0.85,1,40.6,36.2,65.6,1.0,35.9,100.0,CRITICAL_DEFICIT,0
SH-UTT-2793,Uttarkashi Sector-15 Relief Center,Uttarkashi,Uttarakhand,earthquake,30.68031,78.06888,500,480,0.074,1.04,1,19.7,1879.1,4004.7,35.3,1233.2,52.24,DEFICIT,1
SH-KUT-2794,Kutch Sector-19 Relief Center,Kutch,Gujarat,earthquake,24.0189,69.86173,500,194,0.423,5.43,1,16.1,1465.6,4412.0,40.3,877.6,7.91,SURPLUS,3
SH-KUT-2795,Kutch Sector-9 Relief Center,Kutch,Gujarat,earthquake,23.6977,69.87766,150,118,0.65,1.33,1,19.9,250.7,637.3,8.7,240.7,80.85,CRITICAL_DEFICIT,0
SH-BAL-2796,Balasore Sector-15 Relief Center,Balasore,Odisha,cyclone,21.61195,86.60534,300,236,0.264,3.5,0,14.4,753.3,1454.6,14.7,726.8,90.46,CRITICAL_DEFICIT,0
SH-DAR-2797,Darbhanga Sector-11 Relief Center,Darbhanga,Bihar,flood,26.04248,86.02114,150,183,0.051,0.3,1,28.8,133.5,373.5,1.9,46.6,88.09,CRITICAL_DEFICIT,0
SH-KAZ-2798,Kaziranga Sector-7 Relief Center,Kaziranga,Assam,flood,26.65879,93.21714,300,296,0.145,3.09,0,60.9,508.2,1216.2,10.9,257.8,95.11,CRITICAL_DEFICIT,0
SH-KAZ-2799,Kaziranga Sector-1 Relief Center,Kaziranga,Assam,flood,27.06599,92.81296,500,211,0.65,6.31,0,29.1,2356.2,6434.0,78.0,1520.7,23.66,SURPLUS,3
SH-WAY-2800,Wayanad Sector-1 Relief Center,Wayanad,Kerala,flood,11.5501,76.26058,1200,157,0.395,2.29,1,30.7,41.8,78.1,0.6,29.3,98.51,CRITICAL_DEFICIT,0
SH-KAN-2801,Kangra Sector-8 Relief Center,Kangra,Himachal Pradesh,earthquake,32.37707,76.74573,500,445,0.072,4.21,0,0.0,3165.3,6432.1,58.2,2395.1,35.43,BALANCED,2
SH-UTT-2802,Uttarkashi Sector-14 Relief Center,Uttarkashi,Uttarakhand,earthquake,30.96801,78.12247,500,387,0.234,1.11,1,33.5,702.9,1577.5,13.2,577.5,81.37,CRITICAL_DEFICIT,0
SH-DHU-2803,Dhubri Sector-18 Relief Center,Dhubri,Assam,flood,25.8268,89.78094,500,590,0.273,0.69,0,39.1,2315.1,6725.1,41.6,1166.0,64.73,DEFICIT,1
SH-SOU-2804,South 24 Parganas Sector-14 Relief Center,South 24 Parganas,West Bengal,cyclone,22.32956,88.43295,300,264,0.181,1.52,1,21.9,551.9,1274.2,6.8,225.4,79.23,CRITICAL_DEFICIT,0
SH-KAZ-2805,Kaziranga Sector-9 Relief Center,Kaziranga,Assam,flood,26.76025,93.35703,500,370,0.119,0.88,1,58.1,124.7,248.4,2.2,90.9,99.54,CRITICAL_DEFICIT,0
SH-WAY-2806,Wayanad Sector-1 Relief Center,Wayanad,Kerala,flood,11.51985,76.13052,300,87,0.544,0.26,1,0.0,64.9,193.7,2.1,35.7,97.72,CRITICAL_DEFICIT,0
SH-KAT-2807,Katihar Sector-16 Relief Center,Katihar,Bihar,flood,25.62776,87.10823,150,61,0.159,4.17,1,9.5,20.2,42.4,0.4,14.3,96.55,CRITICAL_DEFICIT,0
SH-KAZ-2808,Kaziranga Sector-15 Relief Center,Kaziranga,Assam,flood,26.61657,93.3041,300,295,0.54,8.41,1,0.0,623.6,1241.4,10.4,456.0,80.59,CRITICAL_DEFICIT,0
SH-VIS-2809,Visakhapatnam Sector-15 Relief Center,Visakhapatnam,Andhra Pradesh,cyclone,17.77767,83.38448,300,140,0.136,1.26,1,33.5,214.0,610.0,2.3,97.7,81.0,CRITICAL_DEFICIT,0
SH-PUR-2810,Puri Sector-5 Relief Center,Puri,Odisha,cyclone,19.85656,85.79172,150,68,0.276,2.28,1,10.6,692.4,1920.3,8.6,247.0,0.23,SURPLUS,3
SH-VIS-2811,Visakhapatnam Sector-12 Relief Center,Visakhapatnam,Andhra Pradesh,cyclone,17.65705,83.16907,150,139,0.423,2.4,1,0.0,132.4,302.6,2.1,113.6,92.45,CRITICAL_DEFICIT,0
SH-KAN-2812,Kangra Sector-18 Relief Center,Kangra,Himachal Pradesh,earthquake,32.28994,76.3136,1200,543,0.353,0.51,0,46.3,417.4,871.2,10.6,147.0,100.0,CRITICAL_DEFICIT,0
SH-UTT-2813,Uttarkashi Sector-17 Relief Center,Uttarkashi,Uttarakhand,earthquake,30.67072,78.1334,1200,1116,0.115,3.3,1,27.7,1717.1,4065.0,21.4,1008.2,77.41,CRITICAL_DEFICIT,0
SH-VIS-2814,Visakhapatnam Sector-9 Relief Center,Visakhapatnam,Andhra Pradesh,cyclone,17.71718,83.44987,150,20,0.28,1.77,1,23.1,36.5,93.6,0.9,31.8,79.53,CRITICAL_DEFICIT,0
SH-BAL-2815,Balasore Sector-12 Relief Center,Balasore,Odisha,cyclone,21.1479,86.71839,1200,1082,0.085,4.82,0,0.0,7145.5,18185.6,134.1,3881.7,25.18,BALANCED,2
SH-PUR-2816,Puri Sector-3 Relief Center,Puri,Odisha,cyclone,20.31551,85.77679,500,114,0.243,0.46,1,37.5,82.7,218.0,2.1,43.4,92.31,CRITICAL_DEFICIT,0
SH-WAY-2817,Wayanad Sector-1 Relief Center,Wayanad,Kerala,flood,11.63162,76.50752,300,344,0.237,12.86,0,16.1,2636.0,7173.4,29.8,1593.0,18.88,SURPLUS,3
SH-VIS-2818,Visakhapatnam Sector-12 Relief Center,Visakhapatnam,Andhra Pradesh,cyclone,17.61768,83.29817,150,101,0.311,0.71,1,3.1,1048.5,2463.0,24.2,704.2,4.7,SURPLUS,3
SH-IDU-2819,Idukki Sector-18 Relief Center,Idukki,Kerala,flood,9.59083,76.86955,500,339,0.273,1.66,1,36.2,276.2,685.0,5.3,265.0,89.65,CRITICAL_DEFICIT,0
SH-KAZ-2820,Kaziranga Sector-3 Relief Center,Kaziranga,Assam,flood,26.2889,92.91194,800,499,0.485,1.12,1,35.3,1794.9,3032.2,36.5,1074.8,69.8,DEFICIT,1
SH-UTT-2821,Uttarkashi Sector-2 Relief Center,Uttarkashi,Uttarakhand,earthquake,30.48681,78.52567,500,455,0.44,3.83,1,15.2,750.8,2131.3,22.6,278.2,81.69,CRITICAL_DEFICIT,0
SH-VIS-2822,Visakhapatnam Sector-14 Relief Center,Visakhapatnam,Andhra Pradesh,cyclone,17.76145,83.38249,300,187,0.103,0.28,1,40.6,272.6,654.2,3.9,177.8,81.56,CRITICAL_DEFICIT,0
SH-KAZ-2823,Kaziranga Sector-17 Relief Center,Kaziranga,Assam,flood,26.0951,92.93824,500,398,0.07,2.85,1,44.0,357.8,862.7,4.3,184.8,89.77,CRITICAL_DEFICIT,0
SH-WAY-2824,Wayanad Sector-17 Relief Center,Wayanad,Kerala,flood,11.83994,76.02811,150,106,0.068,0.59,0,48.6,101.2,195.5,0.9,88.7,100.0,CRITICAL_DEFICIT,0
SH-UTT-2825,Uttarkashi Sector-9 Relief Center,Uttarkashi,Uttarakhand,earthquake,30.99338,78.53148,500,170,0.464,0.35,1,44.9,181.0,495.2,4.7,151.3,94.63,CRITICAL_DEFICIT,0
SH-PUR-2826,Puri Sector-12 Relief Center,Puri,Odisha,cyclone,20.08817,85.52842,500,239,0.348,6.69,1,75.1,1335.6,3656.8,30.2,1097.4,30.41,BALANCED,2
SH-VIS-2827,Visakhapatnam Sector-18 Relief Center,Visakhapatnam,Andhra Pradesh,cyclone,17.88513,83.26874,500,202,0.155,1.64,1,21.5,867.2,1870.7,16.4,669.8,54.75,DEFICIT,1
SH-BAL-2828,Balasore Sector-13 Relief Center,Balasore,Odisha,cyclone,21.72477,86.5264,500,508,0.116,2.99,0,28.6,2967.6,6517.9,34.2,1432.9,43.12,DEFICIT,1
SH-KAT-2829,Katihar Sector-4 Relief Center,Katihar,Bihar,flood,25.6299,88.05512,150,49,0.305,3.37,0,68.8,14.0,40.4,0.4,7.6,100.0,CRITICAL_DEFICIT,0
SH-IDU-2830,Idukki Sector-7 Relief Center,Idukki,Kerala,flood,9.63425,77.02509,150,85,0.185,1.8,0,18.0,132.8,347.3,1.5,96.1,92.09,CRITICAL_DEFICIT,0
SH-DAR-2831,Darbhanga Sector-3 Relief Center,Darbhanga,Bihar,flood,26.59786,85.84889,300,333,0.219,4.25,1,34.4,263.1,600.5,5.7,187.8,91.22,CRITICAL_DEFICIT,0
SH-WAY-2832,Wayanad Sector-5 Relief Center,Wayanad,Kerala,flood,11.67865,75.96359,1200,1061,0.281,4.02,1,32.6,12268.2,20245.0,173.8,11088.9,0.0,SURPLUS,3
SH-IDU-2833,Idukki Sector-8 Relief Center,Idukki,Kerala,flood,10.04453,76.93978,150,129,0.369,2.36,1,24.9,919.8,1683.6,15.4,697.6,33.02,BALANCED,2
SH-VIS-2834,Visakhapatnam Sector-10 Relief Center,Visakhapatnam,Andhra Pradesh,cyclone,17.57424,83.01031,300,87,0.05,1.58,1,6.3,81.4,186.2,0.7,69.0,89.63,CRITICAL_DEFICIT,0
SH-BAL-2835,Balasore Sector-5 Relief Center,Balasore,Odisha,cyclone,21.27896,86.39161,150,23,0.106,1.08,1,45.7,42.5,102.0,0.5,38.1,75.73,CRITICAL_DEFICIT,0
SH-UTT-2836,Uttarkashi Sector-13 Relief Center,Uttarkashi,Uttarakhand,earthquake,30.8206,78.71189,300,207,0.25,0.82,0,48.2,180.6,507.4,3.1,162.6,100.0,CRITICAL_DEFICIT,0
SH-BAL-2837,Balasore Sector-13 Relief Center,Balasore,Odisha,cyclone,21.38181,86.67002,300,155,0.27,2.08,1,55.3,333.2,585.4,7.1,309.7,83.37,CRITICAL_DEFICIT,0
SH-IDU-2838,Idukki Sector-7 Relief Center,Idukki,Kerala,flood,9.70813,76.90638,150,129,0.242,0.6,1,26.5,1383.5,2828.8,33.4,1024.1,4.43,SURPLUS,3
SH-KUT-2839,Kutch Sector-8 Relief Center,Kutch,Gujarat,earthquake,23.66094,69.64967,300,234,0.221,0.75,1,22.7,208.5,612.8,4.8,177.7,92.45,CRITICAL_DEFICIT,0
SH-DAR-2840,Darbhanga Sector-15 Relief Center,Darbhanga,Bihar,flood,26.27926,86.11736,150,124,0.09,8.89,0,20.4,199.0,491.9,2.3,73.7,94.59,CRITICAL_DEFICIT,0
SH-UTT-2841,Uttarkashi Sector-17 Relief Center,Uttarkashi,Uttarakhand,earthquake,30.93597,78.45909,300,144,0.226,3.08,0,31.2,484.5,1383.3,7.5,455.7,72.86,CRITICAL_DEFICIT,0
SH-WAY-2842,Wayanad Sector-16 Relief Center,Wayanad,Kerala,flood,12.07638,75.96526,300,277,0.362,1.23,1,39.4,2001.1,4571.3,45.7,1096.9,8.75,BALANCED,2
SH-KAT-2843,Katihar Sector-5 Relief Center,Katihar,Bihar,flood,25.34217,87.10076,1200,392,0.095,0.21,1,29.3,3610.2,8190.8,47.7,1698.1,0.0,SURPLUS,3
SH-PUR-2844,Puri Sector-10 Relief Center,Puri,Odisha,cyclone,19.67018,86.26662,500,565,0.148,1.39,1,72.4,162.4,485.4,3.2,56.4,94.93,CRITICAL_DEFICIT,0
SH-KAN-2845,Kangra Sector-2 Relief Center,Kangra,Himachal Pradesh,earthquake,32.06503,76.20974,150,49,0.247,3.71,1,26.0,45.1,110.9,0.6,17.3,90.51,CRITICAL_DEFICIT,0
SH-DHU-2846,Dhubri Sector-4 Relief Center,Dhubri,Assam,flood,25.9404,90.12828,300,73,0.49,0.31,1,4.3,141.8,293.6,2.0,114.1,84.91,CRITICAL_DEFICIT,0
SH-KAZ-2847,Kaziranga Sector-17 Relief Center,Kaziranga,Assam,flood,26.3569,92.92598,300,161,0.301,7.08,0,35.3,235.8,483.2,3.7,216.9,99.53,CRITICAL_DEFICIT,0
SH-DAR-2848,Darbhanga Sector-15 Relief Center,Darbhanga,Bihar,flood,26.01606,85.42175,150,73,0.05,0.73,1,25.7,58.6,149.8,1.0,53.2,90.35,CRITICAL_DEFICIT,0
SH-BAL-2849,Balasore Sector-6 Relief Center,Balasore,Odisha,cyclone,21.94477,86.94802,150,96,0.207,2.94,1,29.3,199.9,385.4,2.8,190.6,80.99,CRITICAL_DEFICIT,0
SH-BAL-2850,Balasore Sector-12 Relief Center,Balasore,Odisha,cyclone,21.56406,87.15813,300,141,0.463,0.71,1,3.1,46.1,77.5,1.1,25.5,100.0,CRITICAL_DEFICIT,0
SH-KUT-2851,Kutch Sector-9 Relief Center,Kutch,Gujarat,earthquake,23.60629,70.10701,500,569,0.417,0.69,0,30.1,2018.2,3755.7,26.6,1410.8,87.36,CRITICAL_DEFICIT,0
SH-UTT-2852,Uttarkashi Sector-5 Relief Center,Uttarkashi,Uttarakhand,earthquake,31.09506,78.78263,500,239,0.138,0.57,1,46.5,232.7,466.7,4.7,77.6,94.37,CRITICAL_DEFICIT,0
SH-IDU-2853,Idukki Sector-8 Relief Center,Idukki,Kerala,flood,10.12691,76.47543,300,273,0.282,3.41,0,53.4,256.2,764.2,5.5,98.7,100.0,CRITICAL_DEFICIT,0
SH-KAZ-2854,Kaziranga Sector-9 Relief Center,Kaziranga,Assam,flood,26.59883,93.03183,2000,1607,0.366,3.68,0,44.6,2864.1,7973.4,40.1,1382.2,94.49,CRITICAL_DEFICIT,0
SH-DAR-2855,Darbhanga Sector-15 Relief Center,Darbhanga,Bihar,flood,26.02184,86.17743,300,126,0.242,6.29,0,37.8,770.3,1682.4,19.2,534.6,40.99,DEFICIT,1
SH-IDU-2856,Idukki Sector-19 Relief Center,Idukki,Kerala,flood,10.20387,76.8513,500,407,0.407,4.85,1,45.8,1821.3,2980.2,51.1,1352.0,64.12,DEFICIT,1
SH-UTT-2857,Uttarkashi Sector-19 Relief Center,Uttarkashi,Uttarakhand,earthquake,30.83052,78.21903,800,404,0.073,0.86,1,27.3,850.9,2302.5,13.3,782.7,76.54,CRITICAL_DEFICIT,0
SH-CHA-2858,Chamoli Sector-2 Relief Center,Chamoli,Uttarakhand,earthquake,30.7361,79.04597,300,164,0.21,0.4,1,0.0,158.9,369.8,2.1,81.0,90.22,CRITICAL_DEFICIT,0
SH-SOU-2859,South 24 Parganas Sector-15 Relief Center,South 24 Parganas,West Bengal,cyclone,22.2537,88.45404,300,242,0.396,1.77,0,24.3,475.1,904.1,13.7,158.8,100.0,CRITICAL_DEFICIT,0
SH-KAZ-2860,Kaziranga Sector-15 Relief Center,Kaziranga,Assam,flood,26.63841,92.86815,300,281,0.518,0.36,1,19.7,257.0,566.8,7.9,248.5,93.59,CRITICAL_DEFICIT,0
SH-KAN-2861,Kangra Sector-19 Relief Center,Kangra,Himachal Pradesh,earthquake,32.2227,75.94093,2000,709,0.525,1.32,1,30.3,200.4,331.1,5.0,182.4,100.0,CRITICAL_DEFICIT,0
SH-KAZ-2862,Kaziranga Sector-3 Relief Center,Kaziranga,Assam,flood,26.44644,93.44641,150,55,0.443,0.27,1,24.1,202.5,597.8,6.2,186.0,56.86,DEFICIT,1
SH-SOU-2863,South 24 Parganas Sector-12 Relief Center,South 24 Parganas,West Bengal,cyclone,21.65755,88.48194,300,264,0.602,0.97,1,61.5,451.0,924.0,9.7,344.4,88.98,CRITICAL_DEFICIT,0
SH-BAL-2864,Balasore Sector-1 Relief Center,Balasore,Odisha,cyclone,21.23023,87.022,150,58,0.351,12.68,0,35.8,448.7,734.5,9.2,383.7,47.51,DEFICIT,1
SH-SOU-2865,South 24 Parganas Sector-4 Relief Center,South 24 Parganas,West Bengal,cyclone,21.87803,88.78516,300,244,0.49,2.68,1,15.2,387.4,809.3,8.4,224.0,88.5,CRITICAL_DEFICIT,0
SH-KUT-2866,Kutch Sector-4 Relief Center,Kutch,Gujarat,earthquake,23.66692,69.76678,1200,940,0.594,2.71,0,44.2,855.9,1449.1,19.1,750.7,100.0,CRITICAL_DEFICIT,0
SH-KAT-2867,Katihar Sector-15 Relief Center,Katihar,Bihar,flood,25.67518,87.45541,2000,759,0.086,3.44,1,18.1,1426.0,2528.8,29.4,978.8,79.54,CRITICAL_DEFICIT,0
SH-CHA-2868,Chamoli Sector-6 Relief Center,Chamoli,Uttarakhand,earthquake,30.26758,79.16984,300,285,0.127,1.31,0,7.3,87.0,188.3,0.9,64.4,100.0,CRITICAL_DEFICIT,0
SH-KAZ-2869,Kaziranga Sector-15 Relief Center,Kaziranga,Assam,flood,26.6996,93.41849,150,20,0.161,0.43,0,18.8,6.2,13.0,0.1,2.4,100.0,CRITICAL_DEFICIT,0
SH-KAN-2870,Kangra Sector-19 Relief Center,Kangra,Himachal Pradesh,earthquake,32.34006,76.08478,300,55,0.05,4.31,1,4.8,98.3,199.2,1.2,33.4,80.27,CRITICAL_DEFICIT,0
SH-BAL-2871,Balasore Sector-15 Relief Center,Balasore,Odisha,cyclone,21.31607,87.52331,300,75,0.149,2.64,0,35.1,285.6,650.7,3.6,110.2,70.97,CRITICAL_DEFICIT,0
SH-DHU-2872,Dhubri Sector-3 Relief Center,Dhubri,Assam,flood,25.79926,89.93084,2000,1145,0.65,4.55,1,0.9,2001.8,3459.0,67.3,1973.0,96.92,CRITICAL_DEFICIT,0
SH-SOU-2873,South 24 Parganas Sector-3 Relief Center,South 24 Parganas,West Bengal,cyclone,22.36138,88.39737,800,550,0.176,2.87,1,25.6,184.7,342.5,2.7,72.3,91.1,CRITICAL_DEFICIT,0
SH-BAL-2874,Balasore Sector-17 Relief Center,Balasore,Odisha,cyclone,21.21916,86.72169,500,313,0.067,0.78,1,18.3,601.6,1040.2,10.9,314.4,87.0,CRITICAL_DEFICIT,0
SH-BAL-2875,Balasore Sector-18 Relief Center,Balasore,Odisha,cyclone,21.19077,86.59679,150,78,0.19,1.83,1,26.7,140.7,292.7,3.0,65.8,79.06,CRITICAL_DEFICIT,0
SH-SOU-2876,South 24 Parganas Sector-17 Relief Center,South 24 Parganas,West Bengal,cyclone,22.50775,88.43451,150,161,0.241,7.13,0,10.1,138.2,251.0,3.2,134.8,100.0,CRITICAL_DEFICIT,0
SH-DHU-2877,Dhubri Sector-15 Relief Center,Dhubri,Assam,flood,26.13109,89.90297,500,534,0.574,0.92,1,27.1,1875.2,3922.4,63.9,868.8,64.37,DEFICIT,1
SH-IDU-2878,Idukki Sector-10 Relief Center,Idukki,Kerala,flood,9.89432,76.68511,800,236,0.135,1.06,1,48.7,175.8,328.1,2.3,62.9,97.67,CRITICAL_DEFICIT,0
SH-PUR-2879,Puri Sector-19 Relief Center,Puri,Odisha,cyclone,19.47853,85.874,300,143,0.171,0.16,1,20.0,253.1,633.0,4.8,151.2,73.76,CRITICAL_DEFICIT,0
SH-SOU-2880,South 24 Parganas Sector-9 Relief Center,South 24 Parganas,West Bengal,cyclone,21.97922,88.49484,150,162,0.278,1.59,1,3.9,694.8,2071.2,11.6,675.1,40.99,DEFICIT,1
SH-BAL-2881,Balasore Sector-18 Relief Center,Balasore,Odisha,cyclone,21.32044,86.66584,150,112,0.307,1.23,1,13.9,115.4,318.2,2.0,47.3,97.19,CRITICAL_DEFICIT,0
SH-KAT-2882,Katihar Sector-12 Relief Center,Katihar,Bihar,flood,25.47247,87.79205,300,343,0.193,1.77,1,20.0,1229.0,2656.2,15.8,482.1,61.26,DEFICIT,1
SH-SOU-2883,South 24 Parganas Sector-16 Relief Center,South 24 Parganas,West Bengal,cyclone,21.67433,88.85371,300,107,0.215,2.64,1,12.2,113.1,225.9,2.3,65.2,92.95,CRITICAL_DEFICIT,0
SH-KAN-2884,Kangra Sector-6 Relief Center,Kangra,Himachal Pradesh,earthquake,31.91917,76.57152,500,555,0.071,2.39,1,27.4,175.5,386.5,1.6,81.3,100.0,CRITICAL_DEFICIT,0
SH-PUR-2885,Puri Sector-5 Relief Center,Puri,Odisha,cyclone,20.37386,85.87084,1200,348,0.492,1.99,1,38.7,312.0,765.8,6.8,304.4,93.33,CRITICAL_DEFICIT,0
SH-PUR-2886,Puri Sector-9 Relief Center,Puri,Odisha,cyclone,20.05462,85.64355,1200,1024,0.195,1.95,1,26.7,784.8,1707.1,9.2,726.2,92.0,CRITICAL_DEFICIT,0
SH-WAY-2887,Wayanad Sector-7 Relief Center,Wayanad,Kerala,flood,11.61749,76.02377,150,67,0.512,1.65,1,28.6,731.1,1841.6,17.5,395.3,12.08,SURPLUS,3
SH-KUT-2888,Kutch Sector-17 Relief Center,Kutch,Gujarat,earthquake,24.18087,69.99509,300,214,0.073,2.41,1,27.5,1293.6,3487.0,20.2,492.0,20.35,BALANCED,2
SH-DHU-2889,Dhubri Sector-18 Relief Center,Dhubri,Assam,flood,26.07325,90.32416,300,182,0.414,0.6,0,0.0,726.1,1538.9,21.9,633.6,73.0,CRITICAL_DEFICIT,0
SH-DAR-2890,Darbhanga Sector-12 Relief Center,Darbhanga,Bihar,flood,26.20503,85.51123,150,97,0.251,4.77,1,3.6,26.7,60.0,0.3,14.7,100.0,CRITICAL_DEFICIT,0
SH-VIS-2891,Visakhapatnam Sector-6 Relief Center,Visakhapatnam,Andhra Pradesh,cyclone,17.93254,83.3944,800,996,0.114,1.35,1,0.0,936.1,2154.1,16.7,834.6,87.77,CRITICAL_DEFICIT,0
SH-DAR-2892,Darbhanga Sector-17 Relief Center,Darbhanga,Bihar,flood,26.47692,85.81614,500,294,0.351,3.99,0,0.0,1732.0,3695.1,42.7,1240.8,42.84,DEFICIT,1
SH-PUR-2893,Puri Sector-6 Relief Center,Puri,Odisha,cyclone,20.15921,85.85693,500,248,0.2,2.04,0,58.6,76.6,133.8,1.0,76.5,100.0,CRITICAL_DEFICIT,0
SH-DHU-2894,Dhubri Sector-7 Relief Center,Dhubri,Assam,flood,26.53814,90.03547,800,274,0.372,5.56,1,23.5,453.8,1151.4,5.9,263.6,85.26,CRITICAL_DEFICIT,0
SH-KAZ-2895,Kaziranga Sector-1 Relief Center,Kaziranga,Assam,flood,26.67015,93.58885,1200,594,0.635,2.23,1,53.2,1231.1,2504.0,31.8,482.1,84.46,CRITICAL_DEFICIT,0
SH-KAN-2896,Kangra Sector-5 Relief Center,Kangra,Himachal Pradesh,earthquake,31.6405,75.79836,150,159,0.286,7.83,1,35.8,249.6,713.3,3.7,89.0,82.23,CRITICAL_DEFICIT,0
SH-BAL-2897,Balasore Sector-5 Relief Center,Balasore,Odisha,cyclone,21.36918,86.94561,150,112,0.05,11.04,0,11.1,173.6,295.2,3.3,109.6,100.0,CRITICAL_DEFICIT,0
SH-PUR-2898,Puri Sector-17 Relief Center,Puri,Odisha,cyclone,20.22974,85.71447,500,443,0.252,0.17,0,31.7,379.6,665.1,5.1,195.2,100.0,CRITICAL_DEFICIT,0
SH-PUR-2899,Puri Sector-10 Relief Center,Puri,Odisha,cyclone,20.05949,85.82529,300,209,0.298,0.25,1,38.5,316.0,812.5,4.8,218.7,81.75,CRITICAL_DEFICIT,0
SH-KUT-2900,Kutch Sector-14 Relief Center,Kutch,Gujarat,earthquake,23.6568,70.04157,800,867,0.65,0.97,1,7.6,2948.1,7726.1,104.6,1226.7,61.26,DEFICIT,1
SH-KAZ-2901,Kaziranga Sector-16 Relief Center,Kaziranga,Assam,flood,26.74724,93.18967,300,244,0.054,2.14,1,31.7,68.7,134.0,0.9,38.4,95.06,CRITICAL_DEFICIT,0
SH-KAZ-2902,Kaziranga Sector-14 Relief Center,Kaziranga,Assam,flood,26.9833,93.0271,150,127,0.198,1.45,1,41.6,222.5,449.0,5.2,210.0,83.17,CRITICAL_DEFICIT,0
SH-KAT-2903,Katihar Sector-2 Relief Center,Katihar,Bihar,flood,25.56688,87.60046,150,87,0.255,1.06,1,49.0,391.0,1114.5,6.9,151.0,42.23,DEFICIT,1
SH-IDU-2904,Idukki Sector-10 Relief Center,Idukki,Kerala,flood,9.28804,77.01181,500,376,0.379,0.14,1,19.0,1430.7,2478.1,27.4,582.7,70.02,CRITICAL_DEFICIT,0
SH-WAY-2905,Wayanad Sector-18 Relief Center,Wayanad,Kerala,flood,11.80549,76.08741,300,272,0.075,0.3,1,31.8,564.7,1105.1,6.0,507.4,82.64,CRITICAL_DEFICIT,0
SH-SOU-2906,South 24 Parganas Sector-13 Relief Center,South 24 Parganas,West Bengal,cyclone,21.94702,88.85648,300,312,0.153,4.55,1,0.6,1034.5,1751.2,13.8,922.4,69.05,DEFICIT,1
SH-KAN-2907,Kangra Sector-10 Relief Center,Kangra,Himachal Pradesh,earthquake,31.941,75.97662,300,132,0.361,6.21,1,58.8,398.4,698.0,11.1,318.1,69.8,DEFICIT,1
SH-VIS-2908,Visakhapatnam Sector-9 Relief Center,Visakhapatnam,Andhra Pradesh,cyclone,17.97618,83.00496,500,546,0.434,2.23,0,3.7,493.9,1168.8,9.5,336.6,100.0,CRITICAL_DEFICIT,0
SH-KAT-2909,Katihar Sector-5 Relief Center,Katihar,Bihar,flood,24.94174,87.16849,300,185,0.094,5.07,1,0.0,188.6,401.1,2.5,78.4,91.42,CRITICAL_DEFICIT,0
SH-SOU-2910,South 24 Parganas Sector-16 Relief Center,South 24 Parganas,West Bengal,cyclone,22.01377,88.69379,500,310,0.273,3.71,0,0.0,2413.8,7224.5,31.6,1273.8,18.92,SURPLUS,3
SH-KAN-2911,Kangra Sector-7 Relief Center,Kangra,Himachal Pradesh,earthquake,32.10941,75.50798,150,94,0.286,0.36,0,19.8,73.5,184.2,1.3,35.2,100.0,CRITICAL_DEFICIT,0
SH-PUR-2912,Puri Sector-3 Relief Center,Puri,Odisha,cyclone,19.91316,86.09272,300,275,0.334,0.27,1,26.3,473.9,866.8,8.5,306.5,87.14,CRITICAL_DEFICIT,0
SH-WAY-2913,Wayanad Sector-13 Relief Center,Wayanad,Kerala,flood,11.33045,76.14306,500,413,0.264,0.44,1,41.1,811.1,2449.9,13.2,629.3,77.41,CRITICAL_DEFICIT,0
SH-BAL-2914,Balasore Sector-19 Relief Center,Balasore,Odisha,cyclone,21.24415,86.5265,300,256,0.259,3.33,1,25.7,991.2,2703.9,16.5,928.7,48.24,DEFICIT,1
SH-DAR-2915,Darbhanga Sector-2 Relief Center,Darbhanga,Bihar,flood,25.90828,85.95169,300,138,0.65,1.33,1,21.0,428.0,1298.2,12.1,204.4,64.53,DEFICIT,1
SH-VIS-2916,Visakhapatnam Sector-17 Relief Center,Visakhapatnam,Andhra Pradesh,cyclone,17.47445,83.29408,500,76,0.535,0.21,1,36.7,26.5,76.0,0.5,21.9,100.0,CRITICAL_DEFICIT,0
SH-UTT-2917,Uttarkashi Sector-7 Relief Center,Uttarkashi,Uttarakhand,earthquake,30.67529,78.09614,300,140,0.285,0.04,0,11.5,142.2,341.1,3.5,87.1,100.0,CRITICAL_DEFICIT,0
SH-VIS-2918,Visakhapatnam Sector-2 Relief Center,Visakhapatnam,Andhra Pradesh,cyclone,17.85875,83.6544,150,60,0.363,0.38,1,0.0,217.2,519.3,5.7,210.2,61.5,DEFICIT,1
SH-KUT-2919,Kutch Sector-14 Relief Center,Kutch,Gujarat,earthquake,23.8541,70.0119,500,518,0.187,0.09,1,61.2,1826.6,4967.1,42.7,654.4,54.53,DEFICIT,1
SH-VIS-2920,Visakhapatnam Sector-16 Relief Center,Visakhapatnam,Andhra Pradesh,cyclone,17.74943,82.83448,500,217,0.388,1.37,1,7.5,799.3,1479.7,23.2,768.6,67.17,DEFICIT,1
SH-IDU-2921,Idukki Sector-19 Relief Center,Idukki,Kerala,flood,9.6467,77.07693,500,385,0.148,4.6,1,21.4,328.6,645.1,3.8,247.1,91.48,CRITICAL_DEFICIT,0
SH-UTT-2922,Uttarkashi Sector-1 Relief Center,Uttarkashi,Uttarakhand,earthquake,30.98432,78.32608,300,64,0.333,1.29,1,22.3,63.7,119.3,1.6,59.9,92.5,CRITICAL_DEFICIT,0
SH-BAL-2923,Balasore Sector-15 Relief Center,Balasore,Odisha,cyclone,21.67654,87.1634,300,155,0.65,0.0,0,59.2,148.6,439.0,4.9,61.7,100.0,CRITICAL_DEFICIT,0
SH-DHU-2924,Dhubri Sector-12 Relief Center,Dhubri,Assam,flood,26.2329,90.13646,300,347,0.589,2.03,1,43.3,599.6,1142.3,15.5,381.7,88.33,CRITICAL_DEFICIT,0
SH-VIS-2925,Visakhapatnam Sector-2 Relief Center,Visakhapatnam,Andhra Pradesh,cyclone,17.36326,83.30695,500,282,0.248,1.04,0,5.6,499.3,1408.1,6.8,345.7,96.2,CRITICAL_DEFICIT,0
SH-WAY-2926,Wayanad Sector-9 Relief Center,Wayanad,Kerala,flood,11.73818,76.35407,500,146,0.104,0.46,1,28.3,226.4,679.3,3.2,97.0,81.57,CRITICAL_DEFICIT,0
SH-DHU-2927,Dhubri Sector-8 Relief Center,Dhubri,Assam,flood,26.39084,90.17482,300,78,0.05,1.48,1,27.4,710.1,1794.0,12.8,249.0,2.25,SURPLUS,3
SH-KAN-2928,Kangra Sector-18 Relief Center,Kangra,Himachal Pradesh,earthquake,32.24708,76.58539,500,83,0.437,7.45,1,42.2,20.6,40.0,0.6,8.6,100.0,CRITICAL_DEFICIT,0
SH-IDU-2929,Idukki Sector-1 Relief Center,Idukki,Kerala,flood,9.94691,76.86,2000,2461,0.1,0.46,1,37.4,16538.4,48710.3,152.4,7630.9,12.08,BALANCED,2
SH-CHA-2930,Chamoli Sector-10 Relief Center,Chamoli,Uttarakhand,earthquake,30.46689,79.35195,500,368,0.062,2.81,1,30.1,279.9,766.9,3.9,174.6,93.78,CRITICAL_DEFICIT,0
SH-BAL-2931,Balasore Sector-12 Relief Center,Balasore,Odisha,cyclone,21.59433,86.26021,300,258,0.52,2.36,0,24.4,258.1,671.6,5.9,101.0,100.0,CRITICAL_DEFICIT,0
SH-KUT-2932,Kutch Sector-12 Relief Center,Kutch,Gujarat,earthquake,23.66327,69.64141,500,569,0.325,1.96,1,33.9,1037.3,2484.7,22.8,356.6,73.0,CRITICAL_DEFICIT,0
SH-UTT-2933,Uttarkashi Sector-18 Relief Center,Uttarkashi,Uttarakhand,earthquake,30.82554,78.54935,300,210,0.291,6.63,1,27.0,166.5,494.6,2.0,85.9,91.66,CRITICAL_DEFICIT,0
SH-WAY-2934,Wayanad Sector-4 Relief Center,Wayanad,Kerala,flood,11.99244,75.786,1200,899,0.075,0.99,0,37.9,717.6,1928.8,8.6,619.7,100.0,CRITICAL_DEFICIT,0
SH-KAN-2935,Kangra Sector-1 Relief Center,Kangra,Himachal Pradesh,earthquake,32.2109,76.34139,300,351,0.303,0.01,1,32.4,343.4,769.1,4.7,122.1,91.35,CRITICAL_DEFICIT,0
SH-PUR-2936,Puri Sector-19 Relief Center,Puri,Odisha,cyclone,20.19852,86.11265,300,59,0.494,0.24,1,34.2,247.6,406.4,4.3,238.6,67.53,DEFICIT,1
SH-KUT-2937,Kutch Sector-2 Relief Center,Kutch,Gujarat,earthquake,23.72513,69.73461,800,880,0.592,2.58,1,57.2,1583.1,4536.7,26.7,1404.0,89.68,CRITICAL_DEFICIT,0
SH-DAR-2938,Darbhanga Sector-15 Relief Center,Darbhanga,Bihar,flood,25.90294,85.7623,300,66,0.288,8.3,0,4.6,698.6,2064.1,15.6,251.5,20.08,SURPLUS,3
SH-CHA-2939,Chamoli Sector-9 Relief Center,Chamoli,Uttarakhand,earthquake,30.74154,79.19284,800,393,0.1,6.23,0,32.7,4601.9,10393.3,88.3,3817.5,13.49,SURPLUS,3
SH-PUR-2940,Puri Sector-12 Relief Center,Puri,Odisha,cyclone,19.91869,85.91399,300,244,0.121,3.95,0,22.0,1655.4,2915.8,35.8,947.4,46.36,DEFICIT,1
SH-DAR-2941,Darbhanga Sector-3 Relief Center,Darbhanga,Bihar,flood,26.266,85.9915,500,267,0.154,2.69,1,39.2,65.1,143.5,1.1,22.5,94.92,CRITICAL_DEFICIT,0
SH-BAL-2942,Balasore Sector-4 Relief Center,Balasore,Odisha,cyclone,21.81927,87.5846,300,66,0.333,0.69,1,48.3,108.4,207.5,2.4,102.8,89.39,CRITICAL_DEFICIT,0
SH-WAY-2943,Wayanad Sector-18 Relief Center,Wayanad,Kerala,flood,11.836,76.06602,500,76,0.063,4.49,1,2.0,23.7,65.2,0.5,22.7,93.67,CRITICAL_DEFICIT,0
SH-DAR-2944,Darbhanga Sector-5 Relief Center,Darbhanga,Bihar,flood,26.00214,86.42616,800,976,0.171,1.1,1,26.2,6314.2,12604.2,71.8,4935.2,28.56,BALANCED,2
SH-VIS-2945,Visakhapatnam Sector-15 Relief Center,Visakhapatnam,Andhra Pradesh,cyclone,17.74636,82.75962,300,182,0.316,8.1,0,22.0,327.0,957.1,5.8,323.4,96.13,CRITICAL_DEFICIT,0
SH-BAL-2946,Balasore Sector-10 Relief Center,Balasore,Odisha,cyclone,21.83366,86.86337,150,49,0.454,2.74,1,30.6,16.9,35.2,0.5,8.1,100.0,CRITICAL_DEFICIT,0
SH-BAL-2947,Balasore Sector-2 Relief Center,Balasore,Odisha,cyclone,21.64686,87.03155,150,46,0.07,6.34,1,14.5,36.9,103.6,0.8,30.8,92.23,CRITICAL_DEFICIT,0
SH-UTT-2948,Uttarkashi Sector-11 Relief Center,Uttarkashi,Uttarakhand,earthquake,30.62279,78.7148,150,26,0.425,0.67,1,7.2,24.3,65.4,0.4,20.4,89.77,CRITICAL_DEFICIT,0
SH-KAN-2949,Kangra Sector-5 Relief Center,Kangra,Himachal Pradesh,earthquake,32.48505,76.20755,500,374,0.325,1.09,1,16.4,3550.8,9369.4,84.8,1634.8,0.0,SURPLUS,3
SH-VIS-2950,Visakhapatnam Sector-12 Relief Center,Visakhapatnam,Andhra Pradesh,cyclone,17.61378,83.0792,150,136,0.182,0.16,1,20.4,503.5,1002.1,11.4,489.4,61.34,DEFICIT,1
SH-KAZ-2951,Kaziranga Sector-2 Relief Center,Kaziranga,Assam,flood,26.40846,93.31612,150,82,0.326,0.15,1,21.1,258.8,464.3,3.3,120.9,71.47,CRITICAL_DEFICIT,0
SH-DAR-2952,Darbhanga Sector-17 Relief Center,Darbhanga,Bihar,flood,25.85518,85.96728,150,55,0.366,3.42,1,18.0,118.4,262.7,2.3,44.1,74.78,CRITICAL_DEFICIT,0
SH-UTT-2953,Uttarkashi Sector-4 Relief Center,Uttarkashi,Uttarakhand,earthquake,30.71803,79.0919,1200,639,0.378,1.17,1,14.0,5116.8,14303.0,75.1,4622.2,7.79,SURPLUS,3
SH-VIS-2954,Visakhapatnam Sector-4 Relief Center,Visakhapatnam,Andhra Pradesh,cyclone,17.93434,82.77167,300,95,0.211,4.0,0,37.1,30.5,72.4,0.4,25.8,100.0,CRITICAL_DEFICIT,0
SH-KAT-2955,Katihar Sector-10 Relief Center,Katihar,Bihar,flood,25.87741,87.33299,300,126,0.05,0.84,1,29.8,271.1,795.1,3.7,110.5,71.12,CRITICAL_DEFICIT,0
SH-IDU-2956,Idukki Sector-2 Relief Center,Idukki,Kerala,flood,9.84215,76.79358,150,81,0.099,2.5,1,34.7,908.6,1953.1,12.6,858.3,4.68,SURPLUS,3
SH-PUR-2957,Puri Sector-7 Relief Center,Puri,Odisha,cyclone,19.77497,85.86319,300,381,0.206,0.57,1,49.8,565.1,1622.1,9.8,310.7,76.61,CRITICAL_DEFICIT,0
SH-SOU-2958,South 24 Parganas Sector-9 Relief Center,South 24 Parganas,West Bengal,cyclone,22.07137,88.40509,150,113,0.116,2.33,1,55.4,36.6,95.6,0.8,12.3,96.66,CRITICAL_DEFICIT,0
SH-DHU-2959,Dhubri Sector-18 Relief Center,Dhubri,Assam,flood,25.45061,89.69369,300,239,0.38,11.24,0,50.6,883.7,2120.3,25.8,645.2,69.08,DEFICIT,1
SH-VIS-2960,Visakhapatnam Sector-19 Relief Center,Visakhapatnam,Andhra Pradesh,cyclone,17.69457,83.23091,300,133,0.05,0.79,1,0.0,128.6,272.7,1.2,108.4,92.65,CRITICAL_DEFICIT,0
SH-KAT-2961,Katihar Sector-16 Relief Center,Katihar,Bihar,flood,25.61916,87.47107,150,103,0.312,0.14,1,21.5,741.2,1334.7,15.2,374.8,31.77,BALANCED,2
SH-UTT-2962,Uttarkashi Sector-10 Relief Center,Uttarkashi,Uttarakhand,earthquake,30.87045,78.39472,150,110,0.202,1.5,1,8.4,399.4,768.1,4.2,200.2,64.67,DEFICIT,1
SH-VIS-2963,Visakhapatnam Sector-9 Relief Center,Visakhapatnam,Andhra Pradesh,cyclone,17.82668,83.22661,1200,983,0.213,0.85,1,30.1,4105.5,12134.9,54.3,3177.5,45.01,DEFICIT,1
SH-KAT-2964,Katihar Sector-10 Relief Center,Katihar,Bihar,flood,25.29962,87.47549,150,107,0.058,6.69,0,20.8,682.3,2057.5,12.7,381.0,31.47,BALANCED,2
SH-VIS-2965,Visakhapatnam Sector-12 Relief Center,Visakhapatnam,Andhra Pradesh,cyclone,17.78862,82.86429,150,136,0.421,2.11,0,22.1,44.6,91.5,0.9,22.9,100.0,CRITICAL_DEFICIT,0
SH-CHA-2966,Chamoli Sector-5 Relief Center,Chamoli,Uttarakhand,earthquake,30.17183,79.53197,500,294,0.11,0.57,1,9.7,557.6,967.3,10.9,207.5,87.89,CRITICAL_DEFICIT,0
SH-PUR-2967,Puri Sector-4 Relief Center,Puri,Odisha,cyclone,19.71526,85.5143,300,169,0.52,0.18,1,19.3,145.4,285.4,4.0,103.9,96.17,CRITICAL_DEFICIT,0
SH-KAN-2968,Kangra Sector-13 Relief Center,Kangra,Himachal Pradesh,earthquake,32.20779,76.36067,300,132,0.285,2.24,1,20.4,101.1,219.1,1.7,75.5,89.93,CRITICAL_DEFICIT,0
SH-KAN-2969,Kangra Sector-8 Relief Center,Kangra,Himachal Pradesh,earthquake,31.64119,76.08331,150,156,0.116,1.49,1,46.5,113.5,287.9,1.9,73.9,91.77,CRITICAL_DEFICIT,0
SH-VIS-2970,Visakhapatnam Sector-16 Relief Center,Visakhapatnam,Andhra Pradesh,cyclone,17.95383,83.38434,150,41,0.169,7.66,0,46.6,37.8,101.8,0.8,30.7,100.0,CRITICAL_DEFICIT,0
SH-IDU-2971,Idukki Sector-6 Relief Center,Idukki,Kerala,flood,9.69857,77.23781,300,339,0.208,2.88,0,8.4,102.2,169.6,1.5,43.4,100.0,CRITICAL_DEFICIT,0
SH-DAR-2972,Darbhanga Sector-18 Relief Center,Darbhanga,Bihar,flood,26.32277,86.05462,500,450,0.279,1.11,1,33.5,111.9,324.7,2.8,54.2,99.73,CRITICAL_DEFICIT,0
SH-KAT-2973,Katihar Sector-9 Relief Center,Katihar,Bihar,flood,25.47841,87.76323,300,91,0.455,5.19,0,22.0,181.2,476.7,3.2,68.0,91.35,CRITICAL_DEFICIT,0
SH-KUT-2974,Kutch Sector-19 Relief Center,Kutch,Gujarat,earthquake,23.97638,69.97028,300,264,0.283,1.88,1,25.8,962.9,2143.2,14.4,890.9,61.57,DEFICIT,1
SH-KUT-2975,Kutch Sector-4 Relief Center,Kutch,Gujarat,earthquake,24.08619,69.99981,2000,1071,0.536,3.28,0,57.8,2256.5,6210.1,50.1,1698.1,93.46,CRITICAL_DEFICIT,0
SH-KUT-2976,Kutch Sector-17 Relief Center,Kutch,Gujarat,earthquake,23.73809,69.80216,300,266,0.267,1.36,1,42.2,1178.6,2758.3,30.0,813.1,42.62,DEFICIT,1
SH-BAL-2977,Balasore Sector-5 Relief Center,Balasore,Odisha,cyclone,21.33188,87.06073,500,383,0.298,3.8,1,42.6,104.4,265.3,2.7,62.3,98.19,CRITICAL_DEFICIT,0
SH-UTT-2978,Uttarkashi Sector-11 Relief Center,Uttarkashi,Uttarakhand,earthquake,30.87178,78.43971,800,425,0.255,0.35,0,5.0,349.3,911.8,5.9,150.3,100.0,CRITICAL_DEFICIT,0
SH-KAN-2979,Kangra Sector-1 Relief Center,Kangra,Himachal Pradesh,earthquake,32.11863,76.63643,800,281,0.171,2.62,1,23.1,1669.4,3281.7,37.2,1321.6,29.21,BALANCED,2
SH-KAN-2980,Kangra Sector-3 Relief Center,Kangra,Himachal Pradesh,earthquake,32.18561,75.7052,300,57,0.361,0.75,1,21.0,46.6,110.5,1.1,39.9,94.74,CRITICAL_DEFICIT,0
SH-DHU-2981,Dhubri Sector-10 Relief Center,Dhubri,Assam,flood,26.57977,89.69306,300,356,0.276,3.54,1,32.1,1452.6,3490.7,21.0,574.0,51.16,DEFICIT,1
SH-CHA-2982,Chamoli Sector-6 Relief Center,Chamoli,Uttarakhand,earthquake,30.23063,79.37697,150,157,0.184,0.21,0,12.0,591.9,1036.6,7.0,236.2,72.3,CRITICAL_DEFICIT,0
SH-KAZ-2983,Kaziranga Sector-12 Relief Center,Kaziranga,Assam,flood,26.62896,93.25726,150,138,0.196,2.53,1,0.0,113.7,323.7,2.5,53.5,92.06,CRITICAL_DEFICIT,0
SH-BAL-2984,Balasore Sector-13 Relief Center,Balasore,Odisha,cyclone,21.49626,86.75273,150,83,0.092,0.92,1,51.0,268.9,813.7,2.9,235.1,64.5,DEFICIT,1
SH-KAN-2985,Kangra Sector-19 Relief Center,Kangra,Himachal Pradesh,earthquake,32.49865,76.35067,300,162,0.176,0.41,1,29.0,277.5,562.3,3.6,173.7,82.71,CRITICAL_DEFICIT,0
SH-KAT-2986,Katihar Sector-10 Relief Center,Katihar,Bihar,flood,25.91042,87.72633,1200,1372,0.293,0.45,0,0.0,2757.4,5935.5,56.6,2297.8,92.24,CRITICAL_DEFICIT,0
SH-KAZ-2987,Kaziranga Sector-3 Relief Center,Kaziranga,Assam,flood,25.87794,93.061,300,92,0.122,11.03,1,34.4,412.9,1226.5,6.8,223.5,41.86,DEFICIT,1
SH-KUT-2988,Kutch Sector-12 Relief Center,Kutch,Gujarat,earthquake,23.61236,69.74773,150,115,0.65,1.61,0,30.1,622.2,1432.7,17.8,415.8,50.39,DEFICIT,1
SH-KUT-2989,Kutch Sector-16 Relief Center,Kutch,Gujarat,earthquake,23.5446,69.94655,500,266,0.297,0.06,1,40.2,543.8,936.2,7.2,183.1,84.68,CRITICAL_DEFICIT,0
SH-SOU-2990,South 24 Parganas Sector-16 Relief Center,South 24 Parganas,West Bengal,cyclone,22.08234,88.69996,150,20,0.331,0.2,1,14.3,119.7,255.0,2.5,80.7,27.95,BALANCED,2
SH-KUT-2991,Kutch Sector-2 Relief Center,Kutch,Gujarat,earthquake,23.87736,70.13917,2000,1649,0.568,2.55,0,30.3,450.6,1270.4,9.5,364.3,100.0,CRITICAL_DEFICIT,0
SH-KUT-2992,Kutch Sector-19 Relief Center,Kutch,Gujarat,earthquake,23.66085,70.06582,300,124,0.286,1.78,1,17.4,118.5,220.8,2.5,45.9,98.15,CRITICAL_DEFICIT,0
SH-DAR-2993,Darbhanga Sector-15 Relief Center,Darbhanga,Bihar,flood,25.7835,85.91751,300,152,0.305,4.04,1,0.0,1328.3,2234.2,32.9,1168.0,21.95,BALANCED,2
SH-PUR-2994,Puri Sector-5 Relief Center,Puri,Odisha,cyclone,19.92883,85.57656,500,277,0.13,1.57,1,10.8,279.7,585.5,5.0,166.1,89.11,CRITICAL_DEFICIT,0
SH-WAY-2995,Wayanad Sector-14 Relief Center,Wayanad,Kerala,flood,11.63036,76.02932,500,512,0.381,0.68,1,57.7,1687.3,4414.8,26.3,1421.5,60.24,DEFICIT,1
SH-KAZ-2996,Kaziranga Sector-5 Relief Center,Kaziranga,Assam,flood,26.80561,93.15383,300,198,0.197,1.42,1,5.9,168.7,488.7,1.8,66.1,90.53,CRITICAL_DEFICIT,0
SH-DHU-2997,Dhubri Sector-14 Relief Center,Dhubri,Assam,flood,26.0946,89.63082,500,333,0.65,1.21,1,25.9,1188.4,3135.5,25.5,678.5,59.66,DEFICIT,1
SH-BAL-2998,Balasore Sector-1 Relief Center,Balasore,Odisha,cyclone,21.73285,86.35268,300,190,0.168,1.31,1,68.6,173.3,297.6,2.8,95.2,94.38,CRITICAL_DEFICIT,0
SH-UTT-2999,Uttarkashi Sector-1 Relief Center,Uttarkashi,Uttarakhand,earthquake,30.71856,78.45737,500,507,0.242,1.9,1,0.0,972.8,2691.8,14.8,734.9,80.31,CRITICAL_DEFICIT,0
SH-UTT-3000,Uttarkashi Sector-8 Relief Center,Uttarkashi,Uttarakhand,earthquake,30.61919,78.54032,1200,499,0.422,2.1,0,30.3,855.8,2511.6,11.9,471.7,97.33,CRITICAL_DEFICIT,0
SH-BAL-3001,Balasore Sector-1 Relief Center,Balasore,Odisha,cyclone,21.28003,86.89473,500,27,0.307,2.54,1,1.7,93.8,208.3,1.3,84.8,62.81,DEFICIT,1
SH-UTT-3002,Uttarkashi Sector-8 Relief Center,Uttarkashi,Uttarakhand,earthquake,30.28494,77.87931,500,356,0.318,3.74,0,28.5,307.5,616.4,5.8,125.6,100.0,CRITICAL_DEFICIT,0
SH-BAL-3003,Balasore Sector-15 Relief Center,Balasore,Odisha,cyclone,21.57283,87.13396,300,43,0.38,6.27,0,43.2,73.7,203.7,1.6,30.3,99.24,CRITICAL_DEFICIT,0
SH-UTT-3004,Uttarkashi Sector-8 Relief Center,Uttarkashi,Uttarakhand,earthquake,30.64626,78.40846,150,53,0.199,2.32,0,19.7,48.3,102.9,0.6,23.9,100.0,CRITICAL_DEFICIT,0
SH-KAZ-3005,Kaziranga Sector-10 Relief Center,Kaziranga,Assam,flood,26.87342,93.5791,300,209,0.156,4.75,1,43.1,68.9,196.3,0.7,42.8,93.23,CRITICAL_DEFICIT,0
SH-KAN-3006,Kangra Sector-11 Relief Center,Kangra,Himachal Pradesh,earthquake,32.22211,76.5644,300,83,0.159,1.13,1,26.5,27.5,52.6,0.3,14.2,98.69,CRITICAL_DEFICIT,0
SH-KAT-3007,Katihar Sector-12 Relief Center,Katihar,Bihar,flood,25.76954,87.9418,300,149,0.192,3.18,0,0.0,652.7,1764.3,14.4,467.2,59.73,DEFICIT,1
SH-CHA-3008,Chamoli Sector-7 Relief Center,Chamoli,Uttarakhand,earthquake,30.44452,79.12955,300,167,0.283,2.2,1,11.6,266.7,526.5,6.9,217.6,85.02,CRITICAL_DEFICIT,0
SH-KAZ-3009,Kaziranga Sector-7 Relief Center,Kaziranga,Assam,flood,26.53385,92.82522,150,97,0.371,5.54,0,37.4,204.4,469.6,3.9,147.4,91.78,CRITICAL_DEFICIT,0
SH-UTT-3010,Uttarkashi Sector-11 Relief Center,Uttarkashi,Uttarakhand,earthquake,31.11269,78.45661,300,223,0.531,4.39,1,58.4,216.4,394.5,4.3,136.3,94.96,CRITICAL_DEFICIT,0
SH-CHA-3011,Chamoli Sector-4 Relief Center,Chamoli,Uttarakhand,earthquake,30.23943,79.32892,150,124,0.203,4.3,0,0.0,970.1,2467.8,12.5,862.4,15.52,SURPLUS,3
SH-CHA-3012,Chamoli Sector-19 Relief Center,Chamoli,Uttarakhand,earthquake,30.4099,79.24754,300,74,0.478,2.72,1,51.5,469.3,1312.2,8.1,167.4,19.37,BALANCED,2
SH-KUT-3013,Kutch Sector-1 Relief Center,Kutch,Gujarat,earthquake,23.878,69.50294,300,92,0.374,2.87,1,27.4,182.7,482.5,3.9,133.1,75.07,CRITICAL_DEFICIT,0
SH-DAR-3014,Darbhanga Sector-7 Relief Center,Darbhanga,Bihar,flood,26.15824,85.73563,800,413,0.356,0.02,1,37.3,367.3,1094.0,7.3,155.7,93.86,CRITICAL_DEFICIT,0
SH-KAZ-3015,Kaziranga Sector-18 Relief Center,Kaziranga,Assam,flood,26.0378,93.15435,300,183,0.56,5.25,1,12.2,384.6,1052.1,6.0,205.1,78.2,CRITICAL_DEFICIT,0
SH-DHU-3016,Dhubri Sector-12 Relief Center,Dhubri,Assam,flood,25.71722,89.75141,1200,1071,0.248,4.12,1,12.4,4496.6,12719.2,82.9,2484.3,48.85,DEFICIT,1
SH-CHA-3017,Chamoli Sector-9 Relief Center,Chamoli,Uttarakhand,earthquake,30.47173,79.24117,300,197,0.65,1.43,1,19.5,151.1,265.8,5.4,150.6,100.0,CRITICAL_DEFICIT,0
SH-DAR-3018,Darbhanga Sector-12 Relief Center,Darbhanga,Bihar,flood,25.9105,86.05527,500,433,0.394,3.52,0,38.4,135.6,410.1,1.9,130.9,100.0,CRITICAL_DEFICIT,0
SH-BAL-3019,Balasore Sector-1 Relief Center,Balasore,Odisha,cyclone,21.94098,86.69012,500,101,0.255,0.11,1,38.4,315.3,855.1,3.9,312.6,63.35,DEFICIT,1
SH-DAR-3020,Darbhanga Sector-4 Relief Center,Darbhanga,Bihar,flood,26.17964,86.11181,150,74,0.096,3.65,1,12.9,55.7,144.4,0.8,21.9,93.53,CRITICAL_DEFICIT,0
SH-SOU-3021,South 24 Parganas Sector-14 Relief Center,South 24 Parganas,West Bengal,cyclone,22.47909,89.17865,300,162,0.296,1.65,1,12.1,1289.1,2910.3,25.1,529.6,0.0,SURPLUS,3
SH-PUR-3022,Puri Sector-17 Relief Center,Puri,Odisha,cyclone,20.14437,85.77886,300,164,0.258,0.98,1,16.8,266.8,752.3,5.7,195.2,74.13,CRITICAL_DEFICIT,0
SH-IDU-3023,Idukki Sector-17 Relief Center,Idukki,Kerala,flood,10.02029,76.66196,500,351,0.446,0.8,1,28.2,752.1,1497.0,20.3,610.2,80.81,CRITICAL_DEFICIT,0
SH-KAN-3024,Kangra Sector-5 Relief Center,Kangra,Himachal Pradesh,earthquake,32.28354,76.32879,500,501,0.264,2.43,0,12.0,466.8,989.8,6.0,229.7,100.0,CRITICAL_DEFICIT,0
SH-VIS-3025,Visakhapatnam Sector-7 Relief Center,Visakhapatnam,Andhra Pradesh,cyclone,17.52578,82.96707,150,182,0.551,1.16,1,15.6,44.2,84.1,0.9,29.0,100.0,CRITICAL_DEFICIT,0
SH-UTT-3026,Uttarkashi Sector-15 Relief Center,Uttarkashi,Uttarakhand,earthquake,30.58592,78.35023,150,24,0.12,11.94,1,36.3,17.9,41.3,0.3,16.7,85.74,CRITICAL_DEFICIT,0
SH-KAN-3027,Kangra Sector-4 Relief Center,Kangra,Himachal Pradesh,earthquake,32.22709,76.4142,500,530,0.413,2.72,1,34.5,500.2,877.6,13.3,341.7,94.26,CRITICAL_DEFICIT,0
SH-DAR-3028,Darbhanga Sector-13 Relief Center,Darbhanga,Bihar,flood,25.82176,85.65259,300,221,0.296,0.71,1,27.5,330.8,839.2,6.3,187.2,86.5,CRITICAL_DEFICIT,0
SH-KUT-3029,Kutch Sector-17 Relief Center,Kutch,Gujarat,earthquake,23.80145,69.69969,300,256,0.47,0.21,0,63.4,1121.6,2095.3,27.0,388.3,75.39,CRITICAL_DEFICIT,0
SH-SOU-3030,South 24 Parganas Sector-9 Relief Center,South 24 Parganas,West Bengal,cyclone,21.99394,88.59107,300,64,0.456,0.4,1,49.3,52.2,92.9,0.7,44.6,99.22,CRITICAL_DEFICIT,0
SH-BAL-3031,Balasore Sector-5 Relief Center,Balasore,Odisha,cyclone,21.30546,86.62811,300,104,0.224,0.6,0,14.8,177.4,532.4,2.2,130.0,93.4,CRITICAL_DEFICIT,0
SH-KAN-3032,Kangra Sector-4 Relief Center,Kangra,Himachal Pradesh,earthquake,32.30532,76.16339,500,62,0.175,1.17,1,12.2,21.9,35.8,0.5,11.1,96.92,CRITICAL_DEFICIT,0
SH-DHU-3033,Dhubri Sector-1 Relief Center,Dhubri,Assam,flood,25.90264,90.00084,150,178,0.193,0.94,0,51.5,725.1,1812.3,8.2,270.4,65.18,DEFICIT,1
SH-BAL-3034,Balasore Sector-15 Relief Center,Balasore,Odisha,cyclone,21.46343,86.75471,1200,389,0.389,1.44,0,18.4,101.9,282.3,2.2,51.5,100.0,CRITICAL_DEFICIT,0
SH-KAN-3035,Kangra Sector-10 Relief Center,Kangra,Himachal Pradesh,earthquake,32.08504,76.21142,150,95,0.566,1.47,1,30.9,578.1,1483.9,10.0,235.7,23.6,BALANCED,2
SH-KAZ-3036,Kaziranga Sector-12 Relief Center,Kaziranga,Assam,flood,26.47765,93.48318,300,242,0.351,0.82,1,39.7,2208.9,4557.7,59.1,784.2,5.52,SURPLUS,3
SH-KAT-3037,Katihar Sector-17 Relief Center,Katihar,Bihar,flood,25.86568,87.72006,500,352,0.304,3.42,0,46.6,275.7,622.6,6.7,148.3,100.0,CRITICAL_DEFICIT,0
SH-PUR-3038,Puri Sector-19 Relief Center,Puri,Odisha,cyclone,19.74238,86.01263,500,223,0.05,0.85,1,15.0,477.4,1181.9,6.6,166.3,68.95,CRITICAL_DEFICIT,0
SH-PUR-3039,Puri Sector-5 Relief Center,Puri,Odisha,cyclone,19.46686,85.98847,800,732,0.22,8.7,1,15.3,1221.6,2806.5,30.3,641.3,78.21,CRITICAL_DEFICIT,0
SH-WAY-3040,Wayanad Sector-11 Relief Center,Wayanad,Kerala,flood,11.3298,75.93435,300,301,0.23,1.44,1,5.4,288.5,801.7,3.1,167.0,88.47,CRITICAL_DEFICIT,0
SH-SOU-3041,South 24 Parganas Sector-19 Relief Center,South 24 Parganas,West Bengal,cyclone,21.71922,88.30025,500,215,0.089,1.26,0,64.6,390.8,667.4,6.7,309.0,96.58,CRITICAL_DEFICIT,0
SH-BAL-3042,Balasore Sector-13 Relief Center,Balasore,Odisha,cyclone,21.56124,86.91497,300,48,0.337,2.71,1,42.5,51.2,139.0,0.8,26.7,87.37,CRITICAL_DEFICIT,0
SH-KUT-3043,Kutch Sector-5 Relief Center,Kutch,Gujarat,earthquake,23.44001,69.93805,1200,387,0.334,3.0,0,24.6,610.4,1361.6,12.1,265.4,97.04,CRITICAL_DEFICIT,0
SH-CHA-3044,Chamoli Sector-10 Relief Center,Chamoli,Uttarakhand,earthquake,29.94104,79.30294,500,360,0.229,0.56,1,8.8,100.2,205.0,1.1,71.4,99.76,CRITICAL_DEFICIT,0
SH-PUR-3045,Puri Sector-7 Relief Center,Puri,Odisha,cyclone,20.04867,86.06642,1200,703,0.107,1.63,1,22.3,184.4,356.6,2.6,114.9,96.23,CRITICAL_DEFICIT,0
SH-IDU-3046,Idukki Sector-10 Relief Center,Idukki,Kerala,flood,9.97796,76.52054,500,306,0.323,4.33,0,12.5,498.0,1267.0,6.2,414.5,95.75,CRITICAL_DEFICIT,0
SH-DHU-3047,Dhubri Sector-3 Relief Center,Dhubri,Assam,flood,25.8734,90.0906,500,503,0.144,1.51,1,25.1,1798.7,5279.5,29.4,1443.5,51.96,DEFICIT,1
SH-KAZ-3048,Kaziranga Sector-10 Relief Center,Kaziranga,Assam,flood,26.90431,92.92509,800,415,0.187,1.35,0,40.2,366.2,602.7,5.2,233.9,100.0,CRITICAL_DEFICIT,0
SH-UTT-3049,Uttarkashi Sector-6 Relief Center,Uttarkashi,Uttarakhand,earthquake,30.8775,78.58068,500,265,0.203,1.01,1,0.0,1008.7,2430.6,14.5,547.0,55.64,DEFICIT,1
SH-CHA-3050,Chamoli Sector-11 Relief Center,Chamoli,Uttarakhand,earthquake,30.37228,79.30462,800,428,0.267,3.82,1,33.5,2348.1,5977.3,35.4,2101.7,26.81,BALANCED,2
SH-CHA-3051,Chamoli Sector-7 Relief Center,Chamoli,Uttarakhand,earthquake,29.9284,79.13244,500,368,0.308,0.2,1,24.3,769.4,2261.7,19.1,386.9,68.05,CRITICAL_DEFICIT,0
SH-DHU-3052,Dhubri Sector-19 Relief Center,Dhubri,Assam,flood,25.76216,90.12929,150,20,0.444,5.15,1,39.9,73.2,183.4,1.5,69.2,55.89,DEFICIT,1
SH-KUT-3053,Kutch Sector-13 Relief Center,Kutch,Gujarat,earthquake,23.66244,69.95638,150,106,0.283,0.98,1,41.3,165.0,383.7,3.1,110.7,79.58,CRITICAL_DEFICIT,0
SH-KAZ-3054,Kaziranga Sector-4 Relief Center,Kaziranga,Assam,flood,26.3769,92.86918,300,69,0.559,0.08,1,5.1,101.7,291.4,1.9,43.9,86.13,CRITICAL_DEFICIT,0
SH-WAY-3055,Wayanad Sector-15 Relief Center,Wayanad,Kerala,flood,11.37148,76.02364,300,60,0.116,2.53,0,72.1,116.6,297.4,1.7,49.5,93.57,CRITICAL_DEFICIT,0
SH-SOU-3056,South 24 Parganas Sector-14 Relief Center,South 24 Parganas,West Bengal,cyclone,22.08141,88.05006,500,243,0.342,1.29,1,18.0,409.0,1107.3,10.4,227.8,73.74,CRITICAL_DEFICIT,0
SH-CHA-3057,Chamoli Sector-11 Relief Center,Chamoli,Uttarakhand,earthquake,30.2765,79.33346,500,123,0.585,12.11,1,0.0,97.9,274.0,2.3,66.9,99.91,CRITICAL_DEFICIT,0
SH-KAT-3058,Katihar Sector-12 Relief Center,Katihar,Bihar,flood,25.52868,87.8812,500,116,0.43,10.82,0,17.1,107.1,295.7,3.2,36.1,99.81,CRITICAL_DEFICIT,0
SH-DHU-3059,Dhubri Sector-2 Relief Center,Dhubri,Assam,flood,26.35988,89.6974,300,169,0.148,2.81,1,51.8,1173.2,3182.9,24.5,1033.3,4.14,BALANCED,2
SH-IDU-3060,Idukki Sector-16 Relief Center,Idukki,Kerala,flood,9.53354,76.7212,150,85,0.188,3.1,1,0.0,29.8,52.0,0.4,18.7,99.91,CRITICAL_DEFICIT,0
SH-IDU-3061,Idukki Sector-9 Relief Center,Idukki,Kerala,flood,10.14852,76.9843,300,188,0.05,2.21,0,23.9,379.9,694.3,3.3,133.5,98.33,CRITICAL_DEFICIT,0
SH-PUR-3062,Puri Sector-3 Relief Center,Puri,Odisha,cyclone,20.28589,85.79182,300,61,0.115,1.06,1,59.4,61.9,154.4,1.2,22.9,84.45,CRITICAL_DEFICIT,0
SH-KUT-3063,Kutch Sector-15 Relief Center,Kutch,Gujarat,earthquake,23.90961,69.87811,300,163,0.106,11.07,1,0.0,501.5,1121.7,5.9,483.2,61.07,DEFICIT,1
SH-WAY-3064,Wayanad Sector-1 Relief Center,Wayanad,Kerala,flood,12.12539,76.0186,300,233,0.467,1.98,0,4.1,2927.5,5320.7,87.4,1550.8,23.29,SURPLUS,3
SH-CHA-3065,Chamoli Sector-5 Relief Center,Chamoli,Uttarakhand,earthquake,30.49974,78.88896,150,155,0.361,0.67,1,35.1,320.1,680.5,8.1,113.7,77.72,CRITICAL_DEFICIT,0
SH-UTT-3066,Uttarkashi Sector-14 Relief Center,Uttarkashi,Uttarakhand,earthquake,30.63581,78.46878,500,489,0.065,0.02,1,32.5,2158.2,5626.2,24.6,874.2,42.84,DEFICIT,1
SH-KUT-3067,Kutch Sector-18 Relief Center,Kutch,Gujarat,earthquake,23.46,69.85604,800,294,0.192,0.06,1,27.2,1778.3,3820.6,27.8,775.9,31.27,BALANCED,2
SH-UTT-3068,Uttarkashi Sector-14 Relief Center,Uttarkashi,Uttarakhand,earthquake,30.59968,78.87598,500,433,0.272,1.28,1,33.8,931.2,2820.0,14.0,610.4,80.23,CRITICAL_DEFICIT,0
SH-BAL-3069,Balasore Sector-6 Relief Center,Balasore,Odisha,cyclone,21.75746,86.94576,800,804,0.215,2.92,0,19.2,1629.9,4719.9,33.7,1260.3,90.6,CRITICAL_DEFICIT,0
SH-CHA-3070,Chamoli Sector-4 Relief Center,Chamoli,Uttarakhand,earthquake,30.32843,78.66594,1200,843,0.382,1.64,1,31.3,3147.9,8970.0,80.5,2397.6,50.4,DEFICIT,1
SH-VIS-3071,Visakhapatnam Sector-1 Relief Center,Visakhapatnam,Andhra Pradesh,cyclone,17.79364,83.01442,800,399,0.363,7.97,0,57.6,345.7,966.2,4.7,189.2,100.0,CRITICAL_DEFICIT,0
SH-UTT-3072,Uttarkashi Sector-3 Relief Center,Uttarkashi,Uttarakhand,earthquake,30.32566,78.67769,300,218,0.221,0.68,1,13.4,58.0,115.5,1.1,40.7,96.84,CRITICAL_DEFICIT,0
SH-IDU-3073,Idukki Sector-1 Relief Center,Idukki,Kerala,flood,9.86065,76.76754,150,123,0.058,1.16,1,9.6,110.7,229.4,1.3,64.6,87.86,CRITICAL_DEFICIT,0
SH-BAL-3074,Balasore Sector-8 Relief Center,Balasore,Odisha,cyclone,21.69665,86.61566,300,242,0.347,0.59,1,51.6,499.8,1004.0,11.0,167.5,73.27,CRITICAL_DEFICIT,0
SH-PUR-3075,Puri Sector-11 Relief Center,Puri,Odisha,cyclone,19.64431,85.63859,150,77,0.65,0.48,0,23.4,118.4,199.2,3.6,112.8,100.0,CRITICAL_DEFICIT,0
SH-VIS-3076,Visakhapatnam Sector-11 Relief Center,Visakhapatnam,Andhra Pradesh,cyclone,17.6322,83.17163,300,220,0.185,0.97,0,9.6,1961.4,4514.1,26.2,1656.8,17.94,SURPLUS,3
SH-SOU-3077,South 24 Parganas Sector-2 Relief Center,South 24 Parganas,West Bengal,cyclone,22.04978,88.41881,150,95,0.358,0.41,1,32.6,307.6,931.1,6.7,281.0,55.55,DEFICIT,1
SH-KAT-3078,Katihar Sector-19 Relief Center,Katihar,Bihar,flood,25.28929,87.56985,300,205,0.194,3.29,0,50.9,2018.9,3857.0,31.6,1975.2,18.45,SURPLUS,3
SH-IDU-3079,Idukki Sector-16 Relief Center,Idukki,Kerala,flood,9.53102,77.14162,300,74,0.333,1.84,1,23.5,119.7,309.3,2.6,63.6,82.63,CRITICAL_DEFICIT,0
SH-SOU-3080,South 24 Parganas Sector-7 Relief Center,South 24 Parganas,West Bengal,cyclone,21.9729,88.86342,300,253,0.268,1.59,1,33.2,2042.4,5104.5,51.0,1855.5,5.29,SURPLUS,3
SH-BAL-3081,Balasore Sector-11 Relief Center,Balasore,Odisha,cyclone,21.51062,86.83567,150,82,0.399,0.55,0,0.0,171.4,415.8,3.5,89.9,91.1,CRITICAL_DEFICIT,0
SH-WAY-3082,Wayanad Sector-18 Relief Center,Wayanad,Kerala,flood,11.47904,76.40605,1200,759,0.328,1.2,1,12.6,599.5,1039.1,16.6,554.1,90.25,CRITICAL_DEFICIT,0
SH-SOU-3083,South 24 Parganas Sector-11 Relief Center,South 24 Parganas,West Bengal,cyclone,22.24629,88.41844,800,901,0.646,0.2,1,13.7,5178.5,12190.0,122.8,3590.2,31.28,BALANCED,2
SH-KAN-3084,Kangra Sector-13 Relief Center,Kangra,Himachal Pradesh,earthquake,31.92698,76.40518,800,504,0.138,4.02,0,14.0,2252.6,5982.3,28.8,2229.2,55.14,DEFICIT,1
SH-PUR-3085,Puri Sector-10 Relief Center,Puri,Odisha,cyclone,20.27185,85.98327,300,164,0.194,2.75,0,26.4,39.7,82.2,0.8,26.8,100.0,CRITICAL_DEFICIT,0
SH-WAY-3086,Wayanad Sector-16 Relief Center,Wayanad,Kerala,flood,11.94289,76.09625,300,95,0.153,1.92,1,27.7,152.2,277.8,2.6,99.3,85.43,CRITICAL_DEFICIT,0
SH-IDU-3087,Idukki Sector-1 Relief Center,Idukki,Kerala,flood,9.55315,76.91177,150,130,0.465,0.84,1,49.9,573.5,1270.9,14.6,492.5,50.58,DEFICIT,1
SH-CHA-3088,Chamoli Sector-11 Relief Center,Chamoli,Uttarakhand,earthquake,30.62317,79.43496,1200,162,0.317,0.59,1,17.6,119.5,316.3,2.2,46.0,98.64,CRITICAL_DEFICIT,0
SH-PUR-3089,Puri Sector-12 Relief Center,Puri,Odisha,cyclone,19.90407,85.92548,150,69,0.29,0.48,0,38.3,24.7,54.0,0.3,18.2,100.0,CRITICAL_DEFICIT,0
SH-VIS-3090,Visakhapatnam Sector-15 Relief Center,Visakhapatnam,Andhra Pradesh,cyclone,17.93906,83.2836,800,489,0.552,0.17,1,27.9,828.2,1885.9,20.1,364.3,87.47,CRITICAL_DEFICIT,0
SH-KAZ-3091,Kaziranga Sector-3 Relief Center,Kaziranga,Assam,flood,26.48825,92.83641,500,106,0.258,2.57,1,81.8,193.0,428.4,2.8,80.4,78.94,CRITICAL_DEFICIT,0
SH-CHA-3092,Chamoli Sector-8 Relief Center,Chamoli,Uttarakhand,earthquake,30.2563,79.36005,800,467,0.428,0.53,1,4.0,406.8,1138.4,5.7,141.8,95.71,CRITICAL_DEFICIT,0
SH-IDU-3093,Idukki Sector-1 Relief Center,Idukki,Kerala,flood,9.58084,76.89593,2000,2055,0.248,2.11,0,26.0,7708.1,13903.7,172.0,7142.3,80.2,CRITICAL_DEFICIT,0
SH-WAY-3094,Wayanad Sector-6 Relief Center,Wayanad,Kerala,flood,11.25712,76.03418,150,102,0.243,2.54,0,32.2,203.8,418.4,3.8,180.3,94.03,CRITICAL_DEFICIT,0
SH-KUT-3095,Kutch Sector-1 Relief Center,Kutch,Gujarat,earthquake,23.66649,70.14702,150,145,0.556,0.7,1,16.8,864.6,1857.9,26.2,671.2,33.89,BALANCED,2
SH-DAR-3096,Darbhanga Sector-7 Relief Center,Darbhanga,Bihar,flood,26.28752,86.08164,300,240,0.343,0.2,1,11.6,418.0,969.8,6.9,198.9,81.58,CRITICAL_DEFICIT,0
SH-UTT-3097,Uttarkashi Sector-7 Relief Center,Uttarkashi,Uttarakhand,earthquake,30.56987,78.31405,2000,797,0.135,0.73,0,27.4,223.0,446.4,4.0,80.0,100.0,CRITICAL_DEFICIT,0
SH-IDU-3098,Idukki Sector-4 Relief Center,Idukki,Kerala,flood,9.79508,77.02389,500,521,0.512,0.9,1,5.8,126.6,209.1,2.2,115.4,100.0,CRITICAL_DEFICIT,0
SH-VIS-3099,Visakhapatnam Sector-18 Relief Center,Visakhapatnam,Andhra Pradesh,cyclone,17.70198,83.15189,300,138,0.073,1.5,1,33.2,443.9,1260.1,4.0,198.3,52.98,DEFICIT,1
SH-IDU-3100,Idukki Sector-10 Relief Center,Idukki,Kerala,flood,9.81881,77.03933,300,83,0.123,0.17,1,20.5,67.1,144.6,0.8,42.5,96.66,CRITICAL_DEFICIT,0
SH-KAZ-3101,Kaziranga Sector-19 Relief Center,Kaziranga,Assam,flood,26.2131,93.52189,300,339,0.468,2.83,1,22.5,1218.0,2098.8,31.7,1034.3,65.84,DEFICIT,1
SH-KAN-3102,Kangra Sector-12 Relief Center,Kangra,Himachal Pradesh,earthquake,32.04867,76.29437,150,78,0.424,1.64,1,28.9,67.2,141.3,1.0,26.0,100.0,CRITICAL_DEFICIT,0
SH-VIS-3103,Visakhapatnam Sector-9 Relief Center,Visakhapatnam,Andhra Pradesh,cyclone,17.64368,82.85462,800,944,0.482,1.49,1,54.1,688.3,1611.7,15.5,536.7,93.05,CRITICAL_DEFICIT,0
SH-UTT-3104,Uttarkashi Sector-9 Relief Center,Uttarkashi,Uttarakhand,earthquake,30.69096,78.5853,150,116,0.312,0.04,1,0.0,37.9,111.4,0.6,27.9,100.0,CRITICAL_DEFICIT,0
SH-DAR-3105,Darbhanga Sector-2 Relief Center,Darbhanga,Bihar,flood,26.24066,86.08539,150,140,0.247,6.57,0,16.1,449.5,1334.1,7.9,159.1,74.1,CRITICAL_DEFICIT,0
SH-BAL-3106,Balasore Sector-18 Relief Center,Balasore,Odisha,cyclone,21.62033,86.70637,500,466,0.65,0.9,1,39.3,429.4,1254.6,7.2,198.8,96.33,CRITICAL_DEFICIT,0
SH-IDU-3107,Idukki Sector-19 Relief Center,Idukki,Kerala,flood,9.97624,76.85681,500,477,0.105,7.46,0,16.8,392.3,1057.9,5.3,336.1,100.0,CRITICAL_DEFICIT,0
SH-DHU-3108,Dhubri Sector-1 Relief Center,Dhubri,Assam,flood,26.14421,89.54864,150,73,0.27,5.28,0,0.0,61.1,117.3,1.6,25.7,100.0,CRITICAL_DEFICIT,0
SH-KAN-3109,Kangra Sector-16 Relief Center,Kangra,Himachal Pradesh,earthquake,31.97487,76.09093,300,181,0.282,0.05,1,2.8,368.4,694.5,7.2,123.7,82.73,CRITICAL_DEFICIT,0
SH-KAT-3110,Katihar Sector-19 Relief Center,Katihar,Bihar,flood,25.72293,87.39933,1200,308,0.182,0.14,0,21.5,3339.0,7900.5,36.8,1730.3,13.26,SURPLUS,3
SH-PUR-3111,Puri Sector-6 Relief Center,Puri,Odisha,cyclone,19.88975,85.68413,150,149,0.104,1.96,1,3.9,853.7,2495.9,10.2,827.9,26.76,BALANCED,2
SH-BAL-3112,Balasore Sector-3 Relief Center,Balasore,Odisha,cyclone,21.22172,87.14181,500,490,0.343,0.92,1,2.0,3176.8,5995.4,51.3,2044.1,39.48,BALANCED,2
SH-SOU-3113,South 24 Parganas Sector-16 Relief Center,South 24 Parganas,West Bengal,cyclone,21.63259,88.45614,300,115,0.188,2.85,0,28.6,763.1,2264.4,9.9,427.1,28.22,BALANCED,2
SH-WAY-3114,Wayanad Sector-10 Relief Center,Wayanad,Kerala,flood,11.70605,76.27672,500,508,0.193,2.06,1,55.8,142.3,403.7,2.9,54.4,99.67,CRITICAL_DEFICIT,0
SH-KUT-3115,Kutch Sector-1 Relief Center,Kutch,Gujarat,earthquake,23.82081,69.32493,150,137,0.155,3.4,1,9.5,132.6,244.3,1.3,112.5,93.92,CRITICAL_DEFICIT,0
SH-DHU-3116,Dhubri Sector-2 Relief Center,Dhubri,Assam,flood,25.95022,89.60798,150,86,0.603,0.54,1,0.0,157.1,365.6,4.3,67.3,80.97,CRITICAL_DEFICIT,0
SH-UTT-3117,Uttarkashi Sector-10 Relief Center,Uttarkashi,Uttarakhand,earthquake,30.23315,78.51346,300,142,0.306,0.72,1,0.0,124.0,215.1,3.2,69.0,96.1,CRITICAL_DEFICIT,0
SH-DAR-3118,Darbhanga Sector-17 Relief Center,Darbhanga,Bihar,flood,26.00116,86.17322,300,306,0.251,1.83,1,5.9,1054.9,2597.9,25.9,713.0,54.27,DEFICIT,1
SH-KAT-3119,Katihar Sector-14 Relief Center,Katihar,Bihar,flood,25.60194,87.56357,150,108,0.509,5.1,1,27.0,362.3,864.9,11.9,355.5,60.85,DEFICIT,1
SH-UTT-3120,Uttarkashi Sector-9 Relief Center,Uttarkashi,Uttarakhand,earthquake,30.96396,78.54244,800,417,0.199,2.36,0,26.8,125.1,219.1,2.7,80.4,100.0,CRITICAL_DEFICIT,0
SH-DHU-3121,Dhubri Sector-17 Relief Center,Dhubri,Assam,flood,25.22201,89.95135,1200,512,0.539,5.82,0,7.2,441.3,1052.9,6.8,297.4,100.0,CRITICAL_DEFICIT,0
SH-BAL-3122,Balasore Sector-16 Relief Center,Balasore,Odisha,cyclone,21.51431,86.95462,300,176,0.211,2.43,1,32.8,259.0,751.8,5.2,226.8,85.04,CRITICAL_DEFICIT,0
SH-KAN-3123,Kangra Sector-13 Relief Center,Kangra,Himachal Pradesh,earthquake,32.07512,76.44115,500,387,0.211,0.69,1,18.8,99.5,205.9,1.3,52.4,100.0,CRITICAL_DEFICIT,0
SH-IDU-3124,Idukki Sector-15 Relief Center,Idukki,Kerala,flood,9.68478,77.20384,300,255,0.481,2.81,1,34.5,1452.5,3539.1,31.6,873.4,28.76,BALANCED,2
SH-DAR-3125,Darbhanga Sector-17 Relief Center,Darbhanga,Bihar,flood,26.55321,86.01277,150,176,0.216,0.22,0,24.5,53.8,97.5,1.3,33.4,100.0,CRITICAL_DEFICIT,0
SH-KUT-3126,Kutch Sector-17 Relief Center,Kutch,Gujarat,earthquake,23.65104,69.91835,300,233,0.051,0.68,0,53.1,1519.6,3463.5,16.3,887.5,28.68,BALANCED,2
SH-PUR-3127,Puri Sector-3 Relief Center,Puri,Odisha,cyclone,19.93675,85.68075,300,221,0.153,2.17,1,56.8,202.7,591.2,3.4,132.5,89.66,CRITICAL_DEFICIT,0
SH-KUT-3128,Kutch Sector-4 Relief Center,Kutch,Gujarat,earthquake,23.75631,70.08444,300,240,0.05,0.53,0,19.8,214.5,486.6,3.9,171.0,100.0,CRITICAL_DEFICIT,0
SH-IDU-3129,Idukki Sector-6 Relief Center,Idukki,Kerala,flood,9.81253,76.88314,500,407,0.24,3.21,0,23.8,714.7,1468.7,12.7,484.4,94.49,CRITICAL_DEFICIT,0
SH-CHA-3130,Chamoli Sector-2 Relief Center,Chamoli,Uttarakhand,earthquake,30.39116,79.44667,300,192,0.18,5.96,1,39.4,49.9,122.4,0.9,34.5,94.11,CRITICAL_DEFICIT,0
SH-PUR-3131,Puri Sector-6 Relief Center,Puri,Odisha,cyclone,19.70095,85.8655,150,144,0.451,1.08,1,23.8,1685.8,4173.6,37.3,1255.6,2.68,SURPLUS,3
SH-KUT-3132,Kutch Sector-6 Relief Center,Kutch,Gujarat,earthquake,23.95641,69.99903,300,222,0.426,0.59,1,14.3,60.5,168.8,1.0,55.9,100.0,CRITICAL_DEFICIT,0
SH-WAY-3133,Wayanad Sector-1 Relief Center,Wayanad,Kerala,flood,11.89945,76.0253,500,299,0.143,3.76,0,7.6,530.3,1063.1,10.9,257.5,97.18,CRITICAL_DEFICIT,0
SH-CHA-3134,Chamoli Sector-15 Relief Center,Chamoli,Uttarakhand,earthquake,30.53341,79.35532,300,260,0.328,0.05,0,38.0,535.8,1589.1,9.2,407.5,91.15,CRITICAL_DEFICIT,0
SH-KAT-3135,Katihar Sector-8 Relief Center,Katihar,Bihar,flood,25.79159,87.73312,300,181,0.475,2.16,0,11.7,61.1,169.1,1.3,21.8,100.0,CRITICAL_DEFICIT,0
SH-UTT-3136,Uttarkashi Sector-18 Relief Center,Uttarkashi,Uttarakhand,earthquake,30.94358,78.33456,150,129,0.391,2.12,1,19.1,114.6,294.8,2.7,39.3,90.43,CRITICAL_DEFICIT,0
SH-DHU-3137,Dhubri Sector-12 Relief Center,Dhubri,Assam,flood,26.21888,89.61775,300,99,0.165,0.78,1,30.9,95.5,278.4,1.4,44.1,87.64,CRITICAL_DEFICIT,0
SH-PUR-3138,Puri Sector-15 Relief Center,Puri,Odisha,cyclone,20.24231,86.2457,500,435,0.584,10.63,1,6.4,687.2,1516.8,15.5,490.6,88.84,CRITICAL_DEFICIT,0
SH-KAZ-3139,Kaziranga Sector-13 Relief Center,Kaziranga,Assam,flood,26.47994,92.63061,300,78,0.332,2.85,1,66.2,125.0,204.4,3.5,104.7,88.79,CRITICAL_DEFICIT,0
SH-KAT-3140,Katihar Sector-7 Relief Center,Katihar,Bihar,flood,25.40692,87.61867,500,36,0.206,2.13,1,0.0,26.9,76.2,0.5,11.2,89.18,CRITICAL_DEFICIT,0
SH-IDU-3141,Idukki Sector-9 Relief Center,Idukki,Kerala,flood,10.02197,76.85999,300,71,0.261,4.24,1,16.3,144.3,403.8,2.4,127.2,73.5,CRITICAL_DEFICIT,0
SH-BAL-3142,Balasore Sector-3 Relief Center,Balasore,Odisha,cyclone,21.91783,86.99766,500,325,0.147,5.82,0,30.7,317.7,829.5,5.0,170.3,100.0,CRITICAL_DEFICIT,0
SH-VIS-3143,Visakhapatnam Sector-7 Relief Center,Visakhapatnam,Andhra Pradesh,cyclone,17.62575,83.39778,150,65,0.224,0.04,0,37.6,782.4,2317.2,9.7,778.3,21.22,SURPLUS,3
SH-SOU-3144,South 24 Parganas Sector-10 Relief Center,South 24 Parganas,West Bengal,cyclone,22.39408,88.65041,150,181,0.254,3.1,1,11.1,1290.7,2851.9,23.5,1031.0,15.49,BALANCED,2
SH-VIS-3145,Visakhapatnam Sector-5 Relief Center,Visakhapatnam,Andhra Pradesh,cyclone,17.84325,83.05819,300,320,0.05,7.63,1,37.4,1359.9,3800.7,26.9,503.8,39.45,DEFICIT,1
SH-KUT-3146,Kutch Sector-3 Relief Center,Kutch,Gujarat,earthquake,23.89625,70.27183,800,600,0.341,0.88,1,36.9,4451.9,11380.6,68.5,3270.1,4.61,BALANCED,2
SH-UTT-3147,Uttarkashi Sector-4 Relief Center,Uttarkashi,Uttarakhand,earthquake,30.13536,78.62696,500,168,0.18,1.88,1,33.1,133.0,220.9,2.4,62.1,86.79,CRITICAL_DEFICIT,0
SH-UTT-3148,Uttarkashi Sector-19 Relief Center,Uttarkashi,Uttarakhand,earthquake,31.03425,78.65404,300,180,0.169,1.23,0,0.3,685.3,1286.9,8.1,316.9,74.55,CRITICAL_DEFICIT,0
SH-SOU-3149,South 24 Parganas Sector-16 Relief Center,South 24 Parganas,West Bengal,cyclone,22.17396,88.27648,300,230,0.463,3.74,0,39.1,401.1,1214.7,11.0,382.0,96.72,CRITICAL_DEFICIT,0
SH-IDU-3150,Idukki Sector-12 Relief Center,Idukki,Kerala,flood,9.25538,76.79319,1200,665,0.17,1.1,0,23.0,558.0,1334.9,5.8,249.1,100.0,CRITICAL_DEFICIT,0
SH-PUR-3151,Puri Sector-5 Relief Center,Puri,Odisha,cyclone,19.64788,85.8921,300,210,0.32,4.35,1,6.7,378.3,837.2,7.7,199.9,86.9,CRITICAL_DEFICIT,0
SH-CHA-3152,Chamoli Sector-17 Relief Center,Chamoli,Uttarakhand,earthquake,30.50581,79.43083,150,74,0.144,0.25,1,32.6,61.3,128.5,0.9,57.9,92.53,CRITICAL_DEFICIT,0
SH-DHU-3153,Dhubri Sector-19 Relief Center,Dhubri,Assam,flood,26.03737,90.13661,500,428,0.05,0.36,1,25.2,5245.2,14694.5,48.0,2631.3,1.23,SURPLUS,3
SH-KUT-3154,Kutch Sector-13 Relief Center,Kutch,Gujarat,earthquake,24.14554,69.46846,500,471,0.134,0.34,0,24.2,845.5,1998.0,10.7,796.3,91.11,CRITICAL_DEFICIT,0
SH-UTT-3155,Uttarkashi Sector-6 Relief Center,Uttarkashi,Uttarakhand,earthquake,30.61806,78.68276,300,302,0.367,6.45,0,39.5,561.9,1289.4,9.3,417.0,96.32,CRITICAL_DEFICIT,0
SH-KAT-3156,Katihar Sector-6 Relief Center,Katihar,Bihar,flood,25.61148,87.96728,1200,545,0.117,1.58,1,14.1,565.7,1318.5,8.3,216.5,85.44,CRITICAL_DEFICIT,0
SH-VIS-3157,Visakhapatnam Sector-8 Relief Center,Visakhapatnam,Andhra Pradesh,cyclone,17.58667,82.91079,500,373,0.379,3.91,1,29.7,774.5,1938.5,20.2,658.7,81.53,CRITICAL_DEFICIT,0
SH-VIS-3158,Visakhapatnam Sector-18 Relief Center,Visakhapatnam,Andhra Pradesh,cyclone,17.80305,83.5369,500,440,0.083,9.11,0,8.0,919.7,1510.7,14.5,321.7,88.63,CRITICAL_DEFICIT,0
SH-DAR-3159,Darbhanga Sector-3 Relief Center,Darbhanga,Bihar,flood,26.31704,85.69594,150,164,0.286,6.3,0,16.2,173.1,462.8,3.3,107.6,100.0,CRITICAL_DEFICIT,0
SH-KAT-3160,Katihar Sector-18 Relief Center,Katihar,Bihar,flood,25.66909,87.83844,1200,1291,0.2,0.13,1,56.3,8799.2,14429.8,147.3,3061.0,44.26,DEFICIT,1
SH-SOU-3161,South 24 Parganas Sector-19 Relief Center,South 24 Parganas,West Bengal,cyclone,22.39966,88.06444,300,191,0.189,1.86,1,22.8,742.1,1850.1,11.7,613.1,51.1,DEFICIT,1
SH-UTT-3162,Uttarkashi Sector-12 Relief Center,Uttarkashi,Uttarakhand,earthquake,30.62889,78.00467,1200,777,0.641,3.28,0,26.7,7197.7,18296.8,177.8,2945.6,19.19,SURPLUS,3
SH-KUT-3163,Kutch Sector-16 Relief Center,Kutch,Gujarat,earthquake,23.3724,69.16834,300,301,0.427,1.39,0,0.0,2709.6,7248.4,61.6,1577.0,22.53,SURPLUS,3
SH-DHU-3164,Dhubri Sector-16 Relief Center,Dhubri,Assam,flood,26.105,90.27349,500,469,0.44,3.2,1,28.4,2086.5,4084.7,45.9,1132.3,58.84,DEFICIT,1
SH-CHA-3165,Chamoli Sector-14 Relief Center,Chamoli,Uttarakhand,earthquake,30.33077,79.48687,300,235,0.191,0.42,1,0.0,440.0,1318.2,9.1,430.7,78.16,CRITICAL_DEFICIT,0
SH-PUR-3166,Puri Sector-1 Relief Center,Puri,Odisha,cyclone,19.66974,86.14387,300,237,0.19,0.1,0,19.0,456.2,838.3,8.9,222.0,96.6,CRITICAL_DEFICIT,0
SH-SOU-3167,South 24 Parganas Sector-1 Relief Center,South 24 Parganas,West Bengal,cyclone,22.0331,88.55879,500,369,0.074,1.55,1,0.0,563.7,1571.4,9.3,410.4,79.88,CRITICAL_DEFICIT,0
SH-WAY-3168,Wayanad Sector-12 Relief Center,Wayanad,Kerala,flood,11.62298,76.51581,150,143,0.409,2.91,1,13.2,1100.0,3054.9,17.4,840.9,10.59,SURPLUS,3
SH-DHU-3169,Dhubri Sector-17 Relief Center,Dhubri,Assam,flood,25.42238,89.89421,500,311,0.463,1.21,0,0.0,103.2,175.4,2.0,92.7,100.0,CRITICAL_DEFICIT,0
SH-KAN-3170,Kangra Sector-8 Relief Center,Kangra,Himachal Pradesh,earthquake,31.97782,75.9766,800,554,0.328,2.82,1,10.2,450.4,778.6,6.8,449.0,94.1,CRITICAL_DEFICIT,0
SH-KAT-3171,Katihar Sector-16 Relief Center,Katihar,Bihar,flood,25.43667,87.76707,800,543,0.332,4.21,0,11.0,132.4,343.0,1.6,122.8,100.0,CRITICAL_DEFICIT,0
SH-SOU-3172,South 24 Parganas Sector-16 Relief Center,South 24 Parganas,West Bengal,cyclone,22.12204,88.60686,300,352,0.48,0.27,1,28.3,118.9,213.0,2.2,75.5,100.0,CRITICAL_DEFICIT,0
SH-KAT-3173,Katihar Sector-9 Relief Center,Katihar,Bihar,flood,25.70072,87.64318,1200,621,0.089,2.97,1,33.8,2757.3,6858.9,42.6,2522.9,44.7,DEFICIT,1
SH-KAZ-3174,Kaziranga Sector-19 Relief Center,Kaziranga,Assam,flood,26.94113,93.0079,150,149,0.155,0.3,1,18.7,119.6,342.0,1.8,113.3,91.41,CRITICAL_DEFICIT,0
SH-KAZ-3175,Kaziranga Sector-11 Relief Center,Kaziranga,Assam,flood,26.79009,93.09121,150,103,0.455,0.79,1,3.9,814.9,2155.0,24.0,429.9,1.68,SURPLUS,3
SH-VIS-3176,Visakhapatnam Sector-11 Relief Center,Visakhapatnam,Andhra Pradesh,cyclone,18.17012,83.24604,150,149,0.082,1.19,0,15.4,630.3,1672.1,10.3,364.2,65.16,DEFICIT,1
SH-DHU-3177,Dhubri Sector-7 Relief Center,Dhubri,Assam,flood,25.77642,90.45864,150,113,0.164,1.83,0,0.8,232.6,703.4,3.0,118.7,85.5,CRITICAL_DEFICIT,0
SH-KUT-3178,Kutch Sector-7 Relief Center,Kutch,Gujarat,earthquake,23.75678,70.01533,300,244,0.075,2.7,0,0.0,60.6,155.6,1.1,38.4,100.0,CRITICAL_DEFICIT,0
SH-VIS-3179,Visakhapatnam Sector-17 Relief Center,Visakhapatnam,Andhra Pradesh,cyclone,17.27419,83.15956,150,153,0.287,0.04,1,0.0,906.9,1771.4,23.4,480.2,38.56,BALANCED,2
SH-VIS-3180,Visakhapatnam Sector-12 Relief Center,Visakhapatnam,Andhra Pradesh,cyclone,17.63427,83.94091,300,237,0.24,3.69,0,2.3,1313.6,2446.8,19.2,1215.7,55.58,DEFICIT,1
SH-VIS-3181,Visakhapatnam Sector-17 Relief Center,Visakhapatnam,Andhra Pradesh,cyclone,17.55834,83.45987,500,410,0.115,2.68,1,24.1,1521.1,3458.8,33.2,1124.6,53.4,DEFICIT,1
SH-SOU-3182,South 24 Parganas Sector-17 Relief Center,South 24 Parganas,West Bengal,cyclone,22.41018,88.65591,2000,725,0.451,5.93,0,4.4,229.0,629.3,5.3,90.9,100.0,CRITICAL_DEFICIT,0
SH-DHU-3183,Dhubri Sector-10 Relief Center,Dhubri,Assam,flood,25.7523,89.99498,300,57,0.169,5.37,0,26.9,457.4,1244.7,10.0,302.3,15.91,SURPLUS,3
SH-SOU-3184,South 24 Parganas Sector-13 Relief Center,South 24 Parganas,West Bengal,cyclone,22.12172,88.88947,800,656,0.432,1.07,1,33.5,1415.5,3480.2,36.7,1167.8,77.52,CRITICAL_DEFICIT,0
SH-CHA-3185,Chamoli Sector-19 Relief Center,Chamoli,Uttarakhand,earthquake,30.26507,79.50222,150,74,0.174,5.36,0,68.6,79.1,231.0,1.5,53.3,100.0,CRITICAL_DEFICIT,0
SH-SOU-3186,South 24 Parganas Sector-17 Relief Center,South 24 Parganas,West Bengal,cyclone,22.16539,88.31898,150,159,0.174,7.19,1,40.8,951.6,1746.6,16.7,905.7,39.45,BALANCED,2
SH-DAR-3187,Darbhanga Sector-5 Relief Center,Darbhanga,Bihar,flood,25.98632,86.08687,1200,785,0.318,1.8,1,13.4,592.4,983.1,11.0,303.7,100.0,CRITICAL_DEFICIT,0
SH-WAY-3188,Wayanad Sector-17 Relief Center,Wayanad,Kerala,flood,11.90138,76.37623,150,60,0.21,0.68,1,20.2,191.6,350.2,3.6,186.1,74.47,CRITICAL_DEFICIT,0
SH-BAL-3189,Balasore Sector-2 Relief Center,Balasore,Odisha,cyclone,21.60376,86.85192,500,363,0.18,1.7,0,28.8,1129.5,2815.4,26.3,967.8,81.02,CRITICAL_DEFICIT,0
SH-IDU-3190,Idukki Sector-19 Relief Center,Idukki,Kerala,flood,9.73058,77.02355,150,66,0.389,1.33,0,22.6,639.8,1844.5,8.6,304.7,18.38,SURPLUS,3
SH-DHU-3191,Dhubri Sector-18 Relief Center,Dhubri,Assam,flood,25.76593,89.93242,150,129,0.488,2.15,1,26.0,1421.0,3927.3,21.1,1323.2,9.13,SURPLUS,3
SH-KAN-3192,Kangra Sector-9 Relief Center,Kangra,Himachal Pradesh,earthquake,32.38488,76.22736,150,121,0.286,0.14,0,23.5,107.0,251.5,2.6,41.1,100.0,CRITICAL_DEFICIT,0
SH-IDU-3193,Idukki Sector-1 Relief Center,Idukki,Kerala,flood,10.24244,76.93538,300,290,0.562,4.24,0,56.1,526.6,1013.8,16.8,209.6,100.0,CRITICAL_DEFICIT,0
SH-IDU-3194,Idukki Sector-11 Relief Center,Idukki,Kerala,flood,9.76365,77.01711,2000,617,0.228,0.59,1,0.0,595.7,1254.1,9.2,367.3,87.99,CRITICAL_DEFICIT,0
SH-KUT-3195,Kutch Sector-6 Relief Center,Kutch,Gujarat,earthquake,23.47631,69.71437,150,55,0.066,0.38,1,22.4,15.9,44.6,0.2,5.6,96.17,CRITICAL_DEFICIT,0
SH-BAL-3196,Balasore Sector-9 Relief Center,Balasore,Odisha,cyclone,21.45264,87.17367,500,461,0.162,5.98,0,7.1,775.8,1412.9,7.8,608.7,98.86,CRITICAL_DEFICIT,0
SH-PUR-3197,Puri Sector-5 Relief Center,Puri,Odisha,cyclone,19.69522,85.68696,150,73,0.565,3.39,0,28.9,238.9,441.3,3.9,118.2,88.32,CRITICAL_DEFICIT,0
SH-WAY-3198,Wayanad Sector-1 Relief Center,Wayanad,Kerala,flood,11.57933,76.02462,150,190,0.058,3.63,0,0.0,769.9,1337.5,7.1,765.1,77.43,CRITICAL_DEFICIT,0
SH-KAZ-3199,Kaziranga Sector-16 Relief Center,Kaziranga,Assam,flood,26.88934,93.15335,1200,45,0.201,1.31,1,19.9,176.8,409.0,3.4,141.8,52.29,DEFICIT,1
SH-UTT-3200,Uttarkashi Sector-1 Relief Center,Uttarkashi,Uttarakhand,earthquake,30.93281,78.64969,1200,893,0.163,0.92,0,4.0,3884.1,6531.6,73.1,2043.3,73.68,CRITICAL_DEFICIT,0
SH-WAY-3201,Wayanad Sector-10 Relief Center,Wayanad,Kerala,flood,11.93498,76.03385,800,471,0.503,0.28,1,37.1,350.5,931.0,10.2,186.7,92.55,CRITICAL_DEFICIT,0
SH-KUT-3202,Kutch Sector-7 Relief Center,Kutch,Gujarat,earthquake,24.06695,69.62965,500,239,0.055,0.98,0,0.0,1932.3,3547.0,23.3,1609.5,32.1,BALANCED,2
SH-UTT-3203,Uttarkashi Sector-8 Relief Center,Uttarkashi,Uttarakhand,earthquake,30.67791,78.78407,300,111,0.308,1.57,0,28.7,365.9,683.0,8.2,162.8,80.43,CRITICAL_DEFICIT,0
SH-BAL-3204,Balasore Sector-14 Relief Center,Balasore,Odisha,cyclone,21.7242,87.07828,500,102,0.327,5.61,0,24.4,198.0,557.1,2.9,179.1,92.64,CRITICAL_DEFICIT,0
SH-PUR-3205,Puri Sector-11 Relief Center,Puri,Odisha,cyclone,19.55867,85.54817,300,221,0.479,0.01,1,20.3,208.3,547.0,5.2,146.4,92.86,CRITICAL_DEFICIT,0
SH-KUT-3206,Kutch Sector-12 Relief Center,Kutch,Gujarat,earthquake,24.09083,69.75731,800,515,0.246,1.85,1,38.2,2301.5,5135.5,58.7,1154.4,48.94,DEFICIT,1
SH-VIS-3207,Visakhapatnam Sector-1 Relief Center,Visakhapatnam,Andhra Pradesh,cyclone,17.60146,82.9731,300,87,0.476,4.56,1,45.1,155.0,343.7,3.3,117.1,84.0,CRITICAL_DEFICIT,0
SH-KAT-3208,Katihar Sector-3 Relief Center,Katihar,Bihar,flood,25.74274,87.19415,500,198,0.319,4.74,0,10.9,418.2,1230.2,5.2,274.8,89.16,CRITICAL_DEFICIT,0
SH-DHU-3209,Dhubri Sector-19 Relief Center,Dhubri,Assam,flood,25.83275,89.56406,300,85,0.344,8.22,1,0.0,70.7,212.7,0.9,37.4,93.97,CRITICAL_DEFICIT,0
SH-CHA-3210,Chamoli Sector-19 Relief Center,Chamoli,Uttarakhand,earthquake,30.77627,79.49784,150,131,0.254,1.57,1,31.1,35.6,68.9,0.8,32.3,97.78,CRITICAL_DEFICIT,0
SH-PUR-3211,Puri Sector-18 Relief Center,Puri,Odisha,cyclone,19.63465,86.1294,300,174,0.19,1.88,1,0.0,349.8,869.8,7.0,181.2,79.21,CRITICAL_DEFICIT,0
SH-WAY-3212,Wayanad Sector-13 Relief Center,Wayanad,Kerala,flood,11.78096,76.1194,150,110,0.202,2.89,1,11.6,88.7,185.0,1.5,83.8,93.01,CRITICAL_DEFICIT,0
SH-BAL-3213,Balasore Sector-14 Relief Center,Balasore,Odisha,cyclone,21.43743,86.98416,150,95,0.33,0.73,1,24.5,552.8,1076.6,10.5,460.0,35.36,BALANCED,2
SH-VIS-3214,Visakhapatnam Sector-18 Relief Center,Visakhapatnam,Andhra Pradesh,cyclone,17.9815,82.83205,150,54,0.145,2.15,1,16.9,40.1,90.5,0.4,37.6,93.38,CRITICAL_DEFICIT,0
SH-VIS-3215,Visakhapatnam Sector-18 Relief Center,Visakhapatnam,Andhra Pradesh,cyclone,17.96695,83.37992,500,211,0.22,5.6,0,2.9,2020.5,3335.2,31.7,1450.7,26.59,BALANCED,2
SH-KAT-3216,Katihar Sector-14 Relief Center,Katihar,Bihar,flood,25.52944,87.78409,150,92,0.517,1.63,1,30.9,90.7,265.7,2.6,52.6,95.05,CRITICAL_DEFICIT,0
SH-KAT-3217,Katihar Sector-4 Relief Center,Katihar,Bihar,flood,25.73905,87.27432,500,361,0.24,1.98,1,33.8,357.3,626.4,7.5,230.0,92.62,CRITICAL_DEFICIT,0
SH-KAN-3218,Kangra Sector-13 Relief Center,Kangra,Himachal Pradesh,earthquake,31.7109,76.72937,300,153,0.216,6.56,1,11.0,290.1,495.8,6.1,287.8,79.45,CRITICAL_DEFICIT,0
SH-PUR-3219,Puri Sector-13 Relief Center,Puri,Odisha,cyclone,19.27573,85.70888,150,109,0.406,1.0,0,24.5,404.8,791.9,5.8,185.7,80.6,CRITICAL_DEFICIT,0
SH-SOU-3220,South 24 Parganas Sector-9 Relief Center,South 24 Parganas,West Bengal,cyclone,22.80378,88.59627,150,155,0.479,0.61,0,2.5,229.6,695.3,5.6,212.7,100.0,CRITICAL_DEFICIT,0
SH-WAY-3221,Wayanad Sector-13 Relief Center,Wayanad,Kerala,flood,11.69857,75.85954,1200,1022,0.249,1.91,1,47.5,1473.4,3171.1,36.7,1154.7,83.65,CRITICAL_DEFICIT,0
SH-UTT-3222,Uttarkashi Sector-17 Relief Center,Uttarkashi,Uttarakhand,earthquake,30.72427,78.08774,300,194,0.512,1.88,1,35.8,855.9,1573.7,26.1,561.9,60.68,DEFICIT,1
SH-VIS-3223,Visakhapatnam Sector-19 Relief Center,Visakhapatnam,Andhra Pradesh,cyclone,17.43544,83.10304,300,152,0.395,0.7,1,16.3,37.3,87.5,0.5,37.1,100.0,CRITICAL_DEFICIT,0
SH-KUT-3224,Kutch Sector-19 Relief Center,Kutch,Gujarat,earthquake,23.90898,69.73419,300,185,0.054,0.33,0,60.8,338.1,1001.7,3.2,223.5,94.08,CRITICAL_DEFICIT,0
SH-VIS-3225,Visakhapatnam Sector-12 Relief Center,Visakhapatnam,Andhra Pradesh,cyclone,17.84899,83.32139,300,207,0.309,4.63,0,0.2,191.7,361.0,3.7,145.5,100.0,CRITICAL_DEFICIT,0
SH-KAN-3226,Kangra Sector-4 Relief Center,Kangra,Himachal Pradesh,earthquake,32.04019,76.43357,150,145,0.479,2.53,0,27.8,141.0,402.2,2.2,88.3,100.0,CRITICAL_DEFICIT,0
SH-UTT-3227,Uttarkashi Sector-13 Relief Center,Uttarkashi,Uttarakhand,earthquake,30.97995,78.0241,500,249,0.287,1.46,1,46.9,855.8,2209.9,15.0,693.4,55.88,DEFICIT,1
SH-KAT-3228,Katihar Sector-5 Relief Center,Katihar,Bihar,flood,25.32156,87.61655,1200,1053,0.391,2.67,1,35.7,3793.2,6699.4,58.6,2343.3,63.88,DEFICIT,1
SH-CHA-3229,Chamoli Sector-15 Relief Center,Chamoli,Uttarakhand,earthquake,30.72425,79.32777,300,364,0.359,0.94,1,6.9,353.0,1050.7,5.6,188.2,88.04,CRITICAL_DEFICIT,0
SH-IDU-3230,Idukki Sector-8 Relief Center,Idukki,Kerala,flood,9.2568,76.64794,300,249,0.301,1.18,1,20.2,1441.7,2955.0,21.3,1024.4,30.96,BALANCED,2
SH-KAN-3231,Kangra Sector-14 Relief Center,Kangra,Himachal Pradesh,earthquake,31.92679,76.78437,800,288,0.217,0.23,1,57.6,904.4,2561.6,10.4,668.1,64.83,DEFICIT,1
SH-SOU-3232,South 24 Parganas Sector-15 Relief Center,South 24 Parganas,West Bengal,cyclone,21.839,88.32861,300,103,0.27,0.18,1,9.4,196.7,380.6,2.4,75.4,79.8,CRITICAL_DEFICIT,0
SH-DHU-3233,Dhubri Sector-3 Relief Center,Dhubri,Assam,flood,25.84908,90.11913,1200,549,0.241,1.48,1,31.3,877.5,2371.5,10.3,504.5,81.6,CRITICAL_DEFICIT,0
SH-PUR-3234,Puri Sector-8 Relief Center,Puri,Odisha,cyclone,20.08797,85.58217,300,143,0.581,5.72,0,1.3,246.4,581.1,6.0,92.3,100.0,CRITICAL_DEFICIT,0
SH-VIS-3235,Visakhapatnam Sector-14 Relief Center,Visakhapatnam,Andhra Pradesh,cyclone,18.09863,83.09365,300,361,0.262,4.42,0,24.9,129.0,328.2,3.1,58.3,100.0,CRITICAL_DEFICIT,0
SH-DAR-3236,Darbhanga Sector-6 Relief Center,Darbhanga,Bihar,flood,26.49952,85.77336,300,319,0.098,5.33,0,13.5,320.0,964.8,4.3,184.6,100.0,CRITICAL_DEFICIT,0
SH-CHA-3237,Chamoli Sector-13 Relief Center,Chamoli,Uttarakhand,earthquake,30.4532,79.11058,500,101,0.141,3.19,0,30.1,79.8,146.9,0.8,41.7,100.0,CRITICAL_DEFICIT,0
SH-KAT-3238,Katihar Sector-18 Relief Center,Katihar,Bihar,flood,25.578,87.45439,500,410,0.24,0.12,1,31.1,2263.4,4281.8,51.2,1305.2,44.65,DEFICIT,1
SH-DHU-3239,Dhubri Sector-2 Relief Center,Dhubri,Assam,flood,25.90067,89.90115,300,133,0.305,1.25,1,34.9,451.0,1182.4,7.3,328.9,59.03,DEFICIT,1
SH-BAL-3240,Balasore Sector-13 Relief Center,Balasore,Odisha,cyclone,21.53464,87.10778,300,164,0.168,1.51,1,8.6,174.1,304.5,3.7,99.2,89.48,CRITICAL_DEFICIT,0
SH-KAN-3241,Kangra Sector-16 Relief Center,Kangra,Himachal Pradesh,earthquake,31.88792,76.3079,300,88,0.323,2.88,1,36.3,703.1,1475.7,10.7,269.7,6.69,BALANCED,2
SH-KAT-3242,Katihar Sector-11 Relief Center,Katihar,Bihar,flood,25.46443,87.58451,500,219,0.217,1.21,1,38.3,336.2,698.8,4.1,120.1,88.12,CRITICAL_DEFICIT,0
SH-WAY-3243,Wayanad Sector-13 Relief Center,Wayanad,Kerala,flood,11.29992,76.23174,150,131,0.438,3.22,0,45.3,40.6,116.9,0.6,24.3,100.0,CRITICAL_DEFICIT,0
SH-SOU-3244,South 24 Parganas Sector-13 Relief Center,South 24 Parganas,West Bengal,cyclone,21.9777,88.88869,150,140,0.375,4.79,0,21.6,294.3,625.1,4.6,157.8,94.36,CRITICAL_DEFICIT,0
SH-WAY-3245,Wayanad Sector-16 Relief Center,Wayanad,Kerala,flood,11.64936,75.90789,150,60,0.052,2.07,0,11.8,100.9,267.4,1.0,95.1,93.67,CRITICAL_DEFICIT,0
SH-DAR-3246,Darbhanga Sector-12 Relief Center,Darbhanga,Bihar,flood,26.35495,85.93003,300,231,0.219,1.2,0,6.6,201.7,470.4,4.3,103.2,100.0,CRITICAL_DEFICIT,0
SH-WAY-3247,Wayanad Sector-5 Relief Center,Wayanad,Kerala,flood,11.17865,76.17821,300,277,0.126,1.13,1,30.1,289.9,551.8,3.7,261.3,87.95,CRITICAL_DEFICIT,0
SH-UTT-3248,Uttarkashi Sector-1 Relief Center,Uttarkashi,Uttarakhand,earthquake,31.00612,78.39032,300,157,0.301,0.66,1,30.3,167.6,375.7,4.1,115.0,89.98,CRITICAL_DEFICIT,0
SH-CHA-3249,Chamoli Sector-2 Relief Center,Chamoli,Uttarakhand,earthquake,30.39475,79.51863,500,325,0.523,1.56,1,1.0,324.1,746.4,7.8,301.9,92.28,CRITICAL_DEFICIT,0
SH-DHU-3250,Dhubri Sector-6 Relief Center,Dhubri,Assam,flood,25.71584,89.70224,300,321,0.427,2.67,1,57.5,236.2,530.9,6.8,149.7,94.41,CRITICAL_DEFICIT,0
SH-KAT-3251,Katihar Sector-5 Relief Center,Katihar,Bihar,flood,25.69179,87.17679,300,256,0.069,0.83,1,31.5,224.9,496.6,2.5,192.4,91.17,CRITICAL_DEFICIT,0
SH-SOU-3252,South 24 Parganas Sector-11 Relief Center,South 24 Parganas,West Bengal,cyclone,22.38138,88.92422,150,71,0.5,3.6,0,3.5,127.7,248.5,2.7,51.9,100.0,CRITICAL_DEFICIT,0
SH-PUR-3253,Puri Sector-16 Relief Center,Puri,Odisha,cyclone,19.61443,85.86349,500,100,0.05,0.29,0,9.2,408.7,799.6,4.1,396.3,66.28,DEFICIT,1
SH-WAY-3254,Wayanad Sector-8 Relief Center,Wayanad,Kerala,flood,11.51037,76.33818,300,372,0.116,1.24,1,24.8,1156.0,3494.6,21.2,679.2,58.95,DEFICIT,1
SH-KAZ-3255,Kaziranga Sector-17 Relief Center,Kaziranga,Assam,flood,26.0085,93.0474,150,110,0.301,0.14,1,35.4,422.4,1211.2,7.4,229.5,50.63,DEFICIT,1
SH-KAZ-3256,Kaziranga Sector-18 Relief Center,Kaziranga,Assam,flood,26.51934,93.25252,150,67,0.205,4.26,0,31.7,62.6,116.4,0.9,38.3,100.0,CRITICAL_DEFICIT,0
SH-DHU-3257,Dhubri Sector-16 Relief Center,Dhubri,Assam,flood,25.5404,90.34352,500,263,0.146,5.06,1,19.1,257.3,689.6,2.7,111.5,90.39,CRITICAL_DEFICIT,0
SH-UTT-3258,Uttarkashi Sector-12 Relief Center,Uttarkashi,Uttarakhand,earthquake,30.93673,78.00592,300,178,0.08,4.63,1,35.9,1806.9,3773.0,36.1,761.8,0.0,SURPLUS,3
SH-KAN-3259,Kangra Sector-12 Relief Center,Kangra,Himachal Pradesh,earthquake,31.76035,76.27042,500,187,0.59,10.42,1,35.9,752.1,1843.3,14.1,485.3,57.66,DEFICIT,1
SH-KAZ-3260,Kaziranga Sector-10 Relief Center,Kaziranga,Assam,flood,26.73553,93.36172,300,323,0.133,0.83,0,14.5,1833.8,3938.5,22.2,1196.5,44.95,DEFICIT,1
SH-KAT-3261,Katihar Sector-2 Relief Center,Katihar,Bihar,flood,25.29958,87.59547,300,203,0.538,10.32,0,32.1,414.4,811.9,12.9,369.4,100.0,CRITICAL_DEFICIT,0
SH-DAR-3262,Darbhanga Sector-9 Relief Center,Darbhanga,Bihar,flood,25.84768,85.80273,2000,1596,0.445,5.16,0,11.2,1562.5,4670.0,28.6,1133.7,100.0,CRITICAL_DEFICIT,0
SH-CHA-3263,Chamoli Sector-1 Relief Center,Chamoli,Uttarakhand,earthquake,30.63852,79.2522,300,78,0.457,0.47,1,33.5,154.2,304.5,4.1,93.7,87.15,CRITICAL_DEFICIT,0
SH-CHA-3264,Chamoli Sector-15 Relief Center,Chamoli,Uttarakhand,earthquake,30.61671,79.29866,150,156,0.336,5.87,1,50.8,993.4,2559.2,21.2,464.6,17.32,BALANCED,2
SH-VIS-3265,Visakhapatnam Sector-2 Relief Center,Visakhapatnam,Andhra Pradesh,cyclone,18.10522,83.45955,150,90,0.607,2.62,1,16.4,28.7,87.0,0.9,25.9,99.29,CRITICAL_DEFICIT,0
SH-KAT-3266,Katihar Sector-11 Relief Center,Katihar,Bihar,flood,25.7505,87.71115,300,77,0.348,1.63,1,31.4,114.5,304.0,2.9,48.4,84.4,CRITICAL_DEFICIT,0
SH-KAZ-3267,Kaziranga Sector-6 Relief Center,Kaziranga,Assam,flood,26.53929,93.2358,300,135,0.209,4.73,1,11.1,39.6,91.6,0.5,24.5,95.17,CRITICAL_DEFICIT,0
SH-IDU-3268,Idukki Sector-19 Relief Center,Idukki,Kerala,flood,9.62942,76.75122,300,295,0.247,0.09,1,53.0,83.4,186.9,2.0,51.5,100.0,CRITICAL_DEFICIT,0
SH-WAY-3269,Wayanad Sector-3 Relief Center,Wayanad,Kerala,flood,11.5543,76.06648,500,385,0.289,4.94,0,50.9,350.9,824.8,5.0,151.0,100.0,CRITICAL_DEFICIT,0
SH-KAN-3270,Kangra Sector-12 Relief Center,Kangra,Himachal Pradesh,earthquake,32.14323,76.40118,300,182,0.255,0.04,1,62.3,330.7,640.8,7.7,165.5,79.24,CRITICAL_DEFICIT,0
SH-UTT-3271,Uttarkashi Sector-13 Relief Center,Uttarkashi,Uttarakhand,earthquake,30.71759,78.66824,300,175,0.209,4.59,0,17.1,302.8,830.8,6.9,249.9,95.16,CRITICAL_DEFICIT,0
SH-UTT-3272,Uttarkashi Sector-1 Relief Center,Uttarkashi,Uttarakhand,earthquake,30.91769,78.14323,500,215,0.279,3.15,0,17.9,821.3,1955.7,17.4,577.5,68.74,DEFICIT,1
SH-SOU-3273,South 24 Parganas Sector-13 Relief Center,South 24 Parganas,West Bengal,cyclone,22.20494,88.10695,800,594,0.256,0.04,1,0.0,464.3,1359.8,7.8,323.9,92.54,CRITICAL_DEFICIT,0
SH-SOU-3274,South 24 Parganas Sector-13 Relief Center,South 24 Parganas,West Bengal,cyclone,22.32785,88.21528,1200,173,0.198,1.32,1,18.6,256.4,656.7,5.3,108.9,80.38,CRITICAL_DEFICIT,0
SH-VIS-3275,Visakhapatnam Sector-10 Relief Center,Visakhapatnam,Andhra Pradesh,cyclone,17.45431,82.6982,300,206,0.273,2.36,0,0.0,914.6,2225.8,13.8,728.3,62.54,DEFICIT,1
SH-IDU-3276,Idukki Sector-1 Relief Center,Idukki,Kerala,flood,9.9549,76.89154,800,123,0.179,1.38,0,17.1,178.6,531.7,1.8,123.3,100.0,CRITICAL_DEFICIT,0
SH-KUT-3277,Kutch Sector-4 Relief Center,Kutch,Gujarat,earthquake,23.80226,70.15765,150,127,0.451,2.2,1,33.2,408.6,903.8,7.8,165.2,59.17,DEFICIT,1
SH-BAL-3278,Balasore Sector-14 Relief Center,Balasore,Odisha,cyclone,21.75722,87.07399,150,159,0.091,0.95,1,15.8,310.8,763.5,5.4,237.6,74.61,CRITICAL_DEFICIT,0
SH-PUR-3279,Puri Sector-11 Relief Center,Puri,Odisha,cyclone,19.54284,86.13625,500,512,0.229,0.77,0,2.7,876.2,1649.6,12.2,462.2,100.0,CRITICAL_DEFICIT,0
SH-KAZ-3280,Kaziranga Sector-5 Relief Center,Kaziranga,Assam,flood,26.32909,93.12914,300,280,0.214,3.07,1,23.2,2408.8,4394.6,52.2,2370.3,4.21,BALANCED,2
SH-VIS-3281,Visakhapatnam Sector-19 Relief Center,Visakhapatnam,Andhra Pradesh,cyclone,17.41581,83.12797,300,376,0.152,0.82,1,4.2,801.8,2395.6,15.3,682.7,71.85,CRITICAL_DEFICIT,0
SH-KAT-3282,Katihar Sector-7 Relief Center,Katihar,Bihar,flood,25.24849,87.45397,300,118,0.325,4.52,1,17.9,218.9,368.2,5.7,147.6,84.76,CRITICAL_DEFICIT,0
SH-BAL-3283,Balasore Sector-18 Relief Center,Balasore,Odisha,cyclone,21.39401,86.80833,500,568,0.27,3.65,0,13.2,160.1,461.7,1.8,131.5,100.0,CRITICAL_DEFICIT,0
SH-PUR-3284,Puri Sector-9 Relief Center,Puri,Odisha,cyclone,19.6296,85.72835,150,86,0.537,1.58,1,29.2,80.5,218.8,2.3,57.2,96.68,CRITICAL_DEFICIT,0
SH-DHU-3285,Dhubri Sector-6 Relief Center,Dhubri,Assam,flood,26.51553,89.90529,300,165,0.472,2.33,1,60.6,47.5,139.9,1.0,29.4,96.47,CRITICAL_DEFICIT,0
SH-SOU-3286,South 24 Parganas Sector-14 Relief Center,South 24 Parganas,West Bengal,cyclone,22.26176,88.66254,500,307,0.066,0.82,1,20.4,1282.9,3685.0,23.1,1022.5,41.58,DEFICIT,1
SH-KUT-3287,Kutch Sector-17 Relief Center,Kutch,Gujarat,earthquake,23.62801,70.15803,800,256,0.65,11.28,0,21.3,1091.3,3061.7,19.0,781.9,61.73,DEFICIT,1
SH-CHA-3288,Chamoli Sector-2 Relief Center,Chamoli,Uttarakhand,earthquake,30.38871,79.08559,300,330,0.42,3.98,0,43.5,111.3,256.8,1.7,93.3,100.0,CRITICAL_DEFICIT,0
SH-CHA-3289,Chamoli Sector-15 Relief Center,Chamoli,Uttarakhand,earthquake,30.5453,79.54421,150,89,0.155,1.91,0,31.4,85.8,224.8,0.9,44.8,100.0,CRITICAL_DEFICIT,0
SH-IDU-3290,Idukki Sector-3 Relief Center,Idukki,Kerala,flood,9.68301,76.5587,150,145,0.172,2.92,1,27.4,118.9,214.5,1.6,43.1,94.68,CRITICAL_DEFICIT,0
SH-KAN-3291,Kangra Sector-8 Relief Center,Kangra,Himachal Pradesh,earthquake,32.01609,76.14371,800,953,0.429,0.42,1,62.7,5154.3,12917.9,138.8,3037.1,34.05,BALANCED,2
SH-IDU-3292,Idukki Sector-19 Relief Center,Idukki,Kerala,flood,9.98734,76.86871,800,106,0.366,4.33,0,26.2,88.9,235.3,2.0,38.9,100.0,CRITICAL_DEFICIT,0
SH-WAY-3293,Wayanad Sector-9 Relief Center,Wayanad,Kerala,flood,11.77076,75.80282,500,486,0.154,1.79,1,12.8,2011.5,5095.3,35.2,1334.3,50.1,DEFICIT,1
SH-DAR-3294,Darbhanga Sector-3 Relief Center,Darbhanga,Bihar,flood,26.26174,86.37468,500,430,0.105,1.17,1,0.0,463.5,1243.3,5.2,165.2,87.05,CRITICAL_DEFICIT,0
SH-KAZ-3295,Kaziranga Sector-7 Relief Center,Kaziranga,Assam,flood,26.93226,93.21647,150,148,0.233,2.03,1,5.8,307.4,710.3,4.8,153.8,73.0,CRITICAL_DEFICIT,0
SH-KAT-3296,Katihar Sector-14 Relief Center,Katihar,Bihar,flood,25.27812,87.48366,150,42,0.189,1.61,1,12.0,149.3,422.6,3.0,126.5,58.71,DEFICIT,1
SH-UTT-3297,Uttarkashi Sector-7 Relief Center,Uttarkashi,Uttarakhand,earthquake,30.39085,78.57996,150,75,0.272,4.23,0,16.5,424.1,702.8,10.9,334.5,63.74,DEFICIT,1
SH-UTT-3298,Uttarkashi Sector-14 Relief Center,Uttarkashi,Uttarakhand,earthquake,30.53092,78.1512,500,173,0.186,9.67,1,0.0,45.6,130.2,1.0,23.9,100.0,CRITICAL_DEFICIT,0
SH-DHU-3299,Dhubri Sector-15 Relief Center,Dhubri,Assam,flood,25.70904,90.22227,300,165,0.546,1.6,1,22.2,284.5,848.4,7.7,172.1,86.59,CRITICAL_DEFICIT,0
SH-BAL-3300,Balasore Sector-9 Relief Center,Balasore,Odisha,cyclone,21.65751,87.46288,150,72,0.315,0.96,1,25.0,74.6,170.5,1.9,46.9,90.68,CRITICAL_DEFICIT,0
SH-DHU-3301,Dhubri Sector-14 Relief Center,Dhubri,Assam,flood,25.88444,90.13808,150,135,0.319,4.9,0,20.3,470.3,833.3,5.8,340.6,80.87,CRITICAL_DEFICIT,0
SH-KAN-3302,Kangra Sector-14 Relief Center,Kangra,Himachal Pradesh,earthquake,32.4704,76.33893,500,421,0.337,1.06,1,15.2,101.1,299.8,2.0,83.4,100.0,CRITICAL_DEFICIT,0
SH-PUR-3303,Puri Sector-2 Relief Center,Puri,Odisha,cyclone,19.38197,85.83013,150,57,0.18,2.16,1,15.6,324.1,913.0,5.4,246.4,25.06,BALANCED,2
SH-KUT-3304,Kutch Sector-9 Relief Center,Kutch,Gujarat,earthquake,23.95383,69.68795,1200,1079,0.258,1.24,0,41.0,1578.3,4503.1,30.1,732.6,99.44,CRITICAL_DEFICIT,0
SH-BAL-3305,Balasore Sector-6 Relief Center,Balasore,Odisha,cyclone,21.94358,86.50785,1200,1444,0.273,6.39,0,51.8,2229.3,4062.2,35.0,2115.0,100.0,CRITICAL_DEFICIT,0
SH-DAR-3306,Darbhanga Sector-10 Relief Center,Darbhanga,Bihar,flood,25.92056,85.78315,800,927,0.229,1.09,1,17.9,4076.6,7440.8,74.7,3019.3,57.9,DEFICIT,1
SH-KAZ-3307,Kaziranga Sector-6 Relief Center,Kaziranga,Assam,flood,26.65809,93.20339,500,75,0.054,6.88,0,19.1,22.7,45.9,0.2,19.2,100.0,CRITICAL_DEFICIT,0
SH-PUR-3308,Puri Sector-3 Relief Center,Puri,Odisha,cyclone,19.8317,85.80358,150,74,0.275,0.81,1,18.2,598.6,1559.1,8.2,468.4,0.14,SURPLUS,3
SH-IDU-3309,Idukki Sector-18 Relief Center,Idukki,Kerala,flood,9.58584,76.87218,500,514,0.347,3.31,0,26.4,456.5,1244.0,9.5,321.7,100.0,CRITICAL_DEFICIT,0
SH-DHU-3310,Dhubri Sector-5 Relief Center,Dhubri,Assam,flood,25.71523,89.92791,800,910,0.167,4.19,0,28.3,3760.0,7261.4,63.8,2062.0,70.81,CRITICAL_DEFICIT,0
SH-KAZ-3311,Kaziranga Sector-10 Relief Center,Kaziranga,Assam,flood,26.25009,93.20401,150,161,0.086,1.44,1,85.9,54.1,120.6,0.8,32.1,97.26,CRITICAL_DEFICIT,0
SH-PUR-3312,Puri Sector-2 Relief Center,Puri,Odisha,cyclone,19.77752,85.69298,150,94,0.339,2.41,1,0.0,330.4,819.0,9.3,296.4,61.5,DEFICIT,1
SH-SOU-3313,South 24 Parganas Sector-11 Relief Center,South 24 Parganas,West Bengal,cyclone,21.74353,88.74461,150,101,0.23,8.34,1,12.2,177.5,356.5,3.0,141.8,83.21,CRITICAL_DEFICIT,0
SH-KAN-3314,Kangra Sector-9 Relief Center,Kangra,Himachal Pradesh,earthquake,32.13576,76.20128,800,583,0.375,1.69,1,41.0,1179.0,2583.6,31.6,516.8,80.05,CRITICAL_DEFICIT,0
SH-DAR-3315,Darbhanga Sector-12 Relief Center,Darbhanga,Bihar,flood,25.93364,86.21906,150,145,0.201,2.07,1,37.5,580.7,1057.1,9.2,488.8,60.1,DEFICIT,1
SH-BAL-3316,Balasore Sector-5 Relief Center,Balasore,Odisha,cyclone,21.35669,86.99148,150,152,0.114,0.54,0,30.2,320.6,861.4,3.2,154.6,92.53,CRITICAL_DEFICIT,0
SH-DAR-3317,Darbhanga Sector-7 Relief Center,Darbhanga,Bihar,flood,26.06519,85.66224,150,72,0.411,1.31,0,0.0,22.5,62.6,0.6,19.9,100.0,CRITICAL_DEFICIT,0
SH-VIS-3318,Visakhapatnam Sector-16 Relief Center,Visakhapatnam,Andhra Pradesh,cyclone,17.95655,82.85791,300,93,0.147,0.2,0,56.8,300.1,509.1,3.4,168.3,84.56,CRITICAL_DEFICIT,0
SH-WAY-3319,Wayanad Sector-13 Relief Center,Wayanad,Kerala,flood,11.4811,76.08512,150,158,0.212,2.73,1,0.4,628.7,1027.6,14.3,290.3,68.57,DEFICIT,1
SH-DHU-3320,Dhubri Sector-11 Relief Center,Dhubri,Assam,flood,25.83881,90.18783,800,766,0.198,0.27,1,45.4,1289.1,2900.4,26.0,996.7,83.45,CRITICAL_DEFICIT,0
SH-BAL-3321,Balasore Sector-2 Relief Center,Balasore,Odisha,cyclone,21.60764,87.17179,300,227,0.098,1.05,1,33.4,840.7,2481.5,15.2,780.0,47.23,DEFICIT,1
SH-KUT-3322,Kutch Sector-11 Relief Center,Kutch,Gujarat,earthquake,24.11604,69.82543,800,728,0.4,3.6,0,33.9,766.2,1999.0,21.3,399.2,100.0,CRITICAL_DEFICIT,0
SH-DHU-3323,Dhubri Sector-3 Relief Center,Dhubri,Assam,flood,26.19401,89.83121,300,280,0.267,0.94,0,38.5,859.8,1453.2,14.3,316.3,88.18,CRITICAL_DEFICIT,0
SH-VIS-3324,Visakhapatnam Sector-15 Relief Center,Visakhapatnam,Andhra Pradesh,cyclone,17.57259,82.7395,150,159,0.096,0.72,1,35.1,38.2,102.7,0.6,25.8,100.0,CRITICAL_DEFICIT,0
SH-BAL-3325,Balasore Sector-2 Relief Center,Balasore,Odisha,cyclone,21.03261,86.86581,500,196,0.505,2.62,1,0.0,1495.9,2450.5,35.4,772.5,33.16,BALANCED,2
SH-KUT-3326,Kutch Sector-15 Relief Center,Kutch,Gujarat,earthquake,24.11331,70.06934,300,138,0.647,2.06,1,18.4,129.6,232.8,4.1,82.3,100.0,CRITICAL_DEFICIT,0
SH-KAN-3327,Kangra Sector-13 Relief Center,Kangra,Himachal Pradesh,earthquake,32.01479,75.88364,300,135,0.187,0.54,0,52.8,224.2,647.2,4.2,209.1,87.84,CRITICAL_DEFICIT,0
SH-BAL-3328,Balasore Sector-13 Relief Center,Balasore,Odisha,cyclone,21.76624,86.92628,300,81,0.172,1.49,0,49.1,65.8,175.3,1.5,53.8,100.0,CRITICAL_DEFICIT,0
SH-CHA-3329,Chamoli Sector-14 Relief Center,Chamoli,Uttarakhand,earthquake,30.38435,79.37906,300,129,0.338,2.81,1,11.3,419.4,860.5,11.3,351.0,63.36,DEFICIT,1
SH-KAZ-3330,Kaziranga Sector-1 Relief Center,Kaziranga,Assam,flood,26.41497,93.42057,300,263,0.412,3.16,0,9.5,544.8,1569.4,13.5,390.1,89.02,CRITICAL_DEFICIT,0
SH-CHA-3331,Chamoli Sector-8 Relief Center,Chamoli,Uttarakhand,earthquake,30.55539,79.17499,300,264,0.161,0.74,1,4.3,196.4,436.6,2.4,78.1,93.12,CRITICAL_DEFICIT,0
SH-KAT-3332,Katihar Sector-17 Relief Center,Katihar,Bihar,flood,25.3408,87.14433,150,118,0.14,2.77,1,33.5,863.2,2532.4,16.7,712.8,8.0,BALANCED,2
SH-IDU-3333,Idukki Sector-1 Relief Center,Idukki,Kerala,flood,9.99758,76.98261,150,148,0.129,1.31,1,0.0,46.0,125.3,0.5,28.0,95.63,CRITICAL_DEFICIT,0
SH-KAN-3334,Kangra Sector-14 Relief Center,Kangra,Himachal Pradesh,earthquake,32.02322,76.39555,800,717,0.083,0.25,0,47.6,2604.3,5661.8,53.1,1539.6,74.63,CRITICAL_DEFICIT,0
SH-DHU-3335,Dhubri Sector-13 Relief Center,Dhubri,Assam,flood,25.64875,89.78401,300,104,0.269,4.48,1,5.9,182.0,450.1,3.0,69.5,82.99,CRITICAL_DEFICIT,0
SH-DHU-3336,Dhubri Sector-7 Relief Center,Dhubri,Assam,flood,26.06186,90.13554,300,304,0.259,0.79,1,36.9,234.3,660.5,3.9,107.7,95.85,CRITICAL_DEFICIT,0
SH-VIS-3337,Visakhapatnam Sector-6 Relief Center,Visakhapatnam,Andhra Pradesh,cyclone,17.82252,83.12483,300,41,0.05,0.84,1,55.4,63.8,182.1,1.0,43.6,79.56,CRITICAL_DEFICIT,0
SH-BAL-3338,Balasore Sector-13 Relief Center,Balasore,Odisha,cyclone,21.17177,87.17858,300,85,0.272,0.7,1,54.5,164.7,380.7,2.1,131.9,81.42,CRITICAL_DEFICIT,0
SH-CHA-3339,Chamoli Sector-18 Relief Center,Chamoli,Uttarakhand,earthquake,30.5889,79.27626,300,354,0.284,3.8,1,43.7,1191.8,2415.9,27.6,697.6,68.17,DEFICIT,1
SH-KAT-3340,Katihar Sector-15 Relief Center,Katihar,Bihar,flood,25.40713,87.35604,300,295,0.069,0.69,1,25.0,257.7,639.4,4.5,192.4,92.88,CRITICAL_DEFICIT,0
SH-KUT-3341,Kutch Sector-2 Relief Center,Kutch,Gujarat,earthquake,23.6579,69.66706,300,158,0.158,0.0,0,9.0,46.2,120.3,0.7,40.6,100.0,CRITICAL_DEFICIT,0
SH-KUT-3342,Kutch Sector-1 Relief Center,Kutch,Gujarat,earthquake,23.61351,69.54941,150,101,0.08,0.8,1,16.6,177.7,497.5,3.0,151.7,79.14,CRITICAL_DEFICIT,0
SH-DHU-3343,Dhubri Sector-12 Relief Center,Dhubri,Assam,flood,25.80047,90.43091,800,630,0.65,3.75,0,33.4,527.8,1252.0,17.6,297.8,100.0,CRITICAL_DEFICIT,0
SH-KAT-3344,Katihar Sector-6 Relief Center,Katihar,Bihar,flood,25.65557,87.58105,800,183,0.069,2.89,0,22.9,45.5,120.3,0.8,16.8,100.0,CRITICAL_DEFICIT,0
SH-WAY-3345,Wayanad Sector-17 Relief Center,Wayanad,Kerala,flood,11.82573,76.20713,500,229,0.225,3.75,0,12.5,173.1,400.7,4.2,117.4,100.0,CRITICAL_DEFICIT,0
SH-KAT-3346,Katihar Sector-2 Relief Center,Katihar,Bihar,flood,25.60951,87.77018,300,166,0.65,0.54,0,25.0,164.8,345.6,4.1,139.6,100.0,CRITICAL_DEFICIT,0
SH-DHU-3347,Dhubri Sector-1 Relief Center,Dhubri,Assam,flood,25.89133,90.06285,300,131,0.133,1.69,1,10.1,1175.7,2053.0,19.1,442.9,10.95,BALANCED,2
SH-KAZ-3348,Kaziranga Sector-12 Relief Center,Kaziranga,Assam,flood,27.16355,93.31041,1200,350,0.476,0.5,1,8.1,1459.9,3950.7,30.8,1279.0,51.33,DEFICIT,1
SH-CHA-3349,Chamoli Sector-16 Relief Center,Chamoli,Uttarakhand,earthquake,30.4792,78.99808,500,606,0.435,2.42,1,40.7,585.0,985.4,9.8,235.0,93.04,CRITICAL_DEFICIT,0
SH-WAY-3350,Wayanad Sector-7 Relief Center,Wayanad,Kerala,flood,11.27481,76.22312,1200,1011,0.331,1.99,0,22.6,1015.6,1875.8,12.3,967.9,100.0,CRITICAL_DEFICIT,0
SH-DHU-3351,Dhubri Sector-16 Relief Center,Dhubri,Assam,flood,26.01302,90.05351,300,214,0.401,0.38,0,12.0,64.0,182.0,1.2,58.9,100.0,CRITICAL_DEFICIT,0
SH-DHU-3352,Dhubri Sector-9 Relief Center,Dhubri,Assam,flood,26.05991,90.17958,300,196,0.071,1.77,0,30.6,2170.9,5365.6,20.0,988.0,11.82,SURPLUS,3
SH-BAL-3353,Balasore Sector-7 Relief Center,Balasore,Odisha,cyclone,21.6408,86.98822,500,118,0.65,0.77,1,33.2,928.7,2596.9,29.6,497.9,4.31,SURPLUS,3
SH-DHU-3354,Dhubri Sector-9 Relief Center,Dhubri,Assam,flood,25.84149,89.84182,800,683,0.199,1.35,1,26.3,1288.6,3461.9,21.2,1248.9,76.87,CRITICAL_DEFICIT,0
SH-BAL-3355,Balasore Sector-13 Relief Center,Balasore,Odisha,cyclone,21.12865,87.24633,150,82,0.32,1.36,0,75.5,287.3,850.8,5.2,172.0,77.04,CRITICAL_DEFICIT,0
SH-DAR-3356,Darbhanga Sector-10 Relief Center,Darbhanga,Bihar,flood,26.23926,86.35988,1200,587,0.087,1.43,1,25.9,533.5,983.5,9.8,469.7,91.69,CRITICAL_DEFICIT,0
SH-CHA-3357,Chamoli Sector-9 Relief Center,Chamoli,Uttarakhand,earthquake,30.59404,79.07371,150,128,0.143,2.28,1,24.1,124.8,293.1,1.2,63.7,86.95,CRITICAL_DEFICIT,0
SH-DAR-3358,Darbhanga Sector-16 Relief Center,Darbhanga,Bihar,flood,26.16609,85.79525,500,299,0.262,0.87,1,33.0,3445.7,9743.9,78.7,1828.6,0.86,SURPLUS,3
SH-WAY-3359,Wayanad Sector-5 Relief Center,Wayanad,Kerala,flood,11.71338,75.69436,500,137,0.229,4.34,0,8.5,137.9,338.1,2.2,85.6,100.0,CRITICAL_DEFICIT,0
SH-CHA-3360,Chamoli Sector-13 Relief Center,Chamoli,Uttarakhand,earthquake,30.33236,79.94919,300,98,0.439,2.44,0,25.0,173.8,359.0,2.7,92.7,100.0,CRITICAL_DEFICIT,0
SH-SOU-3361,South 24 Parganas Sector-5 Relief Center,South 24 Parganas,West Bengal,cyclone,22.06128,88.76816,150,20,0.319,0.48,1,64.7,15.4,44.2,0.2,6.5,93.39,CRITICAL_DEFICIT,0
SH-DHU-3362,Dhubri Sector-4 Relief Center,Dhubri,Assam,flood,25.79706,90.22316,150,67,0.207,0.42,0,35.3,252.5,542.8,3.7,196.3,67.21,DEFICIT,1
SH-IDU-3363,Idukki Sector-5 Relief Center,Idukki,Kerala,flood,9.87999,76.47168,300,260,0.461,1.73,1,22.6,400.3,910.6,7.9,192.6,87.84,CRITICAL_DEFICIT,0
SH-VIS-3364,Visakhapatnam Sector-10 Relief Center,Visakhapatnam,Andhra Pradesh,cyclone,17.67201,83.80184,150,128,0.217,0.38,1,10.3,111.1,280.9,2.3,85.0,90.39,CRITICAL_DEFICIT,0
SH-KAN-3365,Kangra Sector-17 Relief Center,Kangra,Himachal Pradesh,earthquake,31.86598,76.53886,500,473,0.65,2.2,0,40.8,983.3,2034.1,33.6,769.2,92.44,CRITICAL_DEFICIT,0
SH-CHA-3366,Chamoli Sector-17 Relief Center,Chamoli,Uttarakhand,earthquake,30.64907,79.97779,150,128,0.595,7.13,0,29.7,107.6,247.5,3.3,65.8,100.0,CRITICAL_DEFICIT,0
SH-KUT-3367,Kutch Sector-1 Relief Center,Kutch,Gujarat,earthquake,23.71465,70.03576,800,75,0.272,0.11,1,34.1,77.1,144.3,1.3,50.8,85.89,CRITICAL_DEFICIT,0
SH-KAT-3368,Katihar Sector-2 Relief Center,Katihar,Bihar,flood,25.24299,87.5828,300,123,0.65,1.1,0,29.7,236.0,606.2,6.6,227.6,92.67,CRITICAL_DEFICIT,0
SH-DAR-3369,Darbhanga Sector-13 Relief Center,Darbhanga,Bihar,flood,26.33854,85.88104,150,45,0.355,3.05,1,0.0,15.9,44.2,0.2,15.3,95.04,CRITICAL_DEFICIT,0
SH-CHA-3370,Chamoli Sector-15 Relief Center,Chamoli,Uttarakhand,earthquake,30.36684,79.43723,800,152,0.211,0.36,1,61.3,620.6,1657.0,6.7,299.4,49.91,DEFICIT,1
SH-CHA-3371,Chamoli Sector-14 Relief Center,Chamoli,Uttarakhand,earthquake,30.30697,78.97326,500,221,0.418,0.24,1,27.0,733.0,2180.6,12.2,367.1,62.53,DEFICIT,1
SH-KUT-3372,Kutch Sector-12 Relief Center,Kutch,Gujarat,earthquake,23.75773,69.98,150,110,0.052,0.22,0,18.8,27.6,76.7,0.4,15.3,100.0,CRITICAL_DEFICIT,0
SH-SOU-3373,South 24 Parganas Sector-17 Relief Center,South 24 Parganas,West Bengal,cyclone,22.01618,88.52065,500,470,0.388,4.24,1,24.9,1964.6,3637.2,57.0,955.4,59.68,DEFICIT,1
SH-BAL-3374,Balasore Sector-5 Relief Center,Balasore,Odisha,cyclone,21.38201,87.144,800,555,0.372,2.94,1,0.0,1014.9,2886.4,16.3,505.1,84.74,CRITICAL_DEFICIT,0
SH-DAR-3375,Darbhanga Sector-11 Relief Center,Darbhanga,Bihar,flood,26.37855,85.7071,150,85,0.211,0.57,1,0.0,478.1,941.1,6.3,463.3,38.16,BALANCED,2
SH-SOU-3376,South 24 Parganas Sector-12 Relief Center,South 24 Parganas,West Bengal,cyclone,21.88805,88.32858,150,66,0.108,4.17,0,20.2,131.2,314.6,2.2,92.1,92.9,CRITICAL_DEFICIT,0
SH-VIS-3377,Visakhapatnam Sector-19 Relief Center,Visakhapatnam,Andhra Pradesh,cyclone,17.70675,83.30731,1200,689,0.143,0.9,1,19.1,1383.9,3936.8,21.7,577.5,74.96,CRITICAL_DEFICIT,0
SH-DHU-3378,Dhubri Sector-19 Relief Center,Dhubri,Assam,flood,26.07696,89.91646,150,68,0.34,2.18,1,56.1,21.4,50.2,0.3,17.2,100.0,CRITICAL_DEFICIT,0
SH-BAL-3379,Balasore Sector-14 Relief Center,Balasore,Odisha,cyclone,21.85085,87.03002,300,80,0.192,2.81,0,0.0,739.4,1546.2,9.6,385.8,12.05,SURPLUS,3
SH-SOU-3380,South 24 Parganas Sector-19 Relief Center,South 24 Parganas,West Bengal,cyclone,22.31956,88.44879,150,119,0.65,3.91,0,36.9,38.6,97.7,1.0,16.5,100.0,CRITICAL_DEFICIT,0
SH-VIS-3381,Visakhapatnam Sector-6 Relief Center,Visakhapatnam,Andhra Pradesh,cyclone,17.44885,83.1067,150,62,0.299,1.56,1,42.9,58.8,99.6,0.7,20.0,89.64,CRITICAL_DEFICIT,0
SH-KAZ-3382,Kaziranga Sector-19 Relief Center,Kaziranga,Assam,flood,26.49693,92.95964,500,448,0.15,0.83,1,47.3,748.3,1759.2,13.2,275.3,81.72,CRITICAL_DEFICIT,0
SH-WAY-3383,Wayanad Sector-1 Relief Center,Wayanad,Kerala,flood,11.86198,75.96109,300,278,0.215,3.8,1,24.2,96.5,268.3,2.0,34.2,96.71,CRITICAL_DEFICIT,0
SH-KAN-3384,Kangra Sector-12 Relief Center,Kangra,Himachal Pradesh,earthquake,32.15626,76.06486,500,505,0.05,1.8,1,7.0,3079.2,9118.4,43.9,2785.1,19.19,BALANCED,2
SH-KUT-3385,Kutch Sector-10 Relief Center,Kutch,Gujarat,earthquake,23.28329,69.65462,500,275,0.351,6.9,0,58.8,1214.0,3263.6,22.6,803.9,59.0,DEFICIT,1
SH-IDU-3386,Idukki Sector-17 Relief Center,Idukki,Kerala,flood,9.80059,77.01182,800,429,0.323,16.25,1,47.2,713.2,1977.6,10.7,442.3,83.35,CRITICAL_DEFICIT,0
SH-KAZ-3387,Kaziranga Sector-19 Relief Center,Kaziranga,Assam,flood,26.61754,93.30054,150,132,0.337,3.08,0,39.1,204.3,585.3,4.2,80.2,93.79,CRITICAL_DEFICIT,0
SH-SOU-3388,South 24 Parganas Sector-5 Relief Center,South 24 Parganas,West Bengal,cyclone,22.21018,88.61232,300,221,0.271,0.06,1,21.4,914.7,2197.7,17.5,441.2,49.99,DEFICIT,1
SH-UTT-3389,Uttarkashi Sector-18 Relief Center,Uttarkashi,Uttarakhand,earthquake,31.09451,78.82981,150,137,0.65,1.08,0,51.3,947.1,2034.0,32.0,460.7,39.07,BALANCED,2
SH-WAY-3390,Wayanad Sector-14 Relief Center,Wayanad,Kerala,flood,11.62894,76.33954,800,44,0.102,2.62,0,0.0,41.9,87.8,0.7,39.9,100.0,CRITICAL_DEFICIT,0
SH-PUR-3391,Puri Sector-4 Relief Center,Puri,Odisha,cyclone,19.63589,85.79114,1200,1142,0.274,2.3,1,36.4,383.3,813.8,6.9,284.1,100.0,CRITICAL_DEFICIT,0
SH-SOU-3392,South 24 Parganas Sector-9 Relief Center,South 24 Parganas,West Bengal,cyclone,22.06722,88.63993,300,208,0.316,7.07,1,15.5,391.2,983.4,7.0,200.7,82.89,CRITICAL_DEFICIT,0
SH-DHU-3393,Dhubri Sector-3 Relief Center,Dhubri,Assam,flood,26.09712,89.87306,1200,585,0.202,0.74,1,17.3,1050.0,2008.3,22.8,551.7,86.28,CRITICAL_DEFICIT,0
SH-CHA-3394,Chamoli Sector-2 Relief Center,Chamoli,Uttarakhand,earthquake,30.09017,79.1592,300,45,0.406,1.06,0,19.1,416.4,1063.3,9.5,352.3,16.67,SURPLUS,3
SH-DHU-3395,Dhubri Sector-9 Relief Center,Dhubri,Assam,flood,26.25784,89.83409,300,189,0.161,0.15,1,43.0,339.8,823.4,6.8,234.8,72.14,CRITICAL_DEFICIT,0
SH-PUR-3396,Puri Sector-4 Relief Center,Puri,Odisha,cyclone,20.48581,86.40456,500,288,0.062,3.01,0,8.3,594.0,1164.5,7.9,576.8,94.69,CRITICAL_DEFICIT,0
SH-CHA-3397,Chamoli Sector-11 Relief Center,Chamoli,Uttarakhand,earthquake,30.62619,79.49822,300,175,0.278,0.77,1,32.7,1008.8,2184.4,18.5,494.2,33.02,BALANCED,2
SH-PUR-3398,Puri Sector-4 Relief Center,Puri,Odisha,cyclone,19.95028,85.87618,500,158,0.379,0.7,1,1.6,158.6,329.5,4.0,52.9,87.69,CRITICAL_DEFICIT,0
SH-KAZ-3399,Kaziranga Sector-14 Relief Center,Kaziranga,Assam,flood,26.72545,92.73345,300,329,0.078,3.68,0,49.8,298.0,890.0,3.0,239.4,100.0,CRITICAL_DEFICIT,0
SH-IDU-3400,Idukki Sector-6 Relief Center,Idukki,Kerala,flood,10.11769,77.22736,300,216,0.57,0.63,0,39.4,208.9,485.6,6.9,101.4,100.0,CRITICAL_DEFICIT,0
SH-SOU-3401,South 24 Parganas Sector-2 Relief Center,South 24 Parganas,West Bengal,cyclone,22.25827,88.40767,300,289,0.211,2.44,1,12.0,930.4,2098.0,15.9,694.8,66.13,DEFICIT,1
SH-SOU-3402,South 24 Parganas Sector-12 Relief Center,South 24 Parganas,West Bengal,cyclone,21.87136,88.78569,500,546,0.216,0.82,1,27.5,975.2,2314.6,17.2,381.1,78.37,CRITICAL_DEFICIT,0
SH-UTT-3403,Uttarkashi Sector-4 Relief Center,Uttarkashi,Uttarakhand,earthquake,31.10613,78.63861,150,25,0.524,1.24,1,57.9,19.2,48.9,0.5,14.3,93.76,CRITICAL_DEFICIT,0
SH-IDU-3404,Idukki Sector-19 Relief Center,Idukki,Kerala,flood,9.69517,76.80477,150,112,0.162,4.7,1,0.0,853.1,1920.9,12.5,731.1,1.47,BALANCED,2
SH-PUR-3405,Puri Sector-9 Relief Center,Puri,Odisha,cyclone,19.84085,85.46217,1200,453,0.512,2.49,1,17.4,447.8,947.3,11.7,236.5,90.03,CRITICAL_DEFICIT,0
SH-KAZ-3406,Kaziranga Sector-19 Relief Center,Kaziranga,Assam,flood,26.80468,93.20582,300,175,0.077,0.88,1,56.5,351.4,714.0,6.8,304.9,77.96,CRITICAL_DEFICIT,0
SH-CHA-3407,Chamoli Sector-12 Relief Center,Chamoli,Uttarakhand,earthquake,30.28226,79.34632,300,236,0.083,3.22,1,40.0,416.3,1084.3,7.1,243.8,76.86,CRITICAL_DEFICIT,0
SH-DHU-3408,Dhubri Sector-1 Relief Center,Dhubri,Assam,flood,26.0629,90.13549,1200,734,0.06,2.96,1,10.7,1398.5,3365.4,27.6,481.4,73.36,CRITICAL_DEFICIT,0
SH-KAZ-3409,Kaziranga Sector-15 Relief Center,Kaziranga,Assam,flood,26.68804,93.5172,300,83,0.508,2.33,0,13.0,320.7,599.0,6.5,208.7,77.8,CRITICAL_DEFICIT,0
SH-BAL-3410,Balasore Sector-15 Relief Center,Balasore,Odisha,cyclone,21.46217,86.73167,1200,927,0.428,6.07,1,1.5,999.3,2736.8,19.8,427.8,98.78,CRITICAL_DEFICIT,0
SH-IDU-3411,Idukki Sector-11 Relief Center,Idukki,Kerala,flood,9.85531,77.24926,300,337,0.352,4.24,0,40.3,317.3,918.1,6.5,222.4,100.0,CRITICAL_DEFICIT,0
SH-PUR-3412,Puri Sector-8 Relief Center,Puri,Odisha,cyclone,19.58106,85.74706,300,238,0.223,2.84,0,33.8,201.2,549.1,2.8,187.6,100.0,CRITICAL_DEFICIT,0
SH-KAT-3413,Katihar Sector-3 Relief Center,Katihar,Bihar,flood,25.86175,87.91953,300,243,0.632,2.11,1,76.5,85.8,253.0,1.4,58.5,100.0,CRITICAL_DEFICIT,0
SH-WAY-3414,Wayanad Sector-7 Relief Center,Wayanad,Kerala,flood,11.92759,76.2088,150,88,0.273,0.79,0,43.3,799.4,2133.7,13.6,366.6,17.25,SURPLUS,3
SH-WAY-3415,Wayanad Sector-11 Relief Center,Wayanad,Kerala,flood,11.5794,76.3699,1200,1161,0.327,0.38,1,42.8,2481.6,6601.4,34.6,1513.1,73.44,CRITICAL_DEFICIT,0
SH-SOU-3416,South 24 Parganas Sector-10 Relief Center,South 24 Parganas,West Bengal,cyclone,22.0408,88.67664,300,123,0.311,0.79,1,24.2,504.1,1209.8,11.1,348.7,48.07,DEFICIT,1
SH-VIS-3417,Visakhapatnam Sector-10 Relief Center,Visakhapatnam,Andhra Pradesh,cyclone,17.69401,83.26376,500,538,0.056,3.53,1,22.1,1104.6,2313.8,21.1,700.1,79.26,CRITICAL_DEFICIT,0
SH-CHA-3418,Chamoli Sector-7 Relief Center,Chamoli,Uttarakhand,earthquake,30.66268,79.23698,300,220,0.17,0.67,0,20.3,215.7,514.5,4.1,98.2,100.0,CRITICAL_DEFICIT,0
SH-DHU-3419,Dhubri Sector-3 Relief Center,Dhubri,Assam,flood,26.09051,89.69774,150,137,0.189,0.93,1,14.5,1697.5,5085.2,39.3,1276.6,4.88,SURPLUS,3
SH-KAN-3420,Kangra Sector-6 Relief Center,Kangra,Himachal Pradesh,earthquake,32.35017,76.2331,300,212,0.225,0.87,1,13.9,760.8,2253.6,15.9,478.3,53.03,DEFICIT,1
SH-KAZ-3421,Kaziranga Sector-7 Relief Center,Kaziranga,Assam,flood,26.62207,93.23506,300,355,0.127,0.63,0,34.5,92.3,187.5,1.3,43.3,100.0,CRITICAL_DEFICIT,0
SH-KAZ-3422,Kaziranga Sector-9 Relief Center,Kaziranga,Assam,flood,26.90227,93.09321,500,286,0.069,6.22,1,9.4,544.4,1168.3,6.3,469.2,77.18,CRITICAL_DEFICIT,0
SH-IDU-3423,Idukki Sector-15 Relief Center,Idukki,Kerala,flood,10.19029,76.69589,800,393,0.136,2.14,0,49.1,392.0,1015.5,8.0,289.4,100.0,CRITICAL_DEFICIT,0
SH-BAL-3424,Balasore Sector-4 Relief Center,Balasore,Odisha,cyclone,21.47945,87.21428,150,136,0.432,0.61,0,26.3,213.7,444.6,5.9,207.0,100.0,CRITICAL_DEFICIT,0
SH-VIS-3425,Visakhapatnam Sector-19 Relief Center,Visakhapatnam,Andhra Pradesh,cyclone,17.65833,83.58708,1200,506,0.328,3.97,0,32.5,1064.9,2179.6,21.9,755.0,90.32,CRITICAL_DEFICIT,0
SH-CHA-3426,Chamoli Sector-2 Relief Center,Chamoli,Uttarakhand,earthquake,30.06674,78.89557,300,84,0.65,2.78,1,5.0,23.4,61.2,0.8,12.7,97.26,CRITICAL_DEFICIT,0
SH-UTT-3427,Uttarkashi Sector-2 Relief Center,Uttarkashi,Uttarakhand,earthquake,30.84104,78.77114,150,46,0.419,0.35,1,0.0,34.2,68.0,0.5,25.2,91.71,CRITICAL_DEFICIT,0
SH-UTT-3428,Uttarkashi Sector-10 Relief Center,Uttarkashi,Uttarakhand,earthquake,30.63514,78.26497,150,126,0.218,0.11,1,24.4,121.4,318.2,2.8,49.2,84.61,CRITICAL_DEFICIT,0
SH-IDU-3429,Idukki Sector-10 Relief Center,Idukki,Kerala,flood,9.19491,76.71493,1200,713,0.288,11.13,1,7.1,1534.7,3211.2,40.2,1347.2,77.32,CRITICAL_DEFICIT,0
SH-WAY-3430,Wayanad Sector-10 Relief Center,Wayanad,Kerala,flood,11.67409,76.41009,1200,1408,0.216,3.82,1,51.9,342.0,735.4,3.9,216.6,99.58,CRITICAL_DEFICIT,0
SH-WAY-3431,Wayanad Sector-7 Relief Center,Wayanad,Kerala,flood,11.27948,76.49271,300,218,0.05,2.36,1,0.0,2547.9,5199.8,50.3,1322.1,0.0,SURPLUS,3
SH-UTT-3432,Uttarkashi Sector-10 Relief Center,Uttarkashi,Uttarakhand,earthquake,30.99225,78.64884,150,154,0.174,1.45,1,15.1,632.1,1145.8,14.4,459.6,61.47,DEFICIT,1
SH-KAT-3433,Katihar Sector-16 Relief Center,Katihar,Bihar,flood,25.73286,87.34047,150,64,0.05,0.06,1,26.8,62.6,123.4,1.2,24.2,88.42,CRITICAL_DEFICIT,0
SH-UTT-3434,Uttarkashi Sector-18 Relief Center,Uttarkashi,Uttarakhand,earthquake,30.74309,78.41564,300,272,0.425,0.9,1,17.4,230.4,377.6,6.2,152.8,99.04,CRITICAL_DEFICIT,0
SH-SOU-3435,South 24 Parganas Sector-15 Relief Center,South 24 Parganas,West Bengal,cyclone,21.91082,88.53238,300,247,0.175,4.49,0,28.5,934.4,2094.7,19.3,422.0,68.46,DEFICIT,1
SH-DAR-3436,Darbhanga Sector-14 Relief Center,Darbhanga,Bihar,flood,26.85073,85.70732,500,438,0.251,2.44,1,32.0,328.2,785.7,5.5,128.7,95.96,CRITICAL_DEFICIT,0
SH-KAZ-3437,Kaziranga Sector-18 Relief Center,Kaziranga,Assam,flood,26.81758,92.94354,800,662,0.229,0.09,1,9.6,1075.3,1841.0,15.9,980.0,90.25,CRITICAL_DEFICIT,0
SH-KAT-3438,Katihar Sector-11 Relief Center,Katihar,Bihar,flood,25.39575,87.86051,1200,984,0.213,0.83,0,37.8,4423.9,9951.1,65.6,1867.3,56.94,DEFICIT,1
SH-KAT-3439,Katihar Sector-4 Relief Center,Katihar,Bihar,flood,25.39552,87.37277,300,242,0.074,7.81,1,26.4,913.8,2370.4,16.5,380.5,48.63,DEFICIT,1
SH-CHA-3440,Chamoli Sector-7 Relief Center,Chamoli,Uttarakhand,earthquake,30.66409,79.48409,800,922,0.07,4.22,1,19.7,5131.5,11581.9,62.0,4885.9,26.66,BALANCED,2
SH-KAN-3441,Kangra Sector-17 Relief Center,Kangra,Himachal Pradesh,earthquake,31.74553,75.95544,500,513,0.098,3.01,0,47.4,2009.8,5219.7,32.2,1146.1,61.42,DEFICIT,1
SH-UTT-3442,Uttarkashi Sector-17 Relief Center,Uttarkashi,Uttarakhand,earthquake,30.58825,78.88877,500,483,0.431,1.8,1,0.0,883.0,2656.4,25.2,566.6,83.86,CRITICAL_DEFICIT,0
SH-PUR-3443,Puri Sector-6 Relief Center,Puri,Odisha,cyclone,20.13905,85.83106,500,407,0.376,0.95,1,32.3,651.8,1480.6,11.7,489.0,81.25,CRITICAL_DEFICIT,0
SH-KUT-3444,Kutch Sector-3 Relief Center,Kutch,Gujarat,earthquake,23.75904,69.46647,150,94,0.267,2.87,1,14.7,32.2,63.3,0.4,18.0,100.0,CRITICAL_DEFICIT,0
SH-VIS-3445,Visakhapatnam Sector-9 Relief Center,Visakhapatnam,Andhra Pradesh,cyclone,17.7727,82.95262,500,441,0.304,0.79,1,0.0,473.2,919.1,6.3,202.7,94.22,CRITICAL_DEFICIT,0
SH-KAN-3446,Kangra Sector-15 Relief Center,Kangra,Himachal Pradesh,earthquake,31.58006,75.9769,300,102,0.107,8.26,0,24.9,30.3,64.2,0.3,19.5,100.0,CRITICAL_DEFICIT,0
SH-CHA-3447,Chamoli Sector-7 Relief Center,Chamoli,Uttarakhand,earthquake,30.34477,79.58311,300,20,0.102,1.04,1,15.8,17.6,32.6,0.3,15.2,93.17,CRITICAL_DEFICIT,0
SH-VIS-3448,Visakhapatnam Sector-9 Relief Center,Visakhapatnam,Andhra Pradesh,cyclone,17.51981,83.05057,500,169,0.323,0.85,1,13.2,136.2,286.5,3.6,102.2,95.99,CRITICAL_DEFICIT,0
SH-KAZ-3449,Kaziranga Sector-16 Relief Center,Kaziranga,Assam,flood,26.60704,93.30312,150,109,0.322,6.19,0,20.1,458.4,810.3,11.3,230.0,77.96,CRITICAL_DEFICIT,0
SH-WAY-3450,Wayanad Sector-11 Relief Center,Wayanad,Kerala,flood,11.64369,76.32049,300,204,0.366,2.09,1,24.8,195.1,444.3,2.8,173.0,87.41,CRITICAL_DEFICIT,0
SH-KAT-3451,Katihar Sector-3 Relief Center,Katihar,Bihar,flood,25.36476,88.10861,500,462,0.438,1.1,0,16.8,909.4,2379.2,25.5,826.9,97.37,CRITICAL_DEFICIT,0
SH-KAZ-3452,Kaziranga Sector-13 Relief Center,Kaziranga,Assam,flood,26.55153,93.27419,150,44,0.05,1.2,1,57.8,87.1,144.5,0.9,46.6,81.58,CRITICAL_DEFICIT,0
SH-KUT-3453,Kutch Sector-3 Relief Center,Kutch,Gujarat,earthquake,24.07753,69.88519,300,156,0.05,6.47,1,12.0,158.7,360.6,2.1,87.7,91.01,CRITICAL_DEFICIT,0
SH-PUR-3454,Puri Sector-19 Relief Center,Puri,Odisha,cyclone,19.50116,85.47335,800,672,0.392,2.57,1,39.2,698.4,1316.6,10.7,365.1,95.9,CRITICAL_DEFICIT,0
SH-KUT-3455,Kutch Sector-12 Relief Center,Kutch,Gujarat,earthquake,23.21826,69.84801,150,46,0.109,6.93,1,0.0,11.7,31.3,0.1,7.8,100.0,CRITICAL_DEFICIT,0
SH-KAT-3456,Katihar Sector-4 Relief Center,Katihar,Bihar,flood,25.80584,87.63009,500,427,0.167,0.57,1,58.8,368.5,1068.6,5.6,193.6,92.66,CRITICAL_DEFICIT,0
SH-BAL-3457,Balasore Sector-19 Relief Center,Balasore,Odisha,cyclone,21.59277,87.10411,300,294,0.448,1.39,1,8.0,86.4,209.9,1.8,39.0,100.0,CRITICAL_DEFICIT,0
SH-KAT-3458,Katihar Sector-2 Relief Center,Katihar,Bihar,flood,25.57913,87.57545,800,335,0.128,1.67,1,29.6,1113.3,3024.6,14.8,565.2,55.8,DEFICIT,1
SH-IDU-3459,Idukki Sector-16 Relief Center,Idukki,Kerala,flood,9.9623,77.16541,300,197,0.17,1.0,1,7.1,310.0,804.6,4.2,260.5,88.55,CRITICAL_DEFICIT,0
SH-DHU-3460,Dhubri Sector-16 Relief Center,Dhubri,Assam,flood,25.88085,89.8305,800,751,0.522,3.64,1,9.6,1208.2,2458.5,19.2,588.8,85.07,CRITICAL_DEFICIT,0
SH-DAR-3461,Darbhanga Sector-15 Relief Center,Darbhanga,Bihar,flood,26.15676,86.16463,300,282,0.305,0.13,0,14.4,2111.0,5691.3,38.3,1606.0,15.31,BALANCED,2
SH-KAT-3462,Katihar Sector-9 Relief Center,Katihar,Bihar,flood,25.76208,87.17248,300,118,0.302,6.75,0,40.4,869.4,1470.4,16.2,491.4,50.58,DEFICIT,1
SH-SOU-3463,South 24 Parganas Sector-5 Relief Center,South 24 Parganas,West Bengal,cyclone,22.25537,88.27908,500,470,0.286,2.04,0,16.9,871.1,1780.2,15.7,341.8,95.91,CRITICAL_DEFICIT,0
SH-CHA-3464,Chamoli Sector-5 Relief Center,Chamoli,Uttarakhand,earthquake,30.6476,79.26653,150,34,0.106,0.35,1,6.4,226.2,418.2,2.5,179.9,36.36,BALANCED,2
SH-CHA-3465,Chamoli Sector-19 Relief Center,Chamoli,Uttarakhand,earthquake,30.58412,79.30986,300,343,0.218,7.7,0,50.9,1248.8,2933.6,27.8,948.3,64.55,DEFICIT,1
SH-WAY-3466,Wayanad Sector-15 Relief Center,Wayanad,Kerala,flood,11.73333,76.01694,300,222,0.25,2.85,1,27.6,193.3,325.9,3.2,82.9,96.1,CRITICAL_DEFICIT,0
SH-KUT-3467,Kutch Sector-2 Relief Center,Kutch,Gujarat,earthquake,23.87839,69.46727,150,112,0.348,2.89,1,33.0,168.4,384.9,2.3,167.8,86.2,CRITICAL_DEFICIT,0
SH-UTT-3468,Uttarkashi Sector-17 Relief Center,Uttarkashi,Uttarakhand,earthquake,30.40297,78.70761,300,155,0.214,6.91,0,0.0,130.1,335.9,2.0,117.7,100.0,CRITICAL_DEFICIT,0
SH-UTT-3469,Uttarkashi Sector-14 Relief Center,Uttarkashi,Uttarakhand,earthquake,30.58506,78.89648,2000,1691,0.322,0.12,0,24.0,1257.1,3750.9,24.6,759.0,100.0,CRITICAL_DEFICIT,0
SH-CHA-3470,Chamoli Sector-13 Relief Center,Chamoli,Uttarakhand,earthquake,30.61936,79.23229,150,91,0.05,2.54,1,4.3,889.7,1913.6,13.2,326.0,2.13,SURPLUS,3
SH-CHA-3471,Chamoli Sector-11 Relief Center,Chamoli,Uttarakhand,earthquake,30.29681,79.30426,150,101,0.526,3.05,0,24.6,743.6,2056.6,24.5,348.6,23.94,BALANCED,2
SH-UTT-3472,Uttarkashi Sector-5 Relief Center,Uttarkashi,Uttarakhand,earthquake,30.37895,78.48718,300,218,0.417,3.34,0,58.6,213.7,368.0,6.0,208.4,100.0,CRITICAL_DEFICIT,0
SH-DAR-3473,Darbhanga Sector-5 Relief Center,Darbhanga,Bihar,flood,26.02624,86.02767,150,99,0.096,3.4,1,27.8,93.9,195.5,1.3,83.0,84.07,CRITICAL_DEFICIT,0
SH-KAT-3474,Katihar Sector-10 Relief Center,Katihar,Bihar,flood,25.89432,88.01891,800,976,0.26,6.03,1,70.0,1553.9,3260.8,23.0,1211.7,80.94,CRITICAL_DEFICIT,0
SH-KAZ-3475,Kaziranga Sector-11 Relief Center,Kaziranga,Assam,flood,26.81698,93.14617,300,118,0.492,0.04,0,28.5,86.8,171.8,2.3,63.0,100.0,CRITICAL_DEFICIT,0
SH-WAY-3476,Wayanad Sector-16 Relief Center,Wayanad,Kerala,flood,11.5523,76.23216,500,495,0.218,2.54,0,0.0,473.8,1362.9,11.1,332.6,100.0,CRITICAL_DEFICIT,0
SH-VIS-3477,Visakhapatnam Sector-2 Relief Center,Visakhapatnam,Andhra Pradesh,cyclone,17.45139,83.05011,300,341,0.5,1.83,1,23.6,649.9,1623.3,19.0,396.4,82.34,CRITICAL_DEFICIT,0
SH-VIS-3478,Visakhapatnam Sector-14 Relief Center,Visakhapatnam,Andhra Pradesh,cyclone,17.65841,83.0359,1200,1392,0.478,12.84,0,0.0,494.5,1201.1,12.3,255.9,100.0,CRITICAL_DEFICIT,0
SH-KAT-3479,Katihar Sector-9 Relief Center,Katihar,Bihar,flood,25.44911,87.4353,300,322,0.503,0.32,1,16.4,1062.7,2692.6,22.0,422.2,66.5,DEFICIT,1
SH-KAN-3480,Kangra Sector-13 Relief Center,Kangra,Himachal Pradesh,earthquake,32.41652,76.68557,300,224,0.462,1.87,1,0.0,1758.5,3516.2,44.5,1173.6,17.13,BALANCED,2
SH-DAR-3481,Darbhanga Sector-3 Relief Center,Darbhanga,Bihar,flood,26.08705,85.76599,800,645,0.327,2.32,1,12.9,526.0,1228.7,8.0,296.5,93.32,CRITICAL_DEFICIT,0
SH-PUR-3482,Puri Sector-1 Relief Center,Puri,Odisha,cyclone,20.37043,86.30318,300,300,0.089,0.28,1,0.0,252.0,744.6,4.0,95.2,91.39,CRITICAL_DEFICIT,0
SH-KAT-3483,Katihar Sector-2 Relief Center,Katihar,Bihar,flood,25.32389,87.56786,150,120,0.248,2.86,1,33.6,42.7,105.5,0.9,42.2,96.93,CRITICAL_DEFICIT,0
SH-DHU-3484,Dhubri Sector-6 Relief Center,Dhubri,Assam,flood,26.28493,90.04117,150,150,0.535,7.04,1,11.8,152.3,320.4,4.9,92.5,95.43,CRITICAL_DEFICIT,0
SH-KUT-3485,Kutch Sector-6 Relief Center,Kutch,Gujarat,earthquake,23.72645,69.92029,500,426,0.16,0.66,1,48.5,812.8,2445.4,13.5,326.6,72.68,CRITICAL_DEFICIT,0
SH-DHU-3486,Dhubri Sector-8 Relief Center,Dhubri,Assam,flood,25.98412,89.86293,150,102,0.39,2.32,1,69.8,693.0,1462.5,12.2,330.8,22.55,BALANCED,2
SH-SOU-3487,South 24 Parganas Sector-3 Relief Center,South 24 Parganas,West Bengal,cyclone,21.62137,88.87483,1200,1107,0.281,3.31,0,29.4,3994.7,8205.5,57.1,2241.3,77.26,CRITICAL_DEFICIT,0
SH-IDU-3488,Idukki Sector-3 Relief Center,Idukki,Kerala,flood,9.86421,76.95195,300,282,0.385,1.22,1,71.6,278.1,482.6,6.1,149.0,95.56,CRITICAL_DEFICIT,0
SH-DAR-3489,Darbhanga Sector-11 Relief Center,Darbhanga,Bihar,flood,26.37816,85.76237,300,367,0.135,0.1,1,12.1,1169.4,2901.4,23.9,552.8,59.0,DEFICIT,1
SH-VIS-3490,Visakhapatnam Sector-5 Relief Center,Visakhapatnam,Andhra Pradesh,cyclone,16.9914,83.25102,500,581,0.199,4.07,1,34.3,4405.2,12065.1,102.1,2504.8,1.05,SURPLUS,3
SH-KUT-3491,Kutch Sector-7 Relief Center,Kutch,Gujarat,earthquake,23.65483,69.59546,300,180,0.278,3.7,1,38.6,708.3,2011.6,17.6,419.7,47.84,DEFICIT,1
SH-SOU-3492,South 24 Parganas Sector-3 Relief Center,South 24 Parganas,West Bengal,cyclone,21.8916,88.76494,300,268,0.088,2.72,1,20.6,220.1,503.6,4.6,192.6,88.4,CRITICAL_DEFICIT,0
SH-VIS-3493,Visakhapatnam Sector-15 Relief Center,Visakhapatnam,Andhra Pradesh,cyclone,17.75444,83.44581,300,198,0.257,0.6,1,40.7,206.3,428.0,2.3,83.3,87.71,CRITICAL_DEFICIT,0
SH-BAL-3494,Balasore Sector-1 Relief Center,Balasore,Odisha,cyclone,21.51256,87.00144,150,99,0.119,2.48,0,0.0,855.7,2368.6,9.8,664.5,15.01,SURPLUS,3
SH-BAL-3495,Balasore Sector-10 Relief Center,Balasore,Odisha,cyclone,21.67008,86.80295,150,35,0.387,3.08,0,18.2,55.9,132.3,0.9,21.0,99.99,CRITICAL_DEFICIT,0
SH-IDU-3496,Idukki Sector-15 Relief Center,Idukki,Kerala,flood,9.7962,77.39552,500,197,0.37,0.28,1,3.3,626.7,1329.8,9.3,615.9,63.2,DEFICIT,1
SH-PUR-3497,Puri Sector-13 Relief Center,Puri,Odisha,cyclone,19.64514,86.05344,150,27,0.13,1.4,0,12.2,196.8,339.3,2.2,141.6,41.89,DEFICIT,1
SH-PUR-3498,Puri Sector-14 Relief Center,Puri,Odisha,cyclone,19.72541,86.17479,500,239,0.362,2.46,1,16.3,212.0,632.2,5.7,114.6,95.86,CRITICAL_DEFICIT,0
SH-KAZ-3499,Kaziranga Sector-15 Relief Center,Kaziranga,Assam,flood,26.54437,93.3357,300,257,0.185,0.82,0,38.1,1105.7,3299.8,15.8,769.7,56.72,DEFICIT,1
SH-CHA-3500,Chamoli Sector-4 Relief Center,Chamoli,Uttarakhand,earthquake,30.74232,78.94383,150,67,0.199,5.93,1,9.2,413.4,890.2,5.3,395.3,27.74,BALANCED,2
SH-KAZ-3501,Kaziranga Sector-18 Relief Center,Kaziranga,Assam,flood,27.03695,92.71605,1200,885,0.552,1.76,1,18.2,3116.7,5617.9,86.2,2172.7,73.36,CRITICAL_DEFICIT,0
SH-KUT-3502,Kutch Sector-9 Relief Center,Kutch,Gujarat,earthquake,23.70875,70.20198,1200,775,0.524,2.14,1,42.5,806.7,1628.9,13.9,406.1,93.71,CRITICAL_DEFICIT,0
SH-KUT-3503,Kutch Sector-1 Relief Center,Kutch,Gujarat,earthquake,23.63532,69.40321,300,316,0.147,6.9,1,18.6,1406.9,4094.6,22.2,792.5,44.54,DEFICIT,1
SH-KUT-3504,Kutch Sector-15 Relief Center,Kutch,Gujarat,earthquake,23.78677,69.93291,800,677,0.276,7.45,1,31.2,1291.9,3561.2,33.5,999.5,81.8,CRITICAL_DEFICIT,0
SH-KAT-3505,Katihar Sector-6 Relief Center,Katihar,Bihar,flood,25.48347,87.58865,150,128,0.217,1.84,1,12.9,35.7,95.8,0.7,28.7,100.0,CRITICAL_DEFICIT,0
SH-DHU-3506,Dhubri Sector-12 Relief Center,Dhubri,Assam,flood,25.90829,90.26478,150,23,0.544,11.36,0,19.8,24.4,70.9,0.4,12.2,100.0,CRITICAL_DEFICIT,0
SH-SOU-3507,South 24 Parganas Sector-3 Relief Center,South 24 Parganas,West Bengal,cyclone,22.36719,88.94173,150,126,0.193,0.53,1,0.1,261.9,510.1,6.1,127.3,78.59,CRITICAL_DEFICIT,0
SH-PUR-3508,Puri Sector-3 Relief Center,Puri,Odisha,cyclone,19.86593,85.91137,300,200,0.301,1.6,1,23.8,177.6,500.8,3.0,99.6,93.14,CRITICAL_DEFICIT,0
SH-IDU-3509,Idukki Sector-5 Relief Center,Idukki,Kerala,flood,9.82175,76.86544,150,20,0.108,0.52,1,28.8,168.8,309.2,3.1,85.3,18.2,BALANCED,2
SH-UTT-3510,Uttarkashi Sector-12 Relief Center,Uttarkashi,Uttarakhand,earthquake,30.83803,77.98637,500,272,0.434,3.07,0,28.9,1158.2,3246.3,21.3,789.0,65.73,DEFICIT,1
SH-WAY-3511,Wayanad Sector-7 Relief Center,Wayanad,Kerala,flood,11.70717,76.63179,800,270,0.219,1.81,1,42.1,71.1,168.3,1.6,32.3,100.0,CRITICAL_DEFICIT,0
SH-KAN-3512,Kangra Sector-17 Relief Center,Kangra,Himachal Pradesh,earthquake,31.93987,76.1067,800,221,0.435,0.91,0,7.9,59.4,123.5,0.9,22.9,100.0,CRITICAL_DEFICIT,0
SH-PUR-3513,Puri Sector-9 Relief Center,Puri,Odisha,cyclone,19.50319,85.79312,150,157,0.163,2.11,0,28.1,1143.8,2449.6,24.0,679.9,32.81,BALANCED,2
SH-PUR-3514,Puri Sector-6 Relief Center,Puri,Odisha,cyclone,19.58668,85.50044,150,52,0.175,4.08,0,23.2,17.9,51.3,0.3,9.3,100.0,CRITICAL_DEFICIT,0
SH-UTT-3515,Uttarkashi Sector-16 Relief Center,Uttarkashi,Uttarakhand,earthquake,30.91999,78.68121,300,218,0.251,0.64,1,4.6,403.1,1176.8,10.2,349.7,78.61,CRITICAL_DEFICIT,0
SH-IDU-3516,Idukki Sector-8 Relief Center,Idukki,Kerala,flood,9.59293,76.48066,150,41,0.341,10.27,1,10.5,84.1,156.2,2.1,37.5,79.11,CRITICAL_DEFICIT,0
SH-SOU-3517,South 24 Parganas Sector-14 Relief Center,South 24 Parganas,West Bengal,cyclone,21.92143,88.90252,300,70,0.256,1.52,0,11.6,143.1,380.8,2.7,78.9,90.85,CRITICAL_DEFICIT,0
SH-CHA-3518,Chamoli Sector-5 Relief Center,Chamoli,Uttarakhand,earthquake,30.66633,79.31899,300,133,0.278,4.47,0,62.0,238.0,701.8,5.3,93.6,88.56,CRITICAL_DEFICIT,0
SH-KUT-3519,Kutch Sector-17 Relief Center,Kutch,Gujarat,earthquake,23.34727,69.78504,500,277,0.188,5.39,0,0.0,422.4,1053.6,8.4,223.8,96.55,CRITICAL_DEFICIT,0
SH-BAL-3520,Balasore Sector-7 Relief Center,Balasore,Odisha,cyclone,21.53523,86.57174,500,89,0.105,0.81,1,9.4,144.9,359.8,1.8,60.0,78.13,CRITICAL_DEFICIT,0
SH-KAT-3521,Katihar Sector-1 Relief Center,Katihar,Bihar,flood,25.39176,87.844,300,238,0.65,0.4,1,19.1,730.4,1351.2,26.9,445.0,74.73,CRITICAL_DEFICIT,0
SH-DAR-3522,Darbhanga Sector-15 Relief Center,Darbhanga,Bihar,flood,26.37647,85.94015,150,66,0.221,1.84,1,64.8,120.6,364.1,2.8,40.5,83.05,CRITICAL_DEFICIT,0
SH-VIS-3523,Visakhapatnam Sector-16 Relief Center,Visakhapatnam,Andhra Pradesh,cyclone,17.74715,83.45596,500,395,0.085,5.16,1,40.1,1340.1,3279.0,27.1,903.7,53.62,DEFICIT,1
SH-KAZ-3524,Kaziranga Sector-14 Relief Center,Kaziranga,Assam,flood,26.61311,93.03156,300,282,0.375,0.24,1,18.5,299.3,737.0,3.9,282.0,86.26,CRITICAL_DEFICIT,0
SH-KAT-3525,Katihar Sector-13 Relief Center,Katihar,Bihar,flood,25.85661,87.60374,2000,1768,0.288,0.02,0,4.8,6317.9,10937.5,147.2,6007.7,79.71,CRITICAL_DEFICIT,0
SH-UTT-3526,Uttarkashi Sector-12 Relief Center,Uttarkashi,Uttarakhand,earthquake,30.74832,78.15102,300,107,0.05,2.73,0,21.9,709.8,1866.6,6.8,604.8,25.6,BALANCED,2
SH-BAL-3527,Balasore Sector-9 Relief Center,Balasore,Odisha,cyclone,21.86296,87.08302,1200,923,0.363,5.83,0,5.7,1453.7,3502.0,22.8,1254.6,95.12,CRITICAL_DEFICIT,0
SH-BAL-3528,Balasore Sector-19 Relief Center,Balasore,Odisha,cyclone,21.02042,87.38025,1200,633,0.125,0.83,1,11.4,647.7,1300.8,13.2,634.5,91.24,CRITICAL_DEFICIT,0
SH-PUR-3529,Puri Sector-17 Relief Center,Puri,Odisha,cyclone,19.39148,85.84967,500,245,0.604,0.57,1,39.1,242.9,560.3,7.1,232.5,91.86,CRITICAL_DEFICIT,0
SH-BAL-3530,Balasore Sector-19 Relief Center,Balasore,Odisha,cyclone,21.84449,87.0508,500,166,0.205,0.16,1,20.2,1497.0,2588.7,18.9,1217.9,13.12,BALANCED,2
SH-KAN-3531,Kangra Sector-16 Relief Center,Kangra,Himachal Pradesh,earthquake,31.96701,75.98776,500,370,0.31,3.09,1,0.0,600.5,1354.4,8.7,294.4,77.34,CRITICAL_DEFICIT,0
SH-PUR-3532,Puri Sector-6 Relief Center,Puri,Odisha,cyclone,19.93462,86.10452,500,490,0.247,0.32,1,18.2,4242.6,9130.6,78.1,1417.8,1.07,SURPLUS,3
SH-KUT-3533,Kutch Sector-8 Relief Center,Kutch,Gujarat,earthquake,23.65028,69.46644,500,603,0.329,2.16,0,18.7,2428.7,7137.4,38.4,1189.6,65.43,DEFICIT,1
SH-DAR-3534,Darbhanga Sector-11 Relief Center,Darbhanga,Bihar,flood,26.11879,86.1995,150,121,0.31,3.55,0,32.5,238.0,633.7,4.6,233.9,93.83,CRITICAL_DEFICIT,0
SH-BAL-3535,Balasore Sector-11 Relief Center,Balasore,Odisha,cyclone,21.79216,87.26571,1200,913,0.327,1.25,1,14.8,1650.9,3148.5,34.8,626.4,85.24,CRITICAL_DEFICIT,0
SH-PUR-3536,Puri Sector-7 Relief Center,Puri,Odisha,cyclone,19.6575,85.99745,150,20,0.194,0.17,1,20.4,41.2,82.7,0.6,22.7,73.51,CRITICAL_DEFICIT,0
SH-DAR-3537,Darbhanga Sector-9 Relief Center,Darbhanga,Bihar,flood,26.23125,85.99017,300,232,0.413,0.13,1,24.8,1823.4,3718.7,50.9,698.9,11.35,BALANCED,2
SH-KAZ-3538,Kaziranga Sector-9 Relief Center,Kaziranga,Assam,flood,25.94787,93.45772,150,41,0.299,0.18,0,55.3,132.5,261.7,1.5,67.5,85.55,CRITICAL_DEFICIT,0
SH-BAL-3539,Balasore Sector-14 Relief Center,Balasore,Odisha,cyclone,21.20661,87.39267,500,593,0.081,0.5,1,32.1,470.8,1089.9,7.9,421.3,89.7,CRITICAL_DEFICIT,0
SH-BAL-3540,Balasore Sector-7 Relief Center,Balasore,Odisha,cyclone,21.46552,87.1021,150,78,0.53,0.2,1,41.6,748.2,2195.4,21.2,366.1,2.82,SURPLUS,3
SH-UTT-3541,Uttarkashi Sector-11 Relief Center,Uttarkashi,Uttarakhand,earthquake,31.08593,78.50053,300,292,0.346,2.22,1,35.1,1168.1,3047.0,28.6,775.3,53.76,DEFICIT,1
SH-DHU-3542,Dhubri Sector-2 Relief Center,Dhubri,Assam,flood,25.84836,90.18725,150,88,0.463,0.64,1,27.2,84.3,182.8,1.8,46.1,93.04,CRITICAL_DEFICIT,0
SH-DHU-3543,Dhubri Sector-17 Relief Center,Dhubri,Assam,flood,26.32769,90.08658,500,442,0.088,2.87,1,20.7,1766.2,4360.8,34.5,594.6,48.93,DEFICIT,1
SH-CHA-3544,Chamoli Sector-7 Relief Center,Chamoli,Uttarakhand,earthquake,30.30442,79.45506,500,297,0.103,1.15,0,20.8,1081.7,2646.9,16.3,637.4,67.3,DEFICIT,1
SH-KAT-3545,Katihar Sector-19 Relief Center,Katihar,Bihar,flood,25.51894,87.38961,300,228,0.237,2.83,1,0.0,759.6,2252.2,9.4,752.9,63.46,DEFICIT,1
SH-KAT-3546,Katihar Sector-6 Relief Center,Katihar,Bihar,flood,25.68268,87.74824,300,106,0.215,1.21,0,28.5,379.1,982.1,5.5,180.6,65.27,DEFICIT,1
SH-CHA-3547,Chamoli Sector-17 Relief Center,Chamoli,Uttarakhand,earthquake,30.55486,79.1115,150,61,0.417,0.83,1,15.6,16.5,49.7,0.3,14.9,96.48,CRITICAL_DEFICIT,0
SH-WAY-3548,Wayanad Sector-11 Relief Center,Wayanad,Kerala,flood,11.61774,76.18017,150,150,0.201,1.72,1,11.7,545.9,1583.2,13.2,500.7,55.86,DEFICIT,1
SH-KUT-3549,Kutch Sector-4 Relief Center,Kutch,Gujarat,earthquake,23.95784,69.77739,1200,1457,0.49,0.96,1,20.0,447.8,919.2,14.1,189.9,100.0,CRITICAL_DEFICIT,0
SH-VIS-3550,Visakhapatnam Sector-14 Relief Center,Visakhapatnam,Andhra Pradesh,cyclone,17.56315,83.01801,800,397,0.115,3.26,0,11.0,796.9,1314.1,17.3,754.0,98.35,CRITICAL_DEFICIT,0
SH-WAY-3551,Wayanad Sector-10 Relief Center,Wayanad,Kerala,flood,11.97176,76.17691,300,355,0.206,0.35,1,35.3,120.0,287.7,1.7,111.9,98.85,CRITICAL_DEFICIT,0
SH-KAT-3552,Katihar Sector-15 Relief Center,Katihar,Bihar,flood,25.29273,88.01573,500,399,0.215,4.48,1,36.1,329.8,654.2,4.9,271.4,94.22,CRITICAL_DEFICIT,0
SH-KAN-3553,Kangra Sector-4 Relief Center,Kangra,Himachal Pradesh,earthquake,31.96189,75.73329,500,427,0.163,5.81,1,23.4,3200.6,7462.7,45.7,2679.1,2.98,BALANCED,2
SH-KAN-3554,Kangra Sector-4 Relief Center,Kangra,Himachal Pradesh,earthquake,31.90587,76.52646,300,170,0.65,0.52,1,37.6,702.6,1353.8,16.7,469.6,66.89,DEFICIT,1
SH-VIS-3555,Visakhapatnam Sector-6 Relief Center,Visakhapatnam,Andhra Pradesh,cyclone,17.8248,83.45584,150,132,0.227,1.02,1,33.6,587.9,1029.1,9.6,549.7,60.09,DEFICIT,1
SH-VIS-3556,Visakhapatnam Sector-10 Relief Center,Visakhapatnam,Andhra Pradesh,cyclone,17.78516,82.92429,500,464,0.245,0.06,1,26.4,150.7,431.6,2.4,83.2,100.0,CRITICAL_DEFICIT,0
SH-KAT-3557,Katihar Sector-8 Relief Center,Katihar,Bihar,flood,25.65133,87.00428,150,44,0.131,1.78,1,30.7,11.2,27.2,0.2,11.1,98.52,CRITICAL_DEFICIT,0
SH-KAN-3558,Kangra Sector-6 Relief Center,Kangra,Himachal Pradesh,earthquake,32.12937,76.04836,150,152,0.366,9.7,0,24.7,156.2,390.4,2.0,131.0,100.0,CRITICAL_DEFICIT,0
SH-VIS-3559,Visakhapatnam Sector-10 Relief Center,Visakhapatnam,Andhra Pradesh,cyclone,17.31962,83.61726,500,456,0.311,0.1,1,8.8,4577.5,9049.6,92.9,1551.3,1.85,SURPLUS,3
SH-CHA-3560,Chamoli Sector-11 Relief Center,Chamoli,Uttarakhand,earthquake,30.61102,79.22759,300,281,0.485,0.57,1,47.9,405.4,675.3,13.0,198.8,93.26,CRITICAL_DEFICIT,0
SH-VIS-3561,Visakhapatnam Sector-2 Relief Center,Visakhapatnam,Andhra Pradesh,cyclone,17.97145,83.76128,500,304,0.135,1.39,1,47.6,469.7,776.0,9.1,264.2,81.19,CRITICAL_DEFICIT,0
SH-KUT-3562,Kutch Sector-6 Relief Center,Kutch,Gujarat,earthquake,23.71063,69.81866,2000,1814,0.086,11.63,0,32.0,7641.5,17715.7,70.5,6366.2,63.19,DEFICIT,1
SH-KAN-3563,Kangra Sector-11 Relief Center,Kangra,Himachal Pradesh,earthquake,32.15425,76.28945,150,62,0.068,3.89,0,29.0,409.5,942.4,3.7,156.1,35.69,BALANCED,2
SH-DAR-3564,Darbhanga Sector-16 Relief Center,Darbhanga,Bihar,flood,25.22586,86.21983,500,240,0.316,4.05,0,20.5,2049.9,3732.9,26.9,1282.2,32.95,BALANCED,2
SH-IDU-3565,Idukki Sector-2 Relief Center,Idukki,Kerala,flood,9.49371,76.9105,300,123,0.203,2.61,1,37.5,116.8,291.4,1.9,53.2,88.72,CRITICAL_DEFICIT,0
SH-UTT-3566,Uttarkashi Sector-9 Relief Center,Uttarkashi,Uttarakhand,earthquake,30.54301,78.65138,300,210,0.261,6.0,1,29.7,1942.3,5452.5,21.7,955.0,0.0,SURPLUS,3
SH-KUT-3567,Kutch Sector-17 Relief Center,Kutch,Gujarat,earthquake,24.00958,69.83982,300,37,0.086,2.99,1,1.0,57.2,93.8,0.5,33.1,84.97,CRITICAL_DEFICIT,0
SH-KAZ-3568,Kaziranga Sector-4 Relief Center,Kaziranga,Assam,flood,26.22362,93.11942,150,133,0.168,5.08,1,39.4,122.1,246.8,1.8,90.1,88.62,CRITICAL_DEFICIT,0
SH-KUT-3569,Kutch Sector-18 Relief Center,Kutch,Gujarat,earthquake,23.74136,69.94908,500,516,0.071,1.05,0,27.6,151.2,452.5,2.5,52.2,100.0,CRITICAL_DEFICIT,0
SH-VIS-3570,Visakhapatnam Sector-16 Relief Center,Visakhapatnam,Andhra Pradesh,cyclone,17.71785,83.0753,500,457,0.076,1.29,1,46.8,953.6,2799.3,10.8,629.6,67.52,CRITICAL_DEFICIT,0
SH-KAZ-3571,Kaziranga Sector-15 Relief Center,Kaziranga,Assam,flood,26.73269,93.61175,150,141,0.064,0.5,1,0.2,125.8,218.1,1.6,53.9,90.55,CRITICAL_DEFICIT,0
SH-KAZ-3572,Kaziranga Sector-11 Relief Center,Kaziranga,Assam,flood,26.33707,93.19068,150,80,0.204,3.21,1,0.0,72.5,146.6,1.3,28.0,91.12,CRITICAL_DEFICIT,0
SH-BAL-3573,Balasore Sector-18 Relief Center,Balasore,Odisha,cyclone,21.59961,86.88941,150,103,0.35,0.82,1,29.6,385.1,1031.9,7.0,241.7,57.55,DEFICIT,1
SH-BAL-3574,Balasore Sector-16 Relief Center,Balasore,Odisha,cyclone,21.86116,86.71719,800,858,0.407,5.67,0,10.3,3400.4,9041.5,77.5,2924.4,64.28,DEFICIT,1
SH-BAL-3575,Balasore Sector-9 Relief Center,Balasore,Odisha,cyclone,21.316,87.01414,300,203,0.554,1.49,0,43.1,315.7,843.6,7.0,154.6,100.0,CRITICAL_DEFICIT,0
SH-DAR-3576,Darbhanga Sector-16 Relief Center,Darbhanga,Bihar,flood,26.16916,86.04306,150,55,0.268,0.22,1,3.3,108.8,192.9,2.3,55.2,81.34,CRITICAL_DEFICIT,0
SH-VIS-3577,Visakhapatnam Sector-3 Relief Center,Visakhapatnam,Andhra Pradesh,cyclone,17.41393,83.40981,800,495,0.232,2.88,0,43.1,443.3,856.5,8.0,283.5,100.0,CRITICAL_DEFICIT,0
SH-VIS-3578,Visakhapatnam Sector-16 Relief Center,Visakhapatnam,Andhra Pradesh,cyclone,17.54093,82.81931,300,304,0.268,0.16,0,9.2,1037.2,2460.6,25.3,420.2,77.48,CRITICAL_DEFICIT,0
SH-KAT-3579,Katihar Sector-5 Relief Center,Katihar,Bihar,flood,25.10877,87.59886,500,393,0.517,1.53,1,51.8,2306.4,4516.2,55.2,2100.1,40.41,DEFICIT,1
SH-PUR-3580,Puri Sector-14 Relief Center,Puri,Odisha,cyclone,19.43489,86.41076,500,542,0.328,0.71,1,15.7,1120.0,1846.3,29.1,926.7,84.82,CRITICAL_DEFICIT,0
SH-IDU-3581,Idukki Sector-15 Relief Center,Idukki,Kerala,flood,9.86335,77.2037,300,336,0.297,0.12,0,21.0,675.6,1447.9,15.8,407.8,97.57,CRITICAL_DEFICIT,0
SH-IDU-3582,Idukki Sector-10 Relief Center,Idukki,Kerala,flood,10.09263,76.74046,500,450,0.184,2.69,1,3.0,900.3,1764.4,10.5,329.1,79.38,CRITICAL_DEFICIT,0
SH-PUR-3583,Puri Sector-9 Relief Center,Puri,Odisha,cyclone,19.41378,86.09323,500,245,0.349,3.67,1,63.0,180.9,494.7,4.9,108.5,94.39,CRITICAL_DEFICIT,0
SH-UTT-3584,Uttarkashi Sector-9 Relief Center,Uttarkashi,Uttarakhand,earthquake,30.6781,78.26951,300,269,0.317,0.93,1,0.0,89.4,173.3,2.5,87.2,100.0,CRITICAL_DEFICIT,0
SH-KAT-3585,Katihar Sector-11 Relief Center,Katihar,Bihar,flood,25.84814,87.74222,500,360,0.083,1.59,0,46.0,659.7,1297.8,8.5,634.0,94.33,CRITICAL_DEFICIT,0
SH-DAR-3586,Darbhanga Sector-1 Relief Center,Darbhanga,Bihar,flood,26.1332,85.88728,300,191,0.221,0.13,1,33.2,49.6,137.3,0.8,22.6,100.0,CRITICAL_DEFICIT,0
SH-IDU-3587,Idukki Sector-5 Relief Center,Idukki,Kerala,flood,9.89713,77.1157,500,108,0.39,3.42,0,25.4,671.8,1182.2,17.0,415.1,61.21,DEFICIT,1
SH-DAR-3588,Darbhanga Sector-9 Relief Center,Darbhanga,Bihar,flood,26.29799,85.79505,300,244,0.194,0.12,0,0.0,391.2,856.2,8.9,136.8,96.32,CRITICAL_DEFICIT,0
SH-KAZ-3589,Kaziranga Sector-5 Relief Center,Kaziranga,Assam,flood,26.48514,93.14273,500,412,0.227,2.8,0,62.1,297.6,794.3,5.7,199.0,100.0,CRITICAL_DEFICIT,0
SH-CHA-3590,Chamoli Sector-8 Relief Center,Chamoli,Uttarakhand,earthquake,29.64474,79.28159,300,291,0.212,0.33,0,0.0,2848.4,7503.9,46.9,1002.1,17.09,SURPLUS,3
SH-IDU-3591,Idukki Sector-18 Relief Center,Idukki,Kerala,flood,10.02377,76.92379,300,36,0.569,0.05,1,14.9,28.7,86.5,1.0,15.7,92.34,CRITICAL_DEFICIT,0
SH-KAN-3592,Kangra Sector-9 Relief Center,Kangra,Himachal Pradesh,earthquake,31.8566,76.24748,150,130,0.52,2.16,1,17.5,113.7,255.3,2.9,106.0,95.56,CRITICAL_DEFICIT,0
SH-BAL-3593,Balasore Sector-4 Relief Center,Balasore,Odisha,cyclone,21.21369,86.99114,500,251,0.112,0.76,1,41.4,367.9,1066.8,7.0,367.4,82.27,CRITICAL_DEFICIT,0
SH-SOU-3594,South 24 Parganas Sector-15 Relief Center,South 24 Parganas,West Bengal,cyclone,22.51618,88.60247,500,108,0.381,2.42,1,36.4,167.3,419.9,4.3,141.3,84.58,CRITICAL_DEFICIT,0
SH-KAN-3595,Kangra Sector-13 Relief Center,Kangra,Himachal Pradesh,earthquake,32.19853,76.02383,300,295,0.22,1.39,1,40.8,298.5,699.9,7.4,202.5,90.86,CRITICAL_DEFICIT,0
SH-PUR-3596,Puri Sector-11 Relief Center,Puri,Odisha,cyclone,19.99871,86.12855,500,462,0.217,0.26,1,1.5,467.4,1080.0,5.4,410.0,90.69,CRITICAL_DEFICIT,0
SH-BAL-3597,Balasore Sector-16 Relief Center,Balasore,Odisha,cyclone,21.08361,87.25225,300,241,0.069,0.4,1,18.4,238.2,605.6,4.8,143.2,86.56,CRITICAL_DEFICIT,0
SH-SOU-3598,South 24 Parganas Sector-2 Relief Center,South 24 Parganas,West Bengal,cyclone,21.98619,89.01746,150,85,0.065,0.74,1,28.3,886.7,2539.1,15.4,401.4,0.0,SURPLUS,3
SH-VIS-3599,Visakhapatnam Sector-9 Relief Center,Visakhapatnam,Andhra Pradesh,cyclone,17.69974,82.85189,300,143,0.51,3.2,0,14.7,135.3,358.6,3.4,111.5,100.0,CRITICAL_DEFICIT,0
SH-CHA-3600,Chamoli Sector-13 Relief Center,Chamoli,Uttarakhand,earthquake,30.4358,79.68986,1200,768,0.135,3.47,1,29.8,818.4,1557.4,10.3,468.6,87.89,CRITICAL_DEFICIT,0
SH-KUT-3601,Kutch Sector-6 Relief Center,Kutch,Gujarat,earthquake,24.18827,69.70922,150,155,0.085,9.11,0,0.0,583.9,1205.7,10.2,379.7,67.74,DEFICIT,1
SH-IDU-3602,Idukki Sector-5 Relief Center,Idukki,Kerala,flood,10.25429,76.84056,150,62,0.377,7.21,1,12.8,673.6,1382.9,18.2,411.8,1.09,SURPLUS,3
SH-CHA-3603,Chamoli Sector-5 Relief Center,Chamoli,Uttarakhand,earthquake,30.44916,78.91867,150,26,0.093,1.88,1,14.8,157.3,271.1,2.1,130.7,41.51,DEFICIT,1
SH-BAL-3604,Balasore Sector-15 Relief Center,Balasore,Odisha,cyclone,21.33921,86.94844,300,223,0.156,0.52,0,0.1,1606.2,4638.2,24.1,965.6,25.08,BALANCED,2
SH-VIS-3605,Visakhapatnam Sector-8 Relief Center,Visakhapatnam,Andhra Pradesh,cyclone,18.08284,83.1175,150,145,0.461,2.44,1,30.6,41.4,79.6,0.7,21.4,100.0,CRITICAL_DEFICIT,0
SH-VIS-3606,Visakhapatnam Sector-10 Relief Center,Visakhapatnam,Andhra Pradesh,cyclone,18.20755,83.12685,500,348,0.48,2.33,0,35.3,1070.0,2850.7,24.4,369.7,73.9,CRITICAL_DEFICIT,0
SH-KAN-3607,Kangra Sector-7 Relief Center,Kangra,Himachal Pradesh,earthquake,31.96622,75.95534,800,504,0.137,0.2,0,26.2,180.2,422.5,3.7,75.0,100.0,CRITICAL_DEFICIT,0
SH-KAT-3608,Katihar Sector-12 Relief Center,Katihar,Bihar,flood,25.79521,88.24409,300,209,0.513,2.35,0,22.4,158.0,351.7,2.2,111.0,100.0,CRITICAL_DEFICIT,0
SH-CHA-3609,Chamoli Sector-16 Relief Center,Chamoli,Uttarakhand,earthquake,30.34284,79.39978,800,508,0.057,0.26,0,17.3,486.1,1170.2,9.2,174.6,100.0,CRITICAL_DEFICIT,0
SH-UTT-3610,Uttarkashi Sector-1 Relief Center,Uttarkashi,Uttarakhand,earthquake,30.67732,78.26409,1200,713,0.053,2.75,1,5.2,207.0,473.4,2.1,135.3,96.0,CRITICAL_DEFICIT,0
SH-PUR-3611,Puri Sector-10 Relief Center,Puri,Odisha,cyclone,20.31627,86.00945,300,286,0.181,0.66,0,15.3,1115.4,2621.4,21.6,640.1,70.12,CRITICAL_DEFICIT,0
SH-KAT-3612,Katihar Sector-15 Relief Center,Katihar,Bihar,flood,25.20224,87.87842,150,97,0.515,3.26,0,39.5,82.8,153.0,1.4,49.9,100.0,CRITICAL_DEFICIT,0
SH-KUT-3613,Kutch Sector-11 Relief Center,Kutch,Gujarat,earthquake,23.72647,69.76083,500,407,0.624,0.32,1,24.2,865.0,1561.8,29.5,747.8,87.41,CRITICAL_DEFICIT,0
SH-PUR-3614,Puri Sector-17 Relief Center,Puri,Odisha,cyclone,20.03836,85.93016,800,776,0.068,0.94,1,34.4,2427.2,5817.5,36.9,991.6,54.18,DEFICIT,1
SH-KAN-3615,Kangra Sector-4 Relief Center,Kangra,Himachal Pradesh,earthquake,32.0525,76.25716,150,26,0.43,10.7,0,5.9,7.8,23.0,0.2,4.2,100.0,CRITICAL_DEFICIT,0
SH-PUR-3616,Puri Sector-11 Relief Center,Puri,Odisha,cyclone,19.73565,85.66582,800,702,0.421,4.4,0,35.6,7508.4,18136.2,225.0,7140.2,18.07,SURPLUS,3
SH-PUR-3617,Puri Sector-2 Relief Center,Puri,Odisha,cyclone,19.56406,86.08291,300,261,0.153,4.1,0,0.0,191.3,386.0,3.5,65.7,100.0,CRITICAL_DEFICIT,0
SH-VIS-3618,Visakhapatnam Sector-18 Relief Center,Visakhapatnam,Andhra Pradesh,cyclone,17.50314,83.38146,2000,902,0.471,1.24,1,21.4,3905.4,10431.8,78.5,2469.4,44.27,DEFICIT,1
SH-UTT-3619,Uttarkashi Sector-16 Relief Center,Uttarkashi,Uttarakhand,earthquake,30.88077,78.52177,500,126,0.249,3.95,0,10.0,820.4,2269.0,13.2,302.2,28.22,BALANCED,2
SH-DHU-3620,Dhubri Sector-10 Relief Center,Dhubri,Assam,flood,26.17608,89.41168,300,111,0.05,1.09,1,43.6,110.9,324.3,1.3,89.0,84.09,CRITICAL_DEFICIT,0
SH-DHU-3621,Dhubri Sector-5 Relief Center,Dhubri,Assam,flood,25.844,90.07679,2000,935,0.254,1.81,1,25.4,3115.9,8164.2,45.9,1937.7,54.99,DEFICIT,1
SH-KUT-3622,Kutch Sector-19 Relief Center,Kutch,Gujarat,earthquake,23.98189,69.94216,150,26,0.267,0.52,1,56.0,178.5,413.6,3.5,165.2,13.03,BALANCED,2
SH-UTT-3623,Uttarkashi Sector-7 Relief Center,Uttarkashi,Uttarakhand,earthquake,30.63646,78.17593,1200,373,0.338,2.04,1,17.1,1549.4,3719.6,38.4,1221.4,51.74,DEFICIT,1
SH-CHA-3624,Chamoli Sector-11 Relief Center,Chamoli,Uttarakhand,earthquake,30.55185,79.12278,500,469,0.566,0.05,1,3.2,486.1,1167.6,11.4,465.3,94.3,CRITICAL_DEFICIT,0
SH-UTT-3625,Uttarkashi Sector-10 Relief Center,Uttarkashi,Uttarakhand,earthquake,30.98994,78.221,150,161,0.467,6.85,0,34.0,142.3,351.2,3.0,106.3,100.0,CRITICAL_DEFICIT,0
SH-KAT-3626,Katihar Sector-8 Relief Center,Katihar,Bihar,flood,25.53242,87.6023,150,104,0.295,0.27,0,32.0,563.8,1108.1,7.0,375.4,56.25,DEFICIT,1
SH-DAR-3627,Darbhanga Sector-10 Relief Center,Darbhanga,Bihar,flood,26.19168,86.06536,500,339,0.341,1.39,1,13.2,572.4,1636.6,9.5,452.7,83.87,CRITICAL_DEFICIT,0
SH-BAL-3628,Balasore Sector-11 Relief Center,Balasore,Odisha,cyclone,21.48084,87.30197,800,471,0.448,3.49,0,27.4,166.7,277.0,2.5,80.5,100.0,CRITICAL_DEFICIT,0
SH-VIS-3629,Visakhapatnam Sector-2 Relief Center,Visakhapatnam,Andhra Pradesh,cyclone,17.7068,83.03719,500,367,0.526,12.27,0,36.5,583.1,985.4,15.8,497.6,100.0,CRITICAL_DEFICIT,0
SH-DHU-3630,Dhubri Sector-3 Relief Center,Dhubri,Assam,flood,25.72694,90.24656,800,668,0.493,1.0,1,14.4,2953.0,5661.6,54.0,1809.4,54.96,DEFICIT,1
SH-KAN-3631,Kangra Sector-6 Relief Center,Kangra,Himachal Pradesh,earthquake,32.22994,76.17592,1200,738,0.309,13.03,0,0.0,7604.4,12736.3,121.7,4064.9,18.9,BALANCED,2
SH-BAL-3632,Balasore Sector-8 Relief Center,Balasore,Odisha,cyclone,21.56788,86.90347,300,127,0.404,2.36,1,27.7,36.0,74.7,0.7,20.0,100.0,CRITICAL_DEFICIT,0
SH-VIS-3633,Visakhapatnam Sector-3 Relief Center,Visakhapatnam,Andhra Pradesh,cyclone,17.9523,83.00609,150,62,0.482,0.6,0,33.2,128.6,323.2,3.7,117.5,99.15,CRITICAL_DEFICIT,0
SH-PUR-3634,Puri Sector-6 Relief Center,Puri,Odisha,cyclone,19.72339,85.79738,150,84,0.069,1.35,1,16.2,595.1,1338.0,8.3,501.9,8.85,BALANCED,2
SH-UTT-3635,Uttarkashi Sector-8 Relief Center,Uttarkashi,Uttarakhand,earthquake,30.41578,78.44524,300,353,0.118,3.07,1,34.6,2034.5,5611.6,41.3,909.0,27.52,BALANCED,2
SH-KUT-3636,Kutch Sector-13 Relief Center,Kutch,Gujarat,earthquake,23.72024,69.83351,1200,1364,0.081,1.12,1,50.9,8918.8,21706.1,164.1,4457.3,14.71,BALANCED,2
SH-KAT-3637,Katihar Sector-19 Relief Center,Katihar,Bihar,flood,25.38632,87.46978,1200,589,0.102,1.1,1,34.5,1901.2,4509.7,19.2,1137.9,56.4,DEFICIT,1
SH-UTT-3638,Uttarkashi Sector-13 Relief Center,Uttarkashi,Uttarakhand,earthquake,30.48638,78.30618,500,444,0.253,4.89,1,44.1,801.2,1776.7,12.9,348.7,77.69,CRITICAL_DEFICIT,0
SH-UTT-3639,Uttarkashi Sector-9 Relief Center,Uttarkashi,Uttarakhand,earthquake,30.80782,78.46377,300,276,0.125,0.99,1,50.0,457.9,1106.4,4.8,322.8,83.55,CRITICAL_DEFICIT,0
SH-BAL-3640,Balasore Sector-19 Relief Center,Balasore,Odisha,cyclone,21.72213,86.96511,300,150,0.16,0.29,1,37.4,228.4,473.2,3.0,130.1,83.15,CRITICAL_DEFICIT,0
SH-WAY-3641,Wayanad Sector-10 Relief Center,Wayanad,Kerala,flood,12.17542,76.06708,300,98,0.243,1.66,1,3.2,194.9,583.4,2.4,153.7,69.11,CRITICAL_DEFICIT,0
SH-DHU-3642,Dhubri Sector-4 Relief Center,Dhubri,Assam,flood,26.15773,90.41832,800,243,0.171,1.38,1,26.8,491.2,853.7,10.2,185.6,81.13,CRITICAL_DEFICIT,0
SH-DHU-3643,Dhubri Sector-8 Relief Center,Dhubri,Assam,flood,26.4654,90.24595,300,166,0.262,2.7,0,3.2,56.7,102.5,0.8,50.6,100.0,CRITICAL_DEFICIT,0
SH-IDU-3644,Idukki Sector-6 Relief Center,Idukki,Kerala,flood,9.65181,76.85153,150,138,0.418,0.66,1,32.3,274.8,531.3,3.8,160.1,81.53,CRITICAL_DEFICIT,0
SH-VIS-3645,Visakhapatnam Sector-18 Relief Center,Visakhapatnam,Andhra Pradesh,cyclone,17.37597,83.0399,500,388,0.417,1.8,1,14.7,2746.1,6549.8,36.5,1944.9,10.49,BALANCED,2
SH-BAL-3646,Balasore Sector-1 Relief Center,Balasore,Odisha,cyclone,21.51101,86.80838,300,217,0.168,1.76,0,4.3,1970.6,3413.0,36.6,1324.9,28.62,BALANCED,2
SH-KAN-3647,Kangra Sector-6 Relief Center,Kangra,Himachal Pradesh,earthquake,32.03948,75.96075,800,485,0.203,0.46,1,35.8,415.1,1171.7,5.3,367.0,92.81,CRITICAL_DEFICIT,0
SH-KUT-3648,Kutch Sector-10 Relief Center,Kutch,Gujarat,earthquake,23.85716,69.71399,150,38,0.541,0.73,0,30.9,222.8,367.0,7.0,187.8,67.18,DEFICIT,1
SH-KAT-3649,Katihar Sector-6 Relief Center,Katihar,Bihar,flood,25.47778,87.2272,300,231,0.266,2.57,1,26.7,907.2,2043.1,16.6,435.5,50.45,DEFICIT,1
SH-DHU-3650,Dhubri Sector-5 Relief Center,Dhubri,Assam,flood,26.11332,90.11715,500,349,0.293,0.54,0,13.0,606.6,1435.2,16.1,563.8,100.0,CRITICAL_DEFICIT,0
SH-KAN-3651,Kangra Sector-18 Relief Center,Kangra,Himachal Pradesh,earthquake,32.22125,75.86203,150,132,0.222,3.89,1,5.8,857.9,2159.3,21.1,790.8,15.25,BALANCED,2
SH-WAY-3652,Wayanad Sector-16 Relief Center,Wayanad,Kerala,flood,11.12273,76.34831,500,447,0.151,0.06,0,6.2,919.6,2005.1,13.5,381.4,89.99,CRITICAL_DEFICIT,0
SH-KUT-3653,Kutch Sector-8 Relief Center,Kutch,Gujarat,earthquake,23.68509,69.57322,300,84,0.335,1.43,1,43.7,159.1,454.7,3.4,146.5,80.45,CRITICAL_DEFICIT,0
SH-SOU-3654,South 24 Parganas Sector-5 Relief Center,South 24 Parganas,West Bengal,cyclone,22.20087,88.58219,800,316,0.357,3.86,0,35.8,300.3,527.5,7.0,245.3,100.0,CRITICAL_DEFICIT,0
SH-VIS-3655,Visakhapatnam Sector-3 Relief Center,Visakhapatnam,Andhra Pradesh,cyclone,17.61354,83.51426,300,125,0.416,0.51,1,71.4,122.3,247.8,2.3,56.4,96.16,CRITICAL_DEFICIT,0
SH-UTT-3656,Uttarkashi Sector-17 Relief Center,Uttarkashi,Uttarakhand,earthquake,30.52799,78.63217,500,217,0.315,2.95,1,45.0,72.5,121.8,2.0,70.8,100.0,CRITICAL_DEFICIT,0
SH-WAY-3657,Wayanad Sector-14 Relief Center,Wayanad,Kerala,flood,12.28986,76.0992,150,116,0.178,2.91,1,33.2,112.1,197.8,1.2,81.2,93.35,CRITICAL_DEFICIT,0
SH-VIS-3658,Visakhapatnam Sector-4 Relief Center,Visakhapatnam,Andhra Pradesh,cyclone,17.95512,83.03594,300,284,0.114,0.46,1,20.4,260.7,612.4,5.6,221.2,86.66,CRITICAL_DEFICIT,0
SH-KAZ-3659,Kaziranga Sector-4 Relief Center,Kaziranga,Assam,flood,26.76589,93.09762,800,824,0.111,6.68,0,41.9,752.1,1660.2,10.5,683.9,100.0,CRITICAL_DEFICIT,0
SH-KAZ-3660,Kaziranga Sector-16 Relief Center,Kaziranga,Assam,flood,26.47274,93.33753,300,120,0.184,0.38,0,37.6,1357.6,2771.0,30.9,971.5,17.47,SURPLUS,3
SH-PUR-3661,Puri Sector-16 Relief Center,Puri,Odisha,cyclone,19.84978,85.83799,1200,971,0.404,1.24,1,29.7,4331.8,8795.1,82.7,3549.3,57.22,DEFICIT,1
SH-KAZ-3662,Kaziranga Sector-3 Relief Center,Kaziranga,Assam,flood,26.45488,93.43138,150,90,0.497,0.15,0,0.0,688.1,1960.1,19.0,289.8,24.16,SURPLUS,3
SH-KAT-3663,Katihar Sector-4 Relief Center,Katihar,Bihar,flood,25.41526,87.49242,300,64,0.123,2.54,1,26.5,132.7,360.3,1.7,110.5,74.04,CRITICAL_DEFICIT,0
SH-KAT-3664,Katihar Sector-7 Relief Center,Katihar,Bihar,flood,25.32649,87.37114,150,106,0.616,6.87,0,11.9,469.7,1131.7,8.7,223.6,58.63,DEFICIT,1
SH-KAT-3665,Katihar Sector-11 Relief Center,Katihar,Bihar,flood,25.52192,87.35093,800,922,0.05,0.24,1,57.3,1865.9,3317.4,24.6,936.8,81.26,CRITICAL_DEFICIT,0
SH-DHU-3666,Dhubri Sector-16 Relief Center,Dhubri,Assam,flood,25.9211,90.3427,300,177,0.164,1.63,1,34.5,265.5,784.9,4.2,102.7,82.9,CRITICAL_DEFICIT,0
SH-DAR-3667,Darbhanga Sector-4 Relief Center,Darbhanga,Bihar,flood,26.22622,86.14778,150,45,0.274,3.08,0,21.2,312.0,745.0,4.6,301.2,27.12,BALANCED,2
SH-IDU-3668,Idukki Sector-8 Relief Center,Idukki,Kerala,flood,10.12846,76.82987,800,796,0.258,0.18,1,57.0,1279.5,2334.7,22.9,686.9,87.68,CRITICAL_DEFICIT,0
SH-KAN-3669,Kangra Sector-15 Relief Center,Kangra,Himachal Pradesh,earthquake,32.05099,76.00353,300,312,0.253,0.44,1,0.0,966.2,1835.0,17.3,860.2,71.25,CRITICAL_DEFICIT,0
SH-BAL-3670,Balasore Sector-10 Relief Center,Balasore,Odisha,cyclone,21.58798,86.61178,1200,1367,0.158,5.09,0,15.0,1384.4,3725.8,26.5,1084.2,100.0,CRITICAL_DEFICIT,0
SH-SOU-3671,South 24 Parganas Sector-17 Relief Center,South 24 Parganas,West Bengal,cyclone,22.25697,88.56446,300,110,0.207,7.25,0,34.5,36.7,90.0,0.6,19.3,100.0,CRITICAL_DEFICIT,0
SH-WAY-3672,Wayanad Sector-7 Relief Center,Wayanad,Kerala,flood,11.63771,75.96614,500,315,0.256,1.94,1,16.7,2374.3,4224.4,57.6,2006.1,25.11,BALANCED,2
SH-KUT-3673,Kutch Sector-3 Relief Center,Kutch,Gujarat,earthquake,23.7846,69.92894,800,480,0.266,0.42,1,23.5,4220.3,10568.0,78.5,1576.0,3.55,SURPLUS,3
SH-PUR-3674,Puri Sector-13 Relief Center,Puri,Odisha,cyclone,19.82544,86.23451,300,139,0.275,1.58,1,9.2,112.9,285.1,2.6,64.0,91.23,CRITICAL_DEFICIT,0
SH-CHA-3675,Chamoli Sector-2 Relief Center,Chamoli,Uttarakhand,earthquake,30.48109,79.43593,300,265,0.321,4.45,0,35.1,233.7,514.1,3.4,119.2,100.0,CRITICAL_DEFICIT,0
SH-VIS-3676,Visakhapatnam Sector-5 Relief Center,Visakhapatnam,Andhra Pradesh,cyclone,17.63682,82.96664,500,356,0.311,6.07,0,0.0,1565.2,2691.7,19.8,942.8,72.55,CRITICAL_DEFICIT,0
SH-KAT-3677,Katihar Sector-7 Relief Center,Katihar,Bihar,flood,25.45317,86.54653,300,196,0.302,2.95,1,25.1,729.0,1584.5,10.8,358.0,55.08,DEFICIT,1
SH-WAY-3678,Wayanad Sector-9 Relief Center,Wayanad,Kerala,flood,12.24832,76.16682,800,739,0.405,3.92,0,49.6,618.0,1409.1,14.2,577.5,100.0,CRITICAL_DEFICIT,0
SH-KAT-3679,Katihar Sector-1 Relief Center,Katihar,Bihar,flood,25.32178,87.29249,300,225,0.65,1.06,0,41.4,922.2,2136.3,17.0,861.0,63.38,DEFICIT,1
SH-DHU-3680,Dhubri Sector-1 Relief Center,Dhubri,Assam,flood,26.32444,89.93418,150,94,0.081,2.27,0,11.3,100.9,285.0,2.0,40.2,100.0,CRITICAL_DEFICIT,0
SH-PUR-3681,Puri Sector-8 Relief Center,Puri,Odisha,cyclone,19.91058,85.87931,150,51,0.223,0.68,1,42.7,93.6,254.0,1.4,57.7,74.85,CRITICAL_DEFICIT,0
SH-IDU-3682,Idukki Sector-1 Relief Center,Idukki,Kerala,flood,9.80589,76.84204,150,37,0.272,0.34,1,11.9,155.3,329.9,3.3,90.3,48.64,DEFICIT,1
SH-SOU-3683,South 24 Parganas Sector-6 Relief Center,South 24 Parganas,West Bengal,cyclone,22.12924,88.69093,300,283,0.332,0.74,1,22.3,2001.8,4448.7,51.7,1065.0,13.86,BALANCED,2
SH-WAY-3684,Wayanad Sector-1 Relief Center,Wayanad,Kerala,flood,11.97359,76.62276,300,306,0.415,1.02,0,11.7,588.4,1772.1,10.6,473.1,96.91,CRITICAL_DEFICIT,0
SH-PUR-3685,Puri Sector-10 Relief Center,Puri,Odisha,cyclone,19.531,85.80651,150,121,0.074,0.71,0,27.1,869.1,1443.8,8.4,534.1,44.13,DEFICIT,1
SH-KAZ-3686,Kaziranga Sector-15 Relief Center,Kaziranga,Assam,flood,26.38105,93.36514,150,51,0.452,2.24,1,0.0,185.6,514.5,4.5,92.0,58.46,DEFICIT,1
SH-KAT-3687,Katihar Sector-11 Relief Center,Katihar,Bihar,flood,25.76606,87.79039,150,164,0.126,0.5,1,24.8,247.5,421.8,3.9,211.5,85.96,CRITICAL_DEFICIT,0
SH-KAN-3688,Kangra Sector-4 Relief Center,Kangra,Himachal Pradesh,earthquake,31.65848,75.98046,150,35,0.302,0.98,0,43.2,11.8,34.0,0.2,5.1,100.0,CRITICAL_DEFICIT,0
SH-KAZ-3689,Kaziranga Sector-17 Relief Center,Kaziranga,Assam,flood,26.5085,92.92237,300,193,0.175,0.16,0,29.9,392.8,906.0,4.4,249.8,90.89,CRITICAL_DEFICIT,0
SH-BAL-3690,Balasore Sector-1 Relief Center,Balasore,Odisha,cyclone,22.01456,86.94025,500,341,0.055,0.6,0,38.6,1419.9,3560.5,16.9,646.5,60.96,DEFICIT,1
SH-KAT-3691,Katihar Sector-1 Relief Center,Katihar,Bihar,flood,25.33819,87.73965,300,76,0.368,4.83,1,22.5,700.0,1426.6,18.3,400.4,7.49,SURPLUS,3
SH-DAR-3692,Darbhanga Sector-16 Relief Center,Darbhanga,Bihar,flood,26.60539,85.92877,800,348,0.65,5.0,1,13.3,99.5,215.5,1.8,68.5,100.0,CRITICAL_DEFICIT,0
SH-WAY-3693,Wayanad Sector-2 Relief Center,Wayanad,Kerala,flood,11.65322,75.96123,2000,950,0.122,2.69,1,26.8,5658.2,14063.0,91.0,3953.7,23.2,BALANCED,2
SH-VIS-3694,Visakhapatnam Sector-3 Relief Center,Visakhapatnam,Andhra Pradesh,cyclone,17.28582,83.69376,500,134,0.302,1.28,1,44.5,222.9,658.0,5.5,126.9,81.56,CRITICAL_DEFICIT,0
SH-DHU-3695,Dhubri Sector-7 Relief Center,Dhubri,Assam,flood,25.90906,89.4958,150,86,0.222,1.64,0,0.0,73.7,174.0,0.8,61.9,100.0,CRITICAL_DEFICIT,0
SH-KUT-3696,Kutch Sector-19 Relief Center,Kutch,Gujarat,earthquake,23.96971,69.45046,2000,1763,0.358,1.08,1,29.4,2943.3,7436.5,40.9,2849.2,80.15,CRITICAL_DEFICIT,0
SH-WAY-3697,Wayanad Sector-11 Relief Center,Wayanad,Kerala,flood,11.46726,76.17999,300,50,0.05,0.32,1,30.4,16.7,42.2,0.2,6.5,97.45,CRITICAL_DEFICIT,0
SH-KUT-3698,Kutch Sector-1 Relief Center,Kutch,Gujarat,earthquake,23.6655,70.15188,800,505,0.18,1.21,0,21.5,889.0,2361.7,15.7,467.0,96.09,CRITICAL_DEFICIT,0
SH-PUR-3699,Puri Sector-12 Relief Center,Puri,Odisha,cyclone,19.98252,86.03905,150,33,0.406,2.94,1,36.4,24.1,56.2,0.6,20.7,92.71,CRITICAL_DEFICIT,0
SH-KUT-3700,Kutch Sector-8 Relief Center,Kutch,Gujarat,earthquake,23.64683,69.67963,1200,1177,0.17,0.54,1,24.9,7648.1,21849.9,125.3,5933.1,15.76,BALANCED,2
SH-IDU-3701,Idukki Sector-8 Relief Center,Idukki,Kerala,flood,10.01056,76.86596,150,96,0.65,0.47,1,24.6,374.1,654.2,11.9,213.1,70.66,CRITICAL_DEFICIT,0
SH-CHA-3702,Chamoli Sector-8 Relief Center,Chamoli,Uttarakhand,earthquake,30.28905,79.88163,500,240,0.336,2.93,0,3.8,1928.0,4331.9,48.9,824.7,15.38,SURPLUS,3
SH-KUT-3703,Kutch Sector-3 Relief Center,Kutch,Gujarat,earthquake,23.68275,70.01205,1200,1220,0.384,1.21,1,20.4,4277.4,9479.3,79.0,3823.3,65.43,DEFICIT,1
SH-WAY-3704,Wayanad Sector-8 Relief Center,Wayanad,Kerala,flood,11.81828,76.18911,800,687,0.195,2.74,0,2.3,1162.3,3020.6,24.9,622.1,96.52,CRITICAL_DEFICIT,0
SH-WAY-3705,Wayanad Sector-3 Relief Center,Wayanad,Kerala,flood,11.85451,75.89395,150,80,0.247,0.31,1,43.9,153.5,340.4,2.5,108.8,76.57,CRITICAL_DEFICIT,0
SH-IDU-3706,Idukki Sector-14 Relief Center,Idukki,Kerala,flood,9.80665,76.72115,500,162,0.226,5.74,0,17.4,700.9,1676.3,14.7,503.0,60.58,DEFICIT,1
SH-IDU-3707,Idukki Sector-2 Relief Center,Idukki,Kerala,flood,10.29779,76.89772,150,124,0.05,2.68,0,30.9,391.2,722.1,3.7,204.0,82.18,CRITICAL_DEFICIT,0
SH-IDU-3708,Idukki Sector-18 Relief Center,Idukki,Kerala,flood,9.73969,77.157,500,370,0.071,5.27,1,58.5,584.2,1619.9,5.4,450.4,82.12,CRITICAL_DEFICIT,0
SH-UTT-3709,Uttarkashi Sector-17 Relief Center,Uttarkashi,Uttarakhand,earthquake,30.41427,78.98229,300,189,0.143,0.31,1,7.1,1656.6,3711.1,27.1,1617.4,0.9,SURPLUS,3
SH-WAY-3710,Wayanad Sector-6 Relief Center,Wayanad,Kerala,flood,11.78704,76.21787,1200,796,0.05,1.24,0,20.0,219.0,417.6,4.1,94.6,100.0,CRITICAL_DEFICIT,0
SH-SOU-3711,South 24 Parganas Sector-7 Relief Center,South 24 Parganas,West Bengal,cyclone,22.20498,88.60938,150,161,0.295,1.09,1,1.9,341.8,1027.1,8.3,155.0,74.22,CRITICAL_DEFICIT,0
SH-KAT-3712,Katihar Sector-7 Relief Center,Katihar,Bihar,flood,25.64748,87.50324,300,300,0.294,3.79,0,28.9,268.0,673.2,3.7,151.3,100.0,CRITICAL_DEFICIT,0
SH-IDU-3713,Idukki Sector-5 Relief Center,Idukki,Kerala,flood,9.78769,77.28063,300,197,0.423,1.06,0,24.9,772.3,1936.1,15.8,483.4,67.69,DEFICIT,1
SH-PUR-3714,Puri Sector-10 Relief Center,Puri,Odisha,cyclone,19.57104,85.93088,500,152,0.386,0.18,1,0.4,151.6,428.1,3.4,137.8,90.85,CRITICAL_DEFICIT,0
SH-DAR-3715,Darbhanga Sector-14 Relief Center,Darbhanga,Bihar,flood,25.95658,86.40258,300,144,0.315,0.24,1,31.3,142.4,238.6,3.3,132.4,99.06,CRITICAL_DEFICIT,0
SH-KAN-3716,Kangra Sector-14 Relief Center,Kangra,Himachal Pradesh,earthquake,32.25004,76.26087,500,225,0.116,1.16,1,64.1,64.6,150.2,0.6,50.0,94.12,CRITICAL_DEFICIT,0
SH-IDU-3717,Idukki Sector-2 Relief Center,Idukki,Kerala,flood,9.42999,76.66129,150,65,0.05,1.91,1,16.3,52.1,134.7,0.8,43.7,90.55,CRITICAL_DEFICIT,0
SH-CHA-3718,Chamoli Sector-14 Relief Center,Chamoli,Uttarakhand,earthquake,30.31578,79.21727,150,42,0.409,0.37,0,45.4,76.3,181.6,1.3,28.1,94.04,CRITICAL_DEFICIT,0
SH-SOU-3719,South 24 Parganas Sector-11 Relief Center,South 24 Parganas,West Bengal,cyclone,21.91078,88.44736,300,315,0.05,0.77,1,32.9,989.5,1920.1,15.9,331.2,66.06,DEFICIT,1
SH-KAT-3720,Katihar Sector-8 Relief Center,Katihar,Bihar,flood,25.54165,87.61151,1200,688,0.281,0.21,1,20.0,6764.5,17860.4,147.0,6173.4,0.0,SURPLUS,3
SH-DHU-3721,Dhubri Sector-14 Relief Center,Dhubri,Assam,flood,26.26891,89.94817,150,47,0.09,8.16,0,54.6,100.4,174.9,1.2,50.8,94.96,CRITICAL_DEFICIT,0
SH-VIS-3722,Visakhapatnam Sector-11 Relief Center,Visakhapatnam,Andhra Pradesh,cyclone,17.73505,83.31436,150,51,0.134,0.01,1,42.8,45.7,112.9,0.5,25.8,86.25,CRITICAL_DEFICIT,0
SH-BAL-3723,Balasore Sector-4 Relief Center,Balasore,Odisha,cyclone,22.07841,86.81808,800,591,0.078,3.24,0,51.1,431.7,1275.0,4.0,309.6,97.55,CRITICAL_DEFICIT,0
SH-DHU-3724,Dhubri Sector-4 Relief Center,Dhubri,Assam,flood,26.34188,90.62536,300,189,0.461,5.0,0,44.0,806.0,1443.2,13.4,354.2,78.34,CRITICAL_DEFICIT,0
SH-BAL-3725,Balasore Sector-11 Relief Center,Balasore,Odisha,cyclone,21.4965,86.46223,1200,187,0.178,0.35,1,11.6,824.9,1482.5,12.7,605.7,55.02,DEFICIT,1
SH-PUR-3726,Puri Sector-18 Relief Center,Puri,Odisha,cyclone,19.93133,85.76089,2000,1777,0.325,0.74,1,42.6,1425.6,2445.7,36.1,1090.4,91.48,CRITICAL_DEFICIT,0
SH-DAR-3727,Darbhanga Sector-18 Relief Center,Darbhanga,Bihar,flood,26.28232,85.88813,300,205,0.462,5.36,1,9.2,189.7,561.3,4.7,174.0,94.12,CRITICAL_DEFICIT,0
SH-PUR-3728,Puri Sector-19 Relief Center,Puri,Odisha,cyclone,19.61256,86.01105,800,471,0.177,1.65,0,36.6,2969.7,7591.9,44.8,1513.1,29.51,BALANCED,2
SH-KAT-3729,Katihar Sector-2 Relief Center,Katihar,Bihar,flood,25.74161,86.95085,300,293,0.478,0.08,1,52.3,443.3,1095.4,11.1,291.2,87.54,CRITICAL_DEFICIT,0
SH-UTT-3730,Uttarkashi Sector-15 Relief Center,Uttarkashi,Uttarakhand,earthquake,30.57909,78.70239,300,201,0.392,4.13,0,29.7,187.9,320.4,2.9,181.3,100.0,CRITICAL_DEFICIT,0
SH-KAZ-3731,Kaziranga Sector-10 Relief Center,Kaziranga,Assam,flood,26.87147,92.84609,500,254,0.05,3.81,0,21.3,912.7,2098.8,14.2,552.7,67.66,DEFICIT,1
SH-KAZ-3732,Kaziranga Sector-14 Relief Center,Kaziranga,Assam,flood,26.61336,93.18212,1200,878,0.357,7.26,0,42.7,816.6,1715.8,11.6,467.4,100.0,CRITICAL_DEFICIT,0
SH-SOU-3733,South 24 Parganas Sector-5 Relief Center,South 24 Parganas,West Bengal,cyclone,22.60339,88.60134,300,250,0.22,1.04,1,68.4,260.9,640.5,5.3,183.8,89.2,CRITICAL_DEFICIT,0
SH-KUT-3734,Kutch Sector-12 Relief Center,Kutch,Gujarat,earthquake,23.98395,69.77436,1200,1130,0.204,2.62,1,22.9,1033.6,2417.1,16.7,638.7,88.64,CRITICAL_DEFICIT,0
SH-DAR-3735,Darbhanga Sector-6 Relief Center,Darbhanga,Bihar,flood,25.97453,85.85357,150,57,0.05,5.05,0,0.0,18.7,35.3,0.3,17.1,100.0,CRITICAL_DEFICIT,0
SH-UTT-3736,Uttarkashi Sector-3 Relief Center,Uttarkashi,Uttarakhand,earthquake,30.78086,78.799,800,929,0.12,2.75,1,22.0,754.9,1578.7,7.8,381.3,89.13,CRITICAL_DEFICIT,0
SH-CHA-3737,Chamoli Sector-13 Relief Center,Chamoli,Uttarakhand,earthquake,30.56351,79.58382,300,50,0.342,2.6,1,28.4,400.5,1214.2,9.7,263.1,5.62,SURPLUS,3
SH-PUR-3738,Puri Sector-1 Relief Center,Puri,Odisha,cyclone,19.36806,85.92943,300,270,0.447,4.18,0,47.0,210.4,567.5,6.1,77.8,100.0,CRITICAL_DEFICIT,0
SH-IDU-3739,Idukki Sector-13 Relief Center,Idukki,Kerala,flood,9.70653,77.0832,800,123,0.296,1.73,1,53.8,192.3,562.0,3.5,129.6,83.83,CRITICAL_DEFICIT,0
SH-PUR-3740,Puri Sector-2 Relief Center,Puri,Odisha,cyclone,19.25114,85.76434,800,877,0.252,3.61,1,18.4,310.8,586.5,5.0,203.2,99.53,CRITICAL_DEFICIT,0
SH-KAT-3741,Katihar Sector-3 Relief Center,Katihar,Bihar,flood,25.70216,87.22429,300,200,0.65,2.94,1,32.4,1125.4,3223.3,20.2,402.2,29.11,BALANCED,2
SH-DAR-3742,Darbhanga Sector-14 Relief Center,Darbhanga,Bihar,flood,26.22129,85.97115,500,198,0.304,5.49,1,31.9,348.9,781.5,6.5,275.3,77.92,CRITICAL_DEFICIT,0
SH-DHU-3743,Dhubri Sector-9 Relief Center,Dhubri,Assam,flood,26.39572,90.11271,300,167,0.117,2.79,1,21.0,555.1,1626.2,11.1,197.0,53.45,DEFICIT,1
SH-IDU-3744,Idukki Sector-18 Relief Center,Idukki,Kerala,flood,10.08029,77.13906,150,37,0.389,0.67,0,69.0,11.2,21.6,0.2,5.6,100.0,CRITICAL_DEFICIT,0
SH-SOU-3745,South 24 Parganas Sector-18 Relief Center,South 24 Parganas,West Bengal,cyclone,21.99655,87.99289,150,105,0.524,2.03,1,11.9,96.3,195.4,3.2,60.8,97.41,CRITICAL_DEFICIT,0
SH-KAZ-3746,Kaziranga Sector-11 Relief Center,Kaziranga,Assam,flood,26.82789,93.05694,500,372,0.05,3.6,1,0.0,124.4,267.9,2.3,93.2,95.29,CRITICAL_DEFICIT,0
SH-CHA-3747,Chamoli Sector-11 Relief Center,Chamoli,Uttarakhand,earthquake,30.70235,79.23311,800,238,0.519,2.46,1,38.4,203.1,458.8,6.4,113.1,93.71,CRITICAL_DEFICIT,0
SH-IDU-3748,Idukki Sector-8 Relief Center,Idukki,Kerala,flood,10.00084,77.42854,300,108,0.405,5.3,0,30.6,38.3,93.6,0.8,21.8,100.0,CRITICAL_DEFICIT,0
SH-DHU-3749,Dhubri Sector-5 Relief Center,Dhubri,Assam,flood,25.43139,90.15088,300,370,0.179,2.58,1,13.6,698.5,1803.3,10.7,427.3,74.76,CRITICAL_DEFICIT,0
SH-UTT-3750,Uttarkashi Sector-19 Relief Center,Uttarkashi,Uttarakhand,earthquake,31.27693,78.65995,300,287,0.11,6.25,0,58.4,258.7,606.1,3.0,154.5,100.0,CRITICAL_DEFICIT,0
SH-BAL-3751,Balasore Sector-12 Relief Center,Balasore,Odisha,cyclone,22.06112,87.41008,150,43,0.403,1.79,1,38.6,92.5,249.0,1.7,55.1,80.75,CRITICAL_DEFICIT,0
SH-KAT-3752,Katihar Sector-10 Relief Center,Katihar,Bihar,flood,25.42125,87.31252,500,405,0.461,2.12,1,0.0,2649.5,7983.6,73.1,1744.2,21.56,BALANCED,2
SH-IDU-3753,Idukki Sector-5 Relief Center,Idukki,Kerala,flood,9.88798,76.8428,300,96,0.355,0.64,1,17.2,28.3,81.5,0.5,17.7,95.73,CRITICAL_DEFICIT,0
SH-DHU-3754,Dhubri Sector-12 Relief Center,Dhubri,Assam,flood,25.68118,89.90179,500,497,0.285,0.49,1,15.0,164.1,413.1,2.9,74.0,100.0,CRITICAL_DEFICIT,0
SH-KAT-3755,Katihar Sector-17 Relief Center,Katihar,Bihar,flood,25.74356,87.30782,150,75,0.142,4.11,0,32.0,125.2,249.4,1.4,76.8,95.05,CRITICAL_DEFICIT,0
SH-SOU-3756,South 24 Parganas Sector-9 Relief Center,South 24 Parganas,West Bengal,cyclone,22.75308,88.85306,150,40,0.249,8.4,0,28.2,12.7,27.1,0.2,10.5,100.0,CRITICAL_DEFICIT,0
SH-DAR-3757,Darbhanga Sector-18 Relief Center,Darbhanga,Bihar,flood,26.16726,85.80716,300,264,0.634,0.18,1,0.5,91.3,191.2,2.3,35.7,100.0,CRITICAL_DEFICIT,0
SH-DHU-3758,Dhubri Sector-10 Relief Center,Dhubri,Assam,flood,26.00265,89.78538,2000,1573,0.338,0.24,1,3.2,2292.4,5863.1,30.0,1328.0,90.04,CRITICAL_DEFICIT,0
SH-SOU-3759,South 24 Parganas Sector-5 Relief Center,South 24 Parganas,West Bengal,cyclone,21.86798,88.4192,300,161,0.31,5.83,0,25.6,1179.5,2897.5,15.9,622.1,21.43,BALANCED,2
SH-CHA-3760,Chamoli Sector-5 Relief Center,Chamoli,Uttarakhand,earthquake,30.16566,79.16146,800,346,0.241,5.64,0,11.7,1469.6,3834.0,25.9,1416.2,64.49,DEFICIT,1
SH-IDU-3761,Idukki Sector-2 Relief Center,Idukki,Kerala,flood,9.69094,76.85789,500,438,0.243,0.76,0,15.8,380.5,1100.5,6.3,336.4,100.0,CRITICAL_DEFICIT,0
SH-DHU-3762,Dhubri Sector-2 Relief Center,Dhubri,Assam,flood,25.92686,90.00318,150,20,0.171,3.13,0,12.0,30.9,61.3,0.4,11.8,99.22,CRITICAL_DEFICIT,0
SH-KAN-3763,Kangra Sector-10 Relief Center,Kangra,Himachal Pradesh,earthquake,32.26865,76.34125,800,824,0.304,2.7,1,17.1,252.6,665.0,3.0,88.6,100.0,CRITICAL_DEFICIT,0
SH-KAN-3764,Kangra Sector-14 Relief Center,Kangra,Himachal Pradesh,earthquake,32.25551,75.82536,500,20,0.112,2.16,1,8.3,41.6,95.3,0.8,23.5,76.22,CRITICAL_DEFICIT,0
SH-KUT-3765,Kutch Sector-12 Relief Center,Kutch,Gujarat,earthquake,23.83535,69.26958,1200,1245,0.209,1.61,1,66.6,973.2,1942.6,11.1,360.7,91.66,CRITICAL_DEFICIT,0
SH-SOU-3766,South 24 Parganas Sector-15 Relief Center,South 24 Parganas,West Bengal,cyclone,22.25799,88.76215,800,378,0.459,1.11,0,56.5,374.6,809.6,9.4,371.7,100.0,CRITICAL_DEFICIT,0
SH-KAZ-3767,Kaziranga Sector-3 Relief Center,Kaziranga,Assam,flood,26.55506,92.82371,300,219,0.635,11.59,0,16.7,2449.2,7027.9,61.2,1386.5,24.6,SURPLUS,3
SH-VIS-3768,Visakhapatnam Sector-5 Relief Center,Visakhapatnam,Andhra Pradesh,cyclone,17.40907,83.33294,150,99,0.266,0.37,0,23.2,75.5,171.2,1.4,39.0,100.0,CRITICAL_DEFICIT,0
SH-KAZ-3769,Kaziranga Sector-1 Relief Center,Kaziranga,Assam,flood,26.39655,92.84452,300,329,0.094,4.04,1,0.0,1449.1,3545.0,23.9,1405.9,42.9,DEFICIT,1
SH-IDU-3770,Idukki Sector-15 Relief Center,Idukki,Kerala,flood,10.11571,77.03708,300,152,0.491,0.26,1,11.3,230.7,389.3,5.5,94.5,91.2,CRITICAL_DEFICIT,0
SH-BAL-3771,Balasore Sector-5 Relief Center,Balasore,Odisha,cyclone,21.07576,87.17323,500,207,0.589,5.29,0,35.5,2396.6,4320.9,83.9,1753.7,26.24,BALANCED,2
SH-IDU-3772,Idukki Sector-14 Relief Center,Idukki,Kerala,flood,9.88872,77.26913,150,98,0.111,0.61,1,38.9,547.1,1627.2,5.6,382.8,26.83,BALANCED,2
SH-KUT-3773,Kutch Sector-19 Relief Center,Kutch,Gujarat,earthquake,23.85237,69.86125,300,203,0.122,2.16,1,12.2,197.5,389.4,3.0,136.2,90.74,CRITICAL_DEFICIT,0
SH-BAL-3774,Balasore Sector-5 Relief Center,Balasore,Odisha,cyclone,21.44163,86.73333,300,281,0.31,4.06,0,6.0,2571.8,5108.3,60.8,1458.6,17.87,SURPLUS,3
SH-KAZ-3775,Kaziranga Sector-19 Relief Center,Kaziranga,Assam,flood,26.90999,93.02396,300,246,0.65,0.76,0,7.4,1411.9,3602.7,31.0,1149.6,42.86,DEFICIT,1
SH-KUT-3776,Kutch Sector-8 Relief Center,Kutch,Gujarat,earthquake,24.12446,69.57448,150,96,0.477,1.46,1,17.9,150.1,345.5,4.4,124.7,80.97,CRITICAL_DEFICIT,0
SH-UTT-3777,Uttarkashi Sector-8 Relief Center,Uttarkashi,Uttarakhand,earthquake,30.67139,78.86209,150,91,0.355,3.61,0,11.9,291.4,777.0,5.6,98.4,77.23,CRITICAL_DEFICIT,0
SH-KAT-3778,Katihar Sector-8 Relief Center,Katihar,Bihar,flood,25.68212,87.52795,300,153,0.245,1.14,1,37.9,284.4,664.0,4.7,122.9,77.95,CRITICAL_DEFICIT,0
SH-UTT-3779,Uttarkashi Sector-12 Relief Center,Uttarkashi,Uttarakhand,earthquake,30.49603,78.32368,300,215,0.392,1.62,0,25.3,318.9,620.6,9.4,264.9,100.0,CRITICAL_DEFICIT,0
SH-VIS-3780,Visakhapatnam Sector-19 Relief Center,Visakhapatnam,Andhra Pradesh,cyclone,17.65602,83.26478,500,525,0.241,1.76,1,45.4,142.2,389.4,3.3,67.6,97.75,CRITICAL_DEFICIT,0
SH-CHA-3781,Chamoli Sector-18 Relief Center,Chamoli,Uttarakhand,earthquake,30.60439,78.89756,300,270,0.245,1.0,1,75.4,2502.7,6437.6,44.7,1968.0,0.0,SURPLUS,3
SH-DHU-3782,Dhubri Sector-14 Relief Center,Dhubri,Assam,flood,25.77549,89.84879,500,166,0.474,5.48,0,34.7,342.8,784.1,6.0,319.5,95.32,CRITICAL_DEFICIT,0
SH-UTT-3783,Uttarkashi Sector-18 Relief Center,Uttarkashi,Uttarakhand,earthquake,30.67036,78.5609,150,100,0.272,4.68,0,1.5,613.6,1332.2,7.1,441.0,44.73,DEFICIT,1
SH-KAT-3784,Katihar Sector-10 Relief Center,Katihar,Bihar,flood,25.9481,87.29137,150,136,0.077,0.49,1,27.2,129.2,247.1,2.1,122.3,92.0,CRITICAL_DEFICIT,0
SH-CHA-3785,Chamoli Sector-2 Relief Center,Chamoli,Uttarakhand,earthquake,30.38546,79.11296,1200,929,0.05,7.81,1,0.0,226.8,549.0,3.3,224.7,94.37,CRITICAL_DEFICIT,0
SH-CHA-3786,Chamoli Sector-16 Relief Center,Chamoli,Uttarakhand,earthquake,30.38546,79.29939,150,57,0.201,3.86,1,56.3,20.3,36.2,0.4,7.5,94.29,CRITICAL_DEFICIT,0
SH-WAY-3787,Wayanad Sector-2 Relief Center,Wayanad,Kerala,flood,11.47079,76.11838,150,57,0.124,0.53,1,58.4,91.7,263.2,1.3,81.9,78.79,CRITICAL_DEFICIT,0
SH-PUR-3788,Puri Sector-9 Relief Center,Puri,Odisha,cyclone,20.0792,85.68534,1200,891,0.131,1.23,1,5.4,1724.5,4485.3,17.5,605.8,73.47,CRITICAL_DEFICIT,0
SH-KAN-3789,Kangra Sector-6 Relief Center,Kangra,Himachal Pradesh,earthquake,32.44029,75.95252,150,39,0.291,1.1,1,16.0,73.9,187.1,1.6,71.7,78.29,CRITICAL_DEFICIT,0
SH-VIS-3790,Visakhapatnam Sector-2 Relief Center,Visakhapatnam,Andhra Pradesh,cyclone,17.77227,83.16737,500,377,0.473,4.31,0,34.4,125.1,257.8,2.2,98.2,100.0,CRITICAL_DEFICIT,0
SH-KUT-3791,Kutch Sector-9 Relief Center,Kutch,Gujarat,earthquake,23.45773,69.83973,800,299,0.485,3.97,0,26.6,84.5,153.5,1.4,83.8,100.0,CRITICAL_DEFICIT,0
SH-KUT-3792,Kutch Sector-11 Relief Center,Kutch,Gujarat,earthquake,23.99304,69.55325,500,463,0.063,3.63,0,10.4,1895.0,3422.9,36.7,927.4,70.33,CRITICAL_DEFICIT,0
SH-PUR-3793,Puri Sector-3 Relief Center,Puri,Odisha,cyclone,20.36105,86.06457,150,68,0.303,4.17,1,1.3,134.4,238.9,3.3,126.6,85.49,CRITICAL_DEFICIT,0
SH-VIS-3794,Visakhapatnam Sector-2 Relief Center,Visakhapatnam,Andhra Pradesh,cyclone,17.53528,83.10405,300,150,0.138,4.04,1,26.0,52.9,101.3,1.0,52.9,100.0,CRITICAL_DEFICIT,0
SH-SOU-3795,South 24 Parganas Sector-14 Relief Center,South 24 Parganas,West Bengal,cyclone,22.12847,88.59139,2000,1403,0.229,1.44,1,0.0,10502.1,30586.4,191.9,8205.5,4.57,BALANCED,2
SH-UTT-3796,Uttarkashi Sector-5 Relief Center,Uttarkashi,Uttarakhand,earthquake,31.09373,78.26945,300,282,0.121,5.59,1,31.2,918.7,2537.4,15.3,667.1,54.13,DEFICIT,1
SH-KAZ-3797,Kaziranga Sector-8 Relief Center,Kaziranga,Assam,flood,26.34736,93.52537,150,27,0.244,0.03,1,1.6,323.4,927.5,3.5,185.9,0.0,SURPLUS,3
SH-DHU-3798,Dhubri Sector-11 Relief Center,Dhubri,Assam,flood,26.00879,90.48024,300,292,0.185,0.33,1,47.7,289.4,754.4,5.3,116.1,87.6,CRITICAL_DEFICIT,0
SH-SOU-3799,South 24 Parganas Sector-2 Relief Center,South 24 Parganas,West Bengal,cyclone,21.96727,88.44307,300,275,0.05,2.07,0,10.5,1542.1,3790.7,28.0,1175.6,44.89,DEFICIT,1
SH-UTT-3800,Uttarkashi Sector-3 Relief Center,Uttarkashi,Uttarakhand,earthquake,30.83422,78.75118,500,237,0.076,1.7,1,18.9,382.2,1032.5,6.7,131.4,77.56,CRITICAL_DEFICIT,0
SH-CHA-3801,Chamoli Sector-16 Relief Center,Chamoli,Uttarakhand,earthquake,30.4209,79.21369,1200,710,0.3,3.3,1,20.8,2480.8,4638.4,59.4,1048.0,68.06,DEFICIT,1
SH-KAZ-3802,Kaziranga Sector-12 Relief Center,Kaziranga,Assam,flood,26.46922,93.26082,300,151,0.14,5.53,0,14.8,498.6,1035.8,11.2,225.6,79.92,CRITICAL_DEFICIT,0
SH-KAN-3803,Kangra Sector-4 Relief Center,Kangra,Himachal Pradesh,earthquake,31.86545,76.23797,150,93,0.079,0.59,1,36.1,372.8,1083.3,6.7,333.7,45.83,DEFICIT,1
SH-DHU-3804,Dhubri Sector-6 Relief Center,Dhubri,Assam,flood,26.21774,90.3865,150,48,0.253,0.73,1,40.4,16.1,43.3,0.2,6.0,98.12,CRITICAL_DEFICIT,0
SH-KAZ-3805,Kaziranga Sector-2 Relief Center,Kaziranga,Assam,flood,26.36804,93.27352,500,341,0.38,1.95,1,39.4,550.3,1147.1,11.7,226.8,87.17,CRITICAL_DEFICIT,0
SH-CHA-3806,Chamoli Sector-7 Relief Center,Chamoli,Uttarakhand,earthquake,30.27626,79.46187,1200,1150,0.401,4.21,0,55.4,1001.6,2888.4,25.4,794.6,100.0,CRITICAL_DEFICIT,0
SH-SOU-3807,South 24 Parganas Sector-2 Relief Center,South 24 Parganas,West Bengal,cyclone,22.21103,88.77793,300,104,0.446,1.84,1,53.7,404.9,735.3,7.6,244.5,65.61,DEFICIT,1
SH-IDU-3808,Idukki Sector-3 Relief Center,Idukki,Kerala,flood,10.21243,76.83041,150,121,0.14,0.1,1,23.8,108.0,291.6,2.2,73.2,93.64,CRITICAL_DEFICIT,0
SH-DHU-3809,Dhubri Sector-7 Relief Center,Dhubri,Assam,flood,26.22503,89.64226,300,246,0.486,0.33,1,29.6,63.0,131.5,1.5,25.8,100.0,CRITICAL_DEFICIT,0
SH-KUT-3810,Kutch Sector-3 Relief Center,Kutch,Gujarat,earthquake,23.89096,69.96721,150,155,0.394,1.22,0,27.5,1787.0,2932.7,50.1,627.3,19.13,SURPLUS,3
SH-DAR-3811,Darbhanga Sector-16 Relief Center,Darbhanga,Bihar,flood,26.37528,86.31684,300,124,0.227,0.19,1,44.9,217.0,585.6,5.0,180.9,81.56,CRITICAL_DEFICIT,0
SH-UTT-3812,Uttarkashi Sector-4 Relief Center,Uttarkashi,Uttarakhand,earthquake,30.74522,78.01728,150,120,0.231,2.98,1,40.6,38.8,74.3,0.5,20.5,99.88,CRITICAL_DEFICIT,0
SH-DHU-3813,Dhubri Sector-13 Relief Center,Dhubri,Assam,flood,26.0277,90.21198,300,159,0.135,5.87,0,14.5,165.1,274.4,2.9,147.6,100.0,CRITICAL_DEFICIT,0
SH-KUT-3814,Kutch Sector-15 Relief Center,Kutch,Gujarat,earthquake,23.89367,69.78389,500,332,0.331,4.66,0,24.1,296.0,743.5,6.8,280.5,100.0,CRITICAL_DEFICIT,0
SH-UTT-3815,Uttarkashi Sector-2 Relief Center,Uttarkashi,Uttarakhand,earthquake,30.92837,78.95405,800,409,0.125,11.31,1,30.2,1719.4,4218.3,22.6,1216.5,41.29,DEFICIT,1
SH-BAL-3816,Balasore Sector-17 Relief Center,Balasore,Odisha,cyclone,21.49865,86.84863,150,138,0.094,0.95,0,32.8,253.9,461.9,4.9,166.4,100.0,CRITICAL_DEFICIT,0
SH-SOU-3817,South 24 Parganas Sector-9 Relief Center,South 24 Parganas,West Bengal,cyclone,22.42453,88.04424,300,280,0.11,2.91,1,26.0,255.3,590.1,4.4,108.8,94.38,CRITICAL_DEFICIT,0
SH-SOU-3818,South 24 Parganas Sector-18 Relief Center,South 24 Parganas,West Bengal,cyclone,21.82536,88.57492,500,210,0.174,1.56,1,13.7,154.1,417.1,3.5,102.7,95.84,CRITICAL_DEFICIT,0
SH-UTT-3819,Uttarkashi Sector-13 Relief Center,Uttarkashi,Uttarakhand,earthquake,30.77644,78.55481,500,412,0.244,4.97,0,9.6,120.8,280.5,2.0,76.8,100.0,CRITICAL_DEFICIT,0
SH-PUR-3820,Puri Sector-12 Relief Center,Puri,Odisha,cyclone,19.99181,85.75072,150,138,0.269,1.87,1,15.4,252.5,449.6,3.6,196.9,79.41,CRITICAL_DEFICIT,0
SH-PUR-3821,Puri Sector-7 Relief Center,Puri,Odisha,cyclone,20.07099,85.68595,300,274,0.218,3.12,1,15.0,828.4,1571.1,20.2,324.0,71.72,CRITICAL_DEFICIT,0
SH-KAN-3822,Kangra Sector-2 Relief Center,Kangra,Himachal Pradesh,earthquake,32.16035,75.94547,800,388,0.202,2.67,1,30.5,1243.8,2414.7,28.1,966.9,71.77,CRITICAL_DEFICIT,0
SH-WAY-3823,Wayanad Sector-19 Relief Center,Wayanad,Kerala,flood,11.73994,75.59757,300,194,0.47,4.56,0,13.7,62.7,105.5,1.9,56.7,100.0,CRITICAL_DEFICIT,0
SH-SOU-3824,South 24 Parganas Sector-4 Relief Center,South 24 Parganas,West Bengal,cyclone,22.26543,88.44614,500,303,0.396,4.8,0,0.0,74.8,160.3,1.5,26.8,100.0,CRITICAL_DEFICIT,0
SH-KUT-3825,Kutch Sector-8 Relief Center,Kutch,Gujarat,earthquake,24.02926,70.10318,300,230,0.164,1.23,1,4.4,387.3,901.2,7.0,214.2,76.54,CRITICAL_DEFICIT,0
SH-BAL-3826,Balasore Sector-18 Relief Center,Balasore,Odisha,cyclone,21.764,86.44414,150,102,0.161,2.83,1,28.1,178.5,329.0,3.6,108.8,84.34,CRITICAL_DEFICIT,0
SH-VIS-3827,Visakhapatnam Sector-17 Relief Center,Visakhapatnam,Andhra Pradesh,cyclone,17.54753,83.40391,300,113,0.397,0.69,1,12.7,207.9,501.9,3.3,146.2,82.73,CRITICAL_DEFICIT,0
SH-DHU-3828,Dhubri Sector-11 Relief Center,Dhubri,Assam,flood,25.54213,90.02137,800,420,0.283,4.18,1,45.4,124.3,215.1,1.9,99.5,98.26,CRITICAL_DEFICIT,0
SH-KAN-3829,Kangra Sector-2 Relief Center,Kangra,Himachal Pradesh,earthquake,32.04381,75.98521,150,120,0.455,11.83,0,12.4,389.4,802.1,9.6,176.0,84.57,CRITICAL_DEFICIT,0
SH-CHA-3830,Chamoli Sector-8 Relief Center,Chamoli,Uttarakhand,earthquake,30.42303,79.68291,2000,1109,0.243,0.14,1,39.4,351.9,700.2,7.7,295.9,98.02,CRITICAL_DEFICIT,0
SH-PUR-3831,Puri Sector-5 Relief Center,Puri,Odisha,cyclone,19.89654,85.59055,300,349,0.13,4.1,0,13.2,597.4,1553.9,10.2,355.6,98.31,CRITICAL_DEFICIT,0
SH-WAY-3832,Wayanad Sector-10 Relief Center,Wayanad,Kerala,flood,11.7874,75.87955,150,57,0.243,0.6,1,32.2,189.5,378.8,3.3,68.6,64.77,DEFICIT,1
SH-WAY-3833,Wayanad Sector-19 Relief Center,Wayanad,Kerala,flood,11.69401,76.12348,300,208,0.431,1.34,1,44.0,214.3,462.0,4.8,184.2,90.6,CRITICAL_DEFICIT,0
SH-CHA-3834,Chamoli Sector-4 Relief Center,Chamoli,Uttarakhand,earthquake,30.42855,79.06458,500,280,0.263,1.79,1,24.5,281.4,585.6,7.2,175.7,91.47,CRITICAL_DEFICIT,0
SH-KUT-3835,Kutch Sector-10 Relief Center,Kutch,Gujarat,earthquake,24.35073,69.78043,300,159,0.19,1.79,1,18.1,510.8,986.9,9.2,473.6,64.85,DEFICIT,1
SH-CHA-3836,Chamoli Sector-7 Relief Center,Chamoli,Uttarakhand,earthquake,30.5457,79.40767,800,494,0.259,1.63,1,31.5,167.9,494.8,2.9,70.2,97.28,CRITICAL_DEFICIT,0
SH-IDU-3837,Idukki Sector-10 Relief Center,Idukki,Kerala,flood,10.08721,77.38387,150,153,0.201,0.8,0,18.1,641.1,1713.7,14.6,518.5,60.12,DEFICIT,1
SH-WAY-3838,Wayanad Sector-10 Relief Center,Wayanad,Kerala,flood,11.40594,75.84781,150,110,0.207,0.17,0,5.3,37.5,99.1,0.5,30.5,100.0,CRITICAL_DEFICIT,0
SH-VIS-3839,Visakhapatnam Sector-4 Relief Center,Visakhapatnam,Andhra Pradesh,cyclone,17.52051,83.42912,300,260,0.265,1.73,1,33.9,405.9,812.2,8.3,161.7,82.47,CRITICAL_DEFICIT,0
SH-IDU-3840,Idukki Sector-12 Relief Center,Idukki,Kerala,flood,9.81189,76.80901,300,169,0.311,2.5,1,58.1,137.3,346.2,2.5,77.9,94.76,CRITICAL_DEFICIT,0
SH-BAL-3841,Balasore Sector-7 Relief Center,Balasore,Odisha,cyclone,21.44784,86.64048,500,429,0.354,0.01,1,13.3,687.5,1709.4,11.2,552.8,88.51,CRITICAL_DEFICIT,0
SH-KAT-3842,Katihar Sector-3 Relief Center,Katihar,Bihar,flood,25.50346,87.21621,150,55,0.055,1.84,0,26.1,16.0,29.6,0.3,9.0,100.0,CRITICAL_DEFICIT,0
SH-KAT-3843,Katihar Sector-5 Relief Center,Katihar,Bihar,flood,25.77754,87.72653,500,268,0.462,7.59,0,27.8,77.1,163.8,1.3,31.2,100.0,CRITICAL_DEFICIT,0
SH-KUT-3844,Kutch Sector-6 Relief Center,Kutch,Gujarat,earthquake,23.91144,69.85815,300,44,0.34,0.05,1,28.9,79.8,217.4,1.9,44.9,81.52,CRITICAL_DEFICIT,0
SH-UTT-3845,Uttarkashi Sector-4 Relief Center,Uttarkashi,Uttarakhand,earthquake,30.43748,78.8158,500,550,0.443,0.11,0,29.6,1758.6,3435.2,52.8,828.7,93.4,CRITICAL_DEFICIT,0
SH-VIS-3846,Visakhapatnam Sector-13 Relief Center,Visakhapatnam,Andhra Pradesh,cyclone,17.89395,83.68528,300,98,0.493,3.88,1,24.4,26.2,59.2,0.5,25.3,98.23,CRITICAL_DEFICIT,0
SH-KAT-3847,Katihar Sector-16 Relief Center,Katihar,Bihar,flood,25.59649,87.42606,300,59,0.15,3.8,1,35.8,126.9,276.6,1.5,98.5,72.48,CRITICAL_DEFICIT,0
SH-KAZ-3848,Kaziranga Sector-17 Relief Center,Kaziranga,Assam,flood,26.76878,93.31203,300,196,0.607,0.96,1,10.7,167.9,488.6,2.6,71.7,98.82,CRITICAL_DEFICIT,0
SH-KAZ-3849,Kaziranga Sector-19 Relief Center,Kaziranga,Assam,flood,26.86194,92.87823,150,135,0.183,6.03,0,23.8,864.7,1803.6,16.9,694.6,40.48,DEFICIT,1
SH-KAZ-3850,Kaziranga Sector-6 Relief Center,Kaziranga,Assam,flood,26.30421,93.1396,1200,1210,0.178,0.29,1,29.8,2591.7,4309.2,35.8,1411.3,86.84,CRITICAL_DEFICIT,0
SH-DAR-3851,Darbhanga Sector-4 Relief Center,Darbhanga,Bihar,flood,25.57412,85.49918,1200,1001,0.328,5.11,0,13.6,959.8,2442.7,14.4,780.4,100.0,CRITICAL_DEFICIT,0
SH-KAT-3852,Katihar Sector-16 Relief Center,Katihar,Bihar,flood,25.48038,87.782,800,271,0.437,2.3,0,30.9,1056.3,2927.4,20.0,1040.4,68.18,DEFICIT,1
SH-PUR-3853,Puri Sector-15 Relief Center,Puri,Odisha,cyclone,19.98429,85.7869,500,322,0.184,0.1,1,28.1,2786.8,5613.7,33.4,1614.9,0.67,BALANCED,2
SH-KAZ-3854,Kaziranga Sector-14 Relief Center,Kaziranga,Assam,flood,26.40633,93.24753,150,127,0.224,6.54,0,5.3,91.8,179.9,1.4,78.0,100.0,CRITICAL_DEFICIT,0
SH-PUR-3855,Puri Sector-14 Relief Center,Puri,Odisha,cyclone,19.9721,85.11381,500,215,0.239,5.67,0,64.2,1495.0,2552.3,31.3,1430.9,48.61,DEFICIT,1
SH-VIS-3856,Visakhapatnam Sector-18 Relief Center,Visakhapatnam,Andhra Pradesh,cyclone,17.8028,83.56483,1200,1412,0.297,2.61,1,52.2,6307.1,17798.9,85.5,4399.9,46.36,DEFICIT,1
SH-DHU-3857,Dhubri Sector-13 Relief Center,Dhubri,Assam,flood,25.95955,89.98191,300,121,0.215,3.46,0,25.0,110.2,316.3,2.1,80.3,100.0,CRITICAL_DEFICIT,0
SH-CHA-3858,Chamoli Sector-15 Relief Center,Chamoli,Uttarakhand,earthquake,30.25031,79.06038,300,211,0.45,5.66,0,33.7,910.8,1797.9,25.7,741.4,75.24,CRITICAL_DEFICIT,0
SH-IDU-3859,Idukki Sector-10 Relief Center,Idukki,Kerala,flood,9.64774,77.04391,500,190,0.128,0.96,1,60.5,1095.0,2606.3,13.5,917.1,27.97,BALANCED,2
SH-KUT-3860,Kutch Sector-13 Relief Center,Kutch,Gujarat,earthquake,23.42088,69.33078,300,177,0.363,0.09,1,49.4,353.7,1015.0,8.6,241.8,83.37,CRITICAL_DEFICIT,0
SH-IDU-3861,Idukki Sector-17 Relief Center,Idukki,Kerala,flood,9.64297,77.04157,1200,786,0.285,3.17,0,28.6,2434.2,4195.7,56.1,2105.9,86.28,CRITICAL_DEFICIT,0
SH-DAR-3862,Darbhanga Sector-10 Relief Center,Darbhanga,Bihar,flood,25.76095,85.99087,1200,1268,0.225,3.62,0,30.6,1153.6,2397.8,20.5,1032.3,100.0,CRITICAL_DEFICIT,0
SH-BAL-3863,Balasore Sector-15 Relief Center,Balasore,Odisha,cyclone,21.42204,87.20068,500,407,0.153,1.24,1,38.0,2496.5,7420.5,42.5,1668.9,16.39,BALANCED,2
SH-CHA-3864,Chamoli Sector-5 Relief Center,Chamoli,Uttarakhand,earthquake,30.50801,79.15204,150,62,0.337,6.05,1,29.1,108.1,247.3,2.6,62.4,81.35,CRITICAL_DEFICIT,0
SH-PUR-3865,Puri Sector-6 Relief Center,Puri,Odisha,cyclone,19.72108,85.86698,300,256,0.596,2.52,1,13.8,411.3,950.8,7.8,193.7,81.28,CRITICAL_DEFICIT,0
SH-KAN-3866,Kangra Sector-6 Relief Center,Kangra,Himachal Pradesh,earthquake,32.27107,76.59349,150,71,0.258,6.47,1,50.6,109.2,299.3,2.3,104.9,77.32,CRITICAL_DEFICIT,0
SH-DAR-3867,Darbhanga Sector-16 Relief Center,Darbhanga,Bihar,flood,25.67727,85.67085,150,79,0.415,6.13,1,2.6,116.8,215.3,3.0,107.5,94.11,CRITICAL_DEFICIT,0
SH-SOU-3868,South 24 Parganas Sector-8 Relief Center,South 24 Parganas,West Bengal,cyclone,21.99399,88.68723,2000,734,0.116,5.48,1,15.8,200.2,485.3,4.1,76.0,97.29,CRITICAL_DEFICIT,0
SH-UTT-3869,Uttarkashi Sector-3 Relief Center,Uttarkashi,Uttarakhand,earthquake,30.76869,78.42822,150,75,0.142,0.59,0,5.4,22.3,52.0,0.3,8.1,100.0,CRITICAL_DEFICIT,0
SH-DAR-3870,Darbhanga Sector-15 Relief Center,Darbhanga,Bihar,flood,26.51713,85.98959,300,103,0.08,0.44,1,39.0,166.9,415.7,2.9,57.7,75.88,CRITICAL_DEFICIT,0
SH-KAT-3871,Katihar Sector-6 Relief Center,Katihar,Bihar,flood,25.45663,87.64032,300,231,0.166,5.47,0,47.1,193.2,544.0,3.1,66.3,100.0,CRITICAL_DEFICIT,0
SH-WAY-3872,Wayanad Sector-1 Relief Center,Wayanad,Kerala,flood,11.61074,75.75365,300,138,0.189,0.84,1,31.2,240.6,403.3,5.6,194.9,81.08,CRITICAL_DEFICIT,0
SH-KUT-3873,Kutch Sector-17 Relief Center,Kutch,Gujarat,earthquake,23.60647,70.04195,300,201,0.35,12.29,0,2.1,768.1,1772.3,12.3,319.9,70.78,CRITICAL_DEFICIT,0
SH-KAN-3874,Kangra Sector-9 Relief Center,Kangra,Himachal Pradesh,earthquake,31.87697,76.81972,150,157,0.358,0.05,1,12.6,1110.1,2052.8,30.5,796.5,29.07,BALANCED,2
SH-DHU-3875,Dhubri Sector-13 Relief Center,Dhubri,Assam,flood,25.61096,89.9886,150,63,0.147,9.92,1,64.8,231.6,404.3,4.8,162.5,64.52,DEFICIT,1
SH-KUT-3876,Kutch Sector-5 Relief Center,Kutch,Gujarat,earthquake,23.8182,69.94413,150,94,0.056,0.35,1,23.1,530.3,1385.1,4.8,384.3,25.87,BALANCED,2
SH-WAY-3877,Wayanad Sector-17 Relief Center,Wayanad,Kerala,flood,12.00977,76.44591,150,61,0.65,6.7,0,0.0,64.8,169.5,1.9,47.8,100.0,CRITICAL_DEFICIT,0
SH-PUR-3878,Puri Sector-13 Relief Center,Puri,Odisha,cyclone,19.9973,85.86616,150,82,0.604,1.44,0,39.1,337.2,571.0,10.0,206.6,85.6,CRITICAL_DEFICIT,0
SH-KAT-3879,Katihar Sector-10 Relief Center,Katihar,Bihar,flood,25.39703,87.88296,500,549,0.572,0.21,1,7.5,585.2,1448.8,14.1,326.9,86.49,CRITICAL_DEFICIT,0
SH-DHU-3880,Dhubri Sector-18 Relief Center,Dhubri,Assam,flood,25.89364,89.7574,150,58,0.05,0.33,1,18.3,105.7,295.6,1.9,104.7,74.73,CRITICAL_DEFICIT,0
SH-IDU-3881,Idukki Sector-14 Relief Center,Idukki,Kerala,flood,9.6741,76.72527,300,318,0.05,2.83,0,22.4,584.6,1509.2,8.3,258.5,87.65,CRITICAL_DEFICIT,0
SH-BAL-3882,Balasore Sector-9 Relief Center,Balasore,Odisha,cyclone,21.73192,86.45629,800,605,0.234,3.81,1,17.0,3577.3,8688.6,70.1,1349.7,26.57,BALANCED,2
SH-KUT-3883,Kutch Sector-11 Relief Center,Kutch,Gujarat,earthquake,24.08693,70.0096,150,87,0.132,2.02,0,35.1,156.1,311.6,2.5,85.2,100.0,CRITICAL_DEFICIT,0
SH-KUT-3884,Kutch Sector-6 Relief Center,Kutch,Gujarat,earthquake,23.80308,69.70207,500,283,0.344,3.5,1,50.5,555.5,1340.5,8.8,399.5,75.67,CRITICAL_DEFICIT,0
SH-BAL-3885,Balasore Sector-11 Relief Center,Balasore,Odisha,cyclone,21.57036,87.07909,300,315,0.442,0.44,0,32.3,1353.8,3997.7,34.1,1155.5,62.58,DEFICIT,1
SH-VIS-3886,Visakhapatnam Sector-17 Relief Center,Visakhapatnam,Andhra Pradesh,cyclone,17.54444,83.19099,500,523,0.163,3.89,1,24.9,3245.2,6003.6,74.3,2332.3,39.1,BALANCED,2
SH-VIS-3887,Visakhapatnam Sector-19 Relief Center,Visakhapatnam,Andhra Pradesh,cyclone,18.30692,83.32488,500,540,0.152,2.26,1,7.7,918.2,1576.5,11.5,560.1,84.27,CRITICAL_DEFICIT,0
SH-PUR-3888,Puri Sector-15 Relief Center,Puri,Odisha,cyclone,19.80438,85.59675,150,29,0.084,0.47,1,21.0,62.1,162.2,1.3,25.0,71.76,CRITICAL_DEFICIT,0
SH-DHU-3889,Dhubri Sector-9 Relief Center,Dhubri,Assam,flood,26.32283,90.00443,800,312,0.303,0.29,1,20.8,297.5,794.1,4.9,168.1,91.93,CRITICAL_DEFICIT,0
SH-DAR-3890,Darbhanga Sector-11 Relief Center,Darbhanga,Bihar,flood,25.8727,86.2239,150,88,0.421,0.09,1,6.8,21.1,49.9,0.5,10.3,98.38,CRITICAL_DEFICIT,0
SH-KAZ-3891,Kaziranga Sector-16 Relief Center,Kaziranga,Assam,flood,26.83057,93.05993,300,248,0.514,6.15,0,32.5,506.9,1524.9,15.6,444.9,92.84,CRITICAL_DEFICIT,0
SH-VIS-3892,Visakhapatnam Sector-15 Relief Center,Visakhapatnam,Andhra Pradesh,cyclone,18.39519,83.43425,300,145,0.433,0.51,1,0.0,35.2,89.6,0.8,25.6,100.0,CRITICAL_DEFICIT,0
SH-BAL-3893,Balasore Sector-19 Relief Center,Balasore,Odisha,cyclone,21.58274,86.67625,800,630,0.179,0.58,1,44.0,1243.0,2868.4,17.4,998.4,78.04,CRITICAL_DEFICIT,0
SH-IDU-3894,Idukki Sector-10 Relief Center,Idukki,Kerala,flood,9.84181,76.80942,500,150,0.183,1.4,1,4.1,146.6,326.6,2.7,85.1,90.93,CRITICAL_DEFICIT,0
SH-KAT-3895,Katihar Sector-10 Relief Center,Katihar,Bihar,flood,25.39276,87.74983,150,134,0.166,8.83,1,11.1,207.7,574.4,2.5,167.0,83.41,CRITICAL_DEFICIT,0
SH-CHA-3896,Chamoli Sector-10 Relief Center,Chamoli,Uttarakhand,earthquake,30.41619,79.11394,300,336,0.106,0.79,0,29.3,120.0,204.3,1.5,82.4,100.0,CRITICAL_DEFICIT,0
SH-PUR-3897,Puri Sector-14 Relief Center,Puri,Odisha,cyclone,19.90132,85.39646,500,174,0.493,2.1,0,39.9,58.0,111.6,1.8,51.6,100.0,CRITICAL_DEFICIT,0
SH-CHA-3898,Chamoli Sector-19 Relief Center,Chamoli,Uttarakhand,earthquake,30.1031,79.53736,500,307,0.357,1.61,1,30.2,616.0,1440.0,15.8,243.3,80.01,CRITICAL_DEFICIT,0
SH-SOU-3899,South 24 Parganas Sector-15 Relief Center,South 24 Parganas,West Bengal,cyclone,21.79467,88.74279,300,308,0.483,2.55,1,41.4,276.4,812.3,8.8,137.7,92.78,CRITICAL_DEFICIT,0
SH-UTT-3900,Uttarkashi Sector-14 Relief Center,Uttarkashi,Uttarakhand,earthquake,30.61039,78.51804,500,394,0.277,0.88,0,20.3,3049.0,5605.3,48.6,2081.8,36.08,BALANCED,2
SH-KUT-3901,Kutch Sector-14 Relief Center,Kutch,Gujarat,earthquake,24.00982,69.80899,300,143,0.55,0.43,1,5.7,431.6,1052.3,7.8,358.0,65.84,DEFICIT,1
SH-PUR-3902,Puri Sector-1 Relief Center,Puri,Odisha,cyclone,19.76783,85.37259,300,141,0.119,4.3,0,30.8,462.3,1237.9,4.7,357.0,69.84,DEFICIT,1
SH-KAZ-3903,Kaziranga Sector-15 Relief Center,Kaziranga,Assam,flood,26.52897,92.91363,300,233,0.269,3.59,1,27.2,1480.1,3921.9,23.8,1434.0,18.89,BALANCED,2
SH-UTT-3904,Uttarkashi Sector-15 Relief Center,Uttarkashi,Uttarakhand,earthquake,30.38297,78.26666,500,111,0.115,6.97,1,52.3,424.5,1146.8,4.5,252.0,52.05,DEFICIT,1
SH-KAN-3905,Kangra Sector-6 Relief Center,Kangra,Himachal Pradesh,earthquake,32.23036,76.3262,500,442,0.085,5.46,0,53.5,2899.4,4743.1,52.7,2060.5,54.85,DEFICIT,1
SH-DAR-3906,Darbhanga Sector-3 Relief Center,Darbhanga,Bihar,flood,26.07029,85.899,300,202,0.203,3.26,1,66.2,194.5,554.3,3.8,126.4,88.32,CRITICAL_DEFICIT,0
SH-SOU-3907,South 24 Parganas Sector-7 Relief Center,South 24 Parganas,West Bengal,cyclone,22.60112,88.84119,300,154,0.631,0.3,0,55.6,127.6,224.2,3.3,78.1,100.0,CRITICAL_DEFICIT,0
SH-KAT-3908,Katihar Sector-15 Relief Center,Katihar,Bihar,flood,25.45513,87.41252,300,159,0.585,0.28,1,24.0,282.6,480.2,7.2,208.3,93.06,CRITICAL_DEFICIT,0
SH-KAT-3909,Katihar Sector-2 Relief Center,Katihar,Bihar,flood,25.52653,87.64232,150,23,0.101,0.62,1,11.7,20.9,59.4,0.3,9.0,87.41,CRITICAL_DEFICIT,0
SH-KUT-3910,Kutch Sector-5 Relief Center,Kutch,Gujarat,earthquake,23.73568,69.9228,800,368,0.101,2.31,0,7.6,324.8,704.6,7.0,262.4,100.0,CRITICAL_DEFICIT,0
SH-PUR-3911,Puri Sector-11 Relief Center,Puri,Odisha,cyclone,19.78744,85.78381,300,277,0.307,1.82,1,16.3,208.1,424.5,3.0,100.0,96.98,CRITICAL_DEFICIT,0
SH-KAN-3912,Kangra Sector-10 Relief Center,Kangra,Himachal Pradesh,earthquake,32.26783,76.18668,300,173,0.409,2.12,0,20.1,346.4,720.1,8.6,124.7,95.59,CRITICAL_DEFICIT,0
SH-KAN-3913,Kangra Sector-13 Relief Center,Kangra,Himachal Pradesh,earthquake,31.80753,76.37558,150,58,0.145,1.41,0,27.6,260.9,552.8,5.5,136.8,63.79,DEFICIT,1
SH-IDU-3914,Idukki Sector-9 Relief Center,Idukki,Kerala,flood,9.54534,76.94016,500,94,0.169,2.69,1,36.4,1098.7,2032.3,18.0,943.1,3.26,SURPLUS,3
SH-KAZ-3915,Kaziranga Sector-16 Relief Center,Kaziranga,Assam,flood,26.58218,92.86769,150,98,0.535,9.48,0,56.5,336.8,775.5,7.7,191.6,83.11,CRITICAL_DEFICIT,0
SH-CHA-3916,Chamoli Sector-1 Relief Center,Chamoli,Uttarakhand,earthquake,30.18554,79.44025,500,632,0.094,1.36,1,16.3,1320.2,3281.6,18.4,1265.6,70.17,CRITICAL_DEFICIT,0
SH-DAR-3917,Darbhanga Sector-11 Relief Center,Darbhanga,Bihar,flood,25.93857,85.74635,500,340,0.615,2.65,1,15.8,1462.3,2871.5,23.3,654.6,64.99,DEFICIT,1
SH-KAN-3918,Kangra Sector-3 Relief Center,Kangra,Himachal Pradesh,earthquake,31.96809,76.16743,150,184,0.149,5.3,1,0.0,153.5,305.5,2.4,147.6,92.54,CRITICAL_DEFICIT,0
SH-PUR-3919,Puri Sector-15 Relief Center,Puri,Odisha,cyclone,20.11876,86.17753,150,181,0.499,0.69,1,22.2,54.8,143.0,1.4,45.7,100.0,CRITICAL_DEFICIT,0
SH-PUR-3920,Puri Sector-6 Relief Center,Puri,Odisha,cyclone,19.45417,85.27635,500,397,0.065,6.01,0,0.0,383.5,783.5,4.5,242.1,100.0,CRITICAL_DEFICIT,0
SH-CHA-3921,Chamoli Sector-19 Relief Center,Chamoli,Uttarakhand,earthquake,30.53652,79.80961,500,187,0.253,0.61,1,10.3,163.4,318.0,2.0,83.7,93.99,CRITICAL_DEFICIT,0
SH-SOU-3922,South 24 Parganas Sector-10 Relief Center,South 24 Parganas,West Bengal,cyclone,22.22398,88.77757,500,211,0.486,2.0,1,28.2,943.5,2478.4,29.9,328.6,43.57,DEFICIT,1
SH-DAR-3923,Darbhanga Sector-4 Relief Center,Darbhanga,Bihar,flood,25.91997,85.35369,500,330,0.196,3.27,0,18.5,2391.4,4125.8,36.6,1501.1,46.84,DEFICIT,1
SH-WAY-3924,Wayanad Sector-11 Relief Center,Wayanad,Kerala,flood,11.24872,76.71368,300,159,0.05,0.33,1,48.9,609.2,1302.1,8.1,432.0,54.22,DEFICIT,1
SH-KUT-3925,Kutch Sector-16 Relief Center,Kutch,Gujarat,earthquake,23.67956,70.1618,300,261,0.262,16.07,1,10.8,63.9,124.4,1.7,24.6,98.52,CRITICAL_DEFICIT,0
SH-WAY-3926,Wayanad Sector-16 Relief Center,Wayanad,Kerala,flood,11.79825,76.18867,300,314,0.313,0.21,1,12.1,228.8,399.8,3.4,167.7,96.97,CRITICAL_DEFICIT,0
SH-SOU-3927,South 24 Parganas Sector-15 Relief Center,South 24 Parganas,West Bengal,cyclone,22.25209,88.18352,300,364,0.06,0.17,0,0.0,777.5,2171.6,10.9,663.1,87.22,CRITICAL_DEFICIT,0
SH-BAL-3928,Balasore Sector-5 Relief Center,Balasore,Odisha,cyclone,21.69827,87.52879,500,468,0.299,2.71,1,18.4,4542.1,8990.6,76.5,3787.9,2.78,SURPLUS,3
SH-WAY-3929,Wayanad Sector-9 Relief Center,Wayanad,Kerala,flood,11.55673,75.958,500,489,0.428,0.15,1,38.3,951.0,2824.0,22.4,748.6,81.61,CRITICAL_DEFICIT,0
SH-KUT-3930,Kutch Sector-8 Relief Center,Kutch,Gujarat,earthquake,23.79329,70.05031,150,69,0.65,0.13,1,41.2,128.4,210.2,2.3,57.2,94.45,CRITICAL_DEFICIT,0
SH-KUT-3931,Kutch Sector-14 Relief Center,Kutch,Gujarat,earthquake,23.67702,69.97539,300,128,0.051,3.35,1,37.8,700.5,1255.2,11.6,357.6,41.88,DEFICIT,1
SH-KUT-3932,Kutch Sector-6 Relief Center,Kutch,Gujarat,earthquake,23.32262,69.72184,300,290,0.179,0.89,0,8.7,298.7,666.3,6.4,141.5,100.0,CRITICAL_DEFICIT,0
SH-BAL-3933,Balasore Sector-1 Relief Center,Balasore,Odisha,cyclone,21.32136,87.03566,300,288,0.167,2.79,1,27.6,73.7,181.2,0.9,39.5,100.0,CRITICAL_DEFICIT,0
SH-VIS-3934,Visakhapatnam Sector-6 Relief Center,Visakhapatnam,Andhra Pradesh,cyclone,17.35903,83.33495,150,89,0.518,7.29,0,0.2,182.9,383.3,4.5,151.8,92.85,CRITICAL_DEFICIT,0
SH-SOU-3935,South 24 Parganas Sector-3 Relief Center,South 24 Parganas,West Bengal,cyclone,22.1567,88.42609,300,201,0.121,2.64,1,30.6,173.4,418.8,1.7,68.4,86.38,CRITICAL_DEFICIT,0
SH-VIS-3936,Visakhapatnam Sector-11 Relief Center,Visakhapatnam,Andhra Pradesh,cyclone,17.81633,83.1754,150,105,0.05,0.88,1,30.9,679.4,1388.8,11.4,623.8,26.75,BALANCED,2
SH-KAZ-3937,Kaziranga Sector-4 Relief Center,Kaziranga,Assam,flood,26.5075,92.80505,500,261,0.097,4.37,0,46.5,3018.9,6981.4,57.4,1896.2,17.84,SURPLUS,3
SH-CHA-3938,Chamoli Sector-4 Relief Center,Chamoli,Uttarakhand,earthquake,30.11309,79.05436,300,156,0.465,1.63,0,27.0,510.7,1506.3,10.5,187.4,76.5,CRITICAL_DEFICIT,0
SH-UTT-3939,Uttarkashi Sector-12 Relief Center,Uttarkashi,Uttarakhand,earthquake,30.53788,77.87976,300,363,0.121,1.16,1,5.9,2711.3,6915.2,48.3,1233.1,0.0,BALANCED,2
SH-SOU-3940,South 24 Parganas Sector-6 Relief Center,South 24 Parganas,West Bengal,cyclone,21.88937,88.48201,300,173,0.234,0.59,0,19.6,137.5,265.9,3.2,47.2,100.0,CRITICAL_DEFICIT,0
SH-BAL-3941,Balasore Sector-12 Relief Center,Balasore,Odisha,cyclone,21.65137,86.68097,500,145,0.05,11.79,0,36.5,106.4,254.4,1.6,78.4,100.0,CRITICAL_DEFICIT,0
SH-KUT-3942,Kutch Sector-19 Relief Center,Kutch,Gujarat,earthquake,23.67096,69.59688,500,280,0.315,1.81,1,39.3,224.2,416.0,5.1,177.7,99.84,CRITICAL_DEFICIT,0
SH-KAN-3943,Kangra Sector-4 Relief Center,Kangra,Himachal Pradesh,earthquake,32.08993,76.38263,1200,853,0.258,0.96,1,12.2,1656.2,4503.1,39.7,555.5,78.55,CRITICAL_DEFICIT,0
SH-DHU-3944,Dhubri Sector-6 Relief Center,Dhubri,Assam,flood,25.90602,90.51223,1200,360,0.21,1.2,1,41.7,1334.2,2594.1,32.4,811.8,63.0,DEFICIT,1
SH-PUR-3945,Puri Sector-16 Relief Center,Puri,Odisha,cyclone,19.62616,86.34418,300,101,0.376,3.32,0,26.5,423.1,1136.4,10.0,389.5,68.59,DEFICIT,1
SH-SOU-3946,South 24 Parganas Sector-9 Relief Center,South 24 Parganas,West Bengal,cyclone,21.65641,88.60545,300,221,0.321,0.55,0,6.3,353.7,990.3,5.9,290.0,94.34,CRITICAL_DEFICIT,0
SH-KAN-3947,Kangra Sector-7 Relief Center,Kangra,Himachal Pradesh,earthquake,32.19935,75.98567,150,127,0.227,0.35,1,18.9,103.3,205.8,1.7,43.5,96.0,CRITICAL_DEFICIT,0
SH-SOU-3948,South 24 Parganas Sector-4 Relief Center,South 24 Parganas,West Bengal,cyclone,21.87539,89.09748,150,43,0.123,3.29,1,20.9,34.5,62.4,0.6,27.5,94.38,CRITICAL_DEFICIT,0
SH-DHU-3949,Dhubri Sector-11 Relief Center,Dhubri,Assam,flood,25.88797,89.7099,150,92,0.469,1.53,1,9.0,77.0,233.4,1.6,37.1,97.38,CRITICAL_DEFICIT,0
SH-KAT-3950,Katihar Sector-14 Relief Center,Katihar,Bihar,flood,25.72883,86.98346,300,156,0.173,1.33,0,33.0,598.9,1772.5,6.4,541.7,69.21,DEFICIT,1
SH-DHU-3951,Dhubri Sector-1 Relief Center,Dhubri,Assam,flood,25.68491,89.6011,300,133,0.104,3.94,0,9.2,200.6,347.7,2.5,172.6,100.0,CRITICAL_DEFICIT,0
SH-CHA-3952,Chamoli Sector-2 Relief Center,Chamoli,Uttarakhand,earthquake,30.53692,79.45695,800,332,0.318,1.88,1,12.6,625.5,1392.4,14.2,245.3,80.03,CRITICAL_DEFICIT,0
SH-KAZ-3953,Kaziranga Sector-14 Relief Center,Kaziranga,Assam,flood,26.46397,93.4042,150,48,0.142,1.44,0,17.0,42.3,80.2,0.6,32.1,100.0,CRITICAL_DEFICIT,0
SH-KAT-3954,Katihar Sector-6 Relief Center,Katihar,Bihar,flood,25.83291,87.93564,500,540,0.428,5.21,1,26.2,2191.6,3710.3,45.2,1426.6,67.23,DEFICIT,1
SH-UTT-3955,Uttarkashi Sector-16 Relief Center,Uttarkashi,Uttarakhand,earthquake,31.01475,78.57408,150,96,0.46,2.02,1,11.8,721.2,1302.0,13.1,309.2,31.0,BALANCED,2
SH-PUR-3956,Puri Sector-3 Relief Center,Puri,Odisha,cyclone,19.7993,85.69529,1200,622,0.322,0.83,1,14.8,1161.2,1999.8,26.1,613.2,87.54,CRITICAL_DEFICIT,0
SH-UTT-3957,Uttarkashi Sector-15 Relief Center,Uttarkashi,Uttarakhand,earthquake,30.57122,78.35058,500,453,0.399,0.58,0,2.4,2972.5,8480.1,41.0,1187.5,32.68,BALANCED,2
SH-KAT-3958,Katihar Sector-5 Relief Center,Katihar,Bihar,flood,25.6312,88.10584,800,818,0.136,0.09,0,0.0,1336.0,2884.7,25.0,574.7,99.69,CRITICAL_DEFICIT,0
SH-KAZ-3959,Kaziranga Sector-17 Relief Center,Kaziranga,Assam,flood,26.52224,93.28209,500,375,0.192,0.28,1,32.1,277.3,611.5,6.5,213.2,92.17,CRITICAL_DEFICIT,0
SH-PUR-3960,Puri Sector-15 Relief Center,Puri,Odisha,cyclone,19.10057,86.3953,300,187,0.288,2.63,0,7.1,702.3,1802.6,18.8,519.6,71.86,CRITICAL_DEFICIT,0
SH-CHA-3961,Chamoli Sector-16 Relief Center,Chamoli,Uttarakhand,earthquake,30.04518,79.27108,150,75,0.24,0.11,1,36.6,77.5,156.4,1.9,37.2,91.3,CRITICAL_DEFICIT,0
SH-DHU-3962,Dhubri Sector-6 Relief Center,Dhubri,Assam,flood,25.88351,89.82439,300,223,0.244,3.48,0,41.6,438.1,900.7,5.6,179.0,87.63,CRITICAL_DEFICIT,0
SH-SOU-3963,South 24 Parganas Sector-5 Relief Center,South 24 Parganas,West Bengal,cyclone,22.16461,87.74384,300,152,0.407,8.3,0,52.3,147.8,397.4,2.0,143.9,100.0,CRITICAL_DEFICIT,0
SH-DAR-3964,Darbhanga Sector-16 Relief Center,Darbhanga,Bihar,flood,26.11142,86.11396,150,100,0.143,0.01,0,27.0,84.0,202.4,1.1,81.8,100.0,CRITICAL_DEFICIT,0
SH-KUT-3965,Kutch Sector-7 Relief Center,Kutch,Gujarat,earthquake,23.52527,69.36524,500,445,0.15,0.99,0,23.6,407.4,1058.7,9.0,199.7,100.0,CRITICAL_DEFICIT,0
SH-BAL-3966,Balasore Sector-1 Relief Center,Balasore,Odisha,cyclone,21.40535,86.84189,800,776,0.409,0.34,1,9.4,676.2,1222.4,18.5,577.0,96.51,CRITICAL_DEFICIT,0
SH-DAR-3967,Darbhanga Sector-19 Relief Center,Darbhanga,Bihar,flood,25.67034,85.81032,800,838,0.05,0.85,1,3.5,898.7,2535.1,12.1,607.4,81.45,CRITICAL_DEFICIT,0
SH-UTT-3968,Uttarkashi Sector-6 Relief Center,Uttarkashi,Uttarakhand,earthquake,30.66265,78.72366,500,385,0.65,0.47,1,50.5,98.9,247.8,2.9,41.4,100.0,CRITICAL_DEFICIT,0
SH-BAL-3969,Balasore Sector-5 Relief Center,Balasore,Odisha,cyclone,20.89668,86.7913,300,129,0.296,1.75,1,4.3,563.5,1579.2,13.6,196.0,42.91,DEFICIT,1
SH-SOU-3970,South 24 Parganas Sector-12 Relief Center,South 24 Parganas,West Bengal,cyclone,21.98109,88.45233,800,925,0.423,4.17,1,6.8,9331.0,18188.7,246.2,3683.0,3.37,SURPLUS,3
SH-DHU-3971,Dhubri Sector-1 Relief Center,Dhubri,Assam,flood,26.25838,90.10618,300,59,0.156,0.87,1,8.3,19.5,49.0,0.3,16.5,92.49,CRITICAL_DEFICIT,0
SH-KAN-3972,Kangra Sector-19 Relief Center,Kangra,Himachal Pradesh,earthquake,31.9267,76.34374,800,546,0.216,2.55,0,64.6,928.9,2325.9,17.2,368.5,99.19,CRITICAL_DEFICIT,0
SH-IDU-3973,Idukki Sector-18 Relief Center,Idukki,Kerala,flood,10.16208,77.04319,150,154,0.293,1.59,1,65.2,42.0,85.8,0.6,22.3,100.0,CRITICAL_DEFICIT,0
SH-WAY-3974,Wayanad Sector-3 Relief Center,Wayanad,Kerala,flood,11.67207,76.11734,150,158,0.297,2.57,1,17.7,508.9,1105.0,7.5,263.5,65.14,DEFICIT,1
SH-KAN-3975,Kangra Sector-14 Relief Center,Kangra,Himachal Pradesh,earthquake,32.53598,76.24271,300,236,0.144,7.99,0,0.0,816.7,1548.4,12.6,394.0,79.51,CRITICAL_DEFICIT,0
SH-BAL-3976,Balasore Sector-17 Relief Center,Balasore,Odisha,cyclone,21.53541,86.66993,500,291,0.232,1.94,1,0.5,70.2,190.6,1.7,34.1,93.96,CRITICAL_DEFICIT,0
SH-KUT-3977,Kutch Sector-3 Relief Center,Kutch,Gujarat,earthquake,23.84062,69.55791,300,269,0.319,0.64,1,0.0,80.8,191.8,1.9,32.0,100.0,CRITICAL_DEFICIT,0
SH-VIS-3978,Visakhapatnam Sector-11 Relief Center,Visakhapatnam,Andhra Pradesh,cyclone,17.6938,83.46788,150,102,0.273,0.43,0,19.7,375.2,1063.4,5.2,222.4,69.41,DEFICIT,1
SH-DAR-3979,Darbhanga Sector-9 Relief Center,Darbhanga,Bihar,flood,26.38731,85.71995,300,121,0.382,5.12,0,29.2,115.3,338.2,3.4,60.1,98.5,CRITICAL_DEFICIT,0
SH-BAL-3980,Balasore Sector-11 Relief Center,Balasore,Odisha,cyclone,21.0781,86.85443,300,194,0.413,0.1,1,0.0,69.6,193.3,1.7,24.0,100.0,CRITICAL_DEFICIT,0
SH-KUT-3981,Kutch Sector-12 Relief Center,Kutch,Gujarat,earthquake,23.81147,69.79414,500,569,0.275,0.37,1,47.6,546.4,1287.8,10.4,203.5,80.3,CRITICAL_DEFICIT,0
SH-KAZ-3982,Kaziranga Sector-6 Relief Center,Kaziranga,Assam,flood,26.77391,93.30386,150,65,0.477,7.1,1,3.6,59.5,174.6,1.1,59.3,96.26,CRITICAL_DEFICIT,0
SH-UTT-3983,Uttarkashi Sector-3 Relief Center,Uttarkashi,Uttarakhand,earthquake,30.65646,77.92216,300,185,0.377,0.15,1,42.5,133.7,253.4,2.6,50.0,97.69,CRITICAL_DEFICIT,0
SH-KAN-3984,Kangra Sector-2 Relief Center,Kangra,Himachal Pradesh,earthquake,32.10648,75.92536,300,59,0.159,5.49,0,31.9,113.9,261.7,1.2,101.7,89.95,CRITICAL_DEFICIT,0
SH-DHU-3985,Dhubri Sector-15 Relief Center,Dhubri,Assam,flood,26.33651,89.90191,150,87,0.393,1.86,1,28.5,302.8,546.9,4.2,159.9,73.37,CRITICAL_DEFICIT,0
SH-VIS-3986,Visakhapatnam Sector-3 Relief Center,Visakhapatnam,Andhra Pradesh,cyclone,17.56889,83.14352,300,83,0.149,3.05,0,53.0,69.6,171.2,0.9,57.0,100.0,CRITICAL_DEFICIT,0
SH-DHU-3987,Dhubri Sector-6 Relief Center,Dhubri,Assam,flood,26.08784,90.27578,300,235,0.089,2.8,1,1.1,74.3,217.6,1.5,41.0,99.46,CRITICAL_DEFICIT,0
SH-KAN-3988,Kangra Sector-19 Relief Center,Kangra,Himachal Pradesh,earthquake,31.66673,76.59151,150,181,0.533,0.75,1,0.0,572.3,1468.2,18.3,204.2,68.23,DEFICIT,1
SH-KUT-3989,Kutch Sector-11 Relief Center,Kutch,Gujarat,earthquake,24.18903,69.39328,1200,388,0.364,5.16,0,27.4,690.9,1790.3,13.5,271.5,98.16,CRITICAL_DEFICIT,0
SH-UTT-3990,Uttarkashi Sector-17 Relief Center,Uttarkashi,Uttarakhand,earthquake,31.05123,78.34638,150,83,0.05,2.24,0,28.6,160.7,476.2,3.0,77.7,88.62,CRITICAL_DEFICIT,0
SH-KUT-3991,Kutch Sector-9 Relief Center,Kutch,Gujarat,earthquake,23.80956,69.82327,300,237,0.109,0.33,1,44.3,438.8,813.8,6.3,298.2,82.22,CRITICAL_DEFICIT,0
SH-WAY-3992,Wayanad Sector-11 Relief Center,Wayanad,Kerala,flood,11.49706,76.50965,500,342,0.284,2.47,0,0.0,2538.0,5857.6,43.9,1311.6,18.63,BALANCED,2
SH-WAY-3993,Wayanad Sector-11 Relief Center,Wayanad,Kerala,flood,11.68772,76.19001,300,137,0.265,1.96,1,3.1,575.5,1564.2,7.6,571.4,46.17,DEFICIT,1
SH-SOU-3994,South 24 Parganas Sector-3 Relief Center,South 24 Parganas,West Bengal,cyclone,22.19185,88.04701,2000,2405,0.598,3.7,0,0.0,9750.5,16200.2,185.7,5776.3,84.25,CRITICAL_DEFICIT,0
SH-PUR-3995,Puri Sector-11 Relief Center,Puri,Odisha,cyclone,19.42108,85.76107,150,66,0.231,2.62,1,10.3,359.7,1087.1,8.7,155.8,30.51,BALANCED,2
SH-KAN-3996,Kangra Sector-17 Relief Center,Kangra,Himachal Pradesh,earthquake,31.97317,75.82271,150,45,0.118,0.38,1,43.8,45.5,86.7,1.0,39.2,90.5,CRITICAL_DEFICIT,0
SH-KAN-3997,Kangra Sector-18 Relief Center,Kangra,Himachal Pradesh,earthquake,32.03171,75.90263,800,255,0.05,0.23,1,48.7,550.0,1598.1,7.6,300.3,69.25,CRITICAL_DEFICIT,0
SH-BAL-3998,Balasore Sector-10 Relief Center,Balasore,Odisha,cyclone,21.7991,86.93824,150,127,0.427,0.53,1,6.0,233.9,542.2,3.4,90.4,81.74,CRITICAL_DEFICIT,0
SH-WAY-3999,Wayanad Sector-2 Relief Center,Wayanad,Kerala,flood,11.61928,75.88492,150,56,0.354,1.34,1,23.7,60.3,104.2,0.8,30.8,89.66,CRITICAL_DEFICIT,0
SH-KAT-4000,Katihar Sector-14 Relief Center,Katihar,Bihar,flood,25.16036,87.59478,300,116,0.212,6.21,0,50.2,97.8,277.1,2.1,80.9,100.0,CRITICAL_DEFICIT,0
SH-CHA-4001,Chamoli Sector-14 Relief Center,Chamoli,Uttarakhand,earthquake,30.34651,79.56874,150,34,0.061,1.2,1,4.5,110.2,277.0,1.0,65.2,58.85,DEFICIT,1
SH-DAR-4002,Darbhanga Sector-1 Relief Center,Darbhanga,Bihar,flood,26.14373,85.66347,500,265,0.403,8.86,0,40.3,977.5,2633.1,25.9,771.0,69.22,DEFICIT,1
SH-IDU-4003,Idukki Sector-2 Relief Center,Idukki,Kerala,flood,9.98969,77.0814,300,121,0.337,0.93,0,37.5,115.7,295.8,3.1,72.6,100.0,CRITICAL_DEFICIT,0
SH-DAR-4004,Darbhanga Sector-17 Relief Center,Darbhanga,Bihar,flood,26.13055,85.54003,300,202,0.181,2.21,1,7.6,62.1,127.1,1.1,45.7,98.23,CRITICAL_DEFICIT,0
SH-VIS-4005,Visakhapatnam Sector-3 Relief Center,Visakhapatnam,Andhra Pradesh,cyclone,17.49662,83.41571,300,179,0.437,0.09,1,17.2,540.2,1059.0,9.2,408.3,73.51,CRITICAL_DEFICIT,0
SH-CHA-4006,Chamoli Sector-17 Relief Center,Chamoli,Uttarakhand,earthquake,30.64988,79.18782,500,507,0.231,0.07,1,7.2,976.7,1860.6,18.5,396.9,77.95,CRITICAL_DEFICIT,0
SH-IDU-4007,Idukki Sector-16 Relief Center,Idukki,Kerala,flood,9.80335,76.71571,500,300,0.499,2.1,1,50.9,232.8,634.4,6.4,155.7,99.98,CRITICAL_DEFICIT,0
SH-KAT-4008,Katihar Sector-17 Relief Center,Katihar,Bihar,flood,25.31465,87.2542,1200,1005,0.517,1.92,1,27.5,334.3,832.8,5.4,331.8,100.0,CRITICAL_DEFICIT,0
SH-KAN-4009,Kangra Sector-19 Relief Center,Kangra,Himachal Pradesh,earthquake,31.96217,76.47272,300,275,0.48,1.03,1,21.6,88.3,250.5,1.8,61.3,97.11,CRITICAL_DEFICIT,0
SH-CHA-4010,Chamoli Sector-12 Relief Center,Chamoli,Uttarakhand,earthquake,30.56453,79.52986,150,92,0.557,1.46,1,37.9,90.2,166.1,2.5,33.8,96.84,CRITICAL_DEFICIT,0
SH-KAZ-4011,Kaziranga Sector-15 Relief Center,Kaziranga,Assam,flood,26.76974,93.28403,150,129,0.05,3.04,0,0.0,95.5,288.4,1.8,48.7,100.0,CRITICAL_DEFICIT,0
SH-KAT-4012,Katihar Sector-3 Relief Center,Katihar,Bihar,flood,25.37769,87.63812,300,231,0.256,2.76,1,26.6,2572.9,5794.1,34.1,1810.7,0.0,SURPLUS,3
SH-BAL-4013,Balasore Sector-15 Relief Center,Balasore,Odisha,cyclone,21.86168,86.59638,500,412,0.19,5.45,0,25.7,807.1,2232.2,9.6,722.1,88.33,CRITICAL_DEFICIT,0
SH-BAL-4014,Balasore Sector-8 Relief Center,Balasore,Odisha,cyclone,21.36831,87.1281,150,97,0.523,2.15,0,18.3,887.1,1526.8,25.7,669.2,27.03,BALANCED,2
SH-UTT-4015,Uttarkashi Sector-4 Relief Center,Uttarkashi,Uttarakhand,earthquake,30.98842,78.88225,300,278,0.347,0.21,1,0.0,3351.5,5552.1,93.5,2165.0,0.14,SURPLUS,3
SH-PUR-4016,Puri Sector-19 Relief Center,Puri,Odisha,cyclone,19.96784,86.21273,300,111,0.435,1.12,0,12.6,177.4,400.5,4.6,112.8,100.0,CRITICAL_DEFICIT,0
SH-BAL-4017,Balasore Sector-17 Relief Center,Balasore,Odisha,cyclone,21.52913,87.12341,500,415,0.137,5.29,0,27.9,401.3,834.4,7.8,195.5,100.0,CRITICAL_DEFICIT,0
SH-KAT-4018,Katihar Sector-10 Relief Center,Katihar,Bihar,flood,25.31133,87.95336,150,26,0.12,0.82,0,0.0,184.5,410.3,2.8,94.6,26.91,BALANCED,2
SH-KAZ-4019,Kaziranga Sector-5 Relief Center,Kaziranga,Assam,flood,26.55941,92.96461,150,27,0.383,0.4,1,35.1,6.6,17.0,0.2,6.2,100.0,CRITICAL_DEFICIT,0
SH-DAR-4020,Darbhanga Sector-7 Relief Center,Darbhanga,Bihar,flood,25.86125,85.75513,300,287,0.176,0.03,1,6.7,984.5,2477.8,10.1,913.9,53.31,DEFICIT,1
SH-BAL-4021,Balasore Sector-6 Relief Center,Balasore,Odisha,cyclone,21.77944,87.07161,150,119,0.21,0.26,0,3.5,120.1,223.1,1.6,72.6,100.0,CRITICAL_DEFICIT,0
SH-PUR-4022,Puri Sector-19 Relief Center,Puri,Odisha,cyclone,19.8276,85.57955,150,65,0.167,0.26,1,6.4,248.0,524.3,3.0,167.5,55.42,DEFICIT,1
SH-BAL-4023,Balasore Sector-17 Relief Center,Balasore,Odisha,cyclone,21.63531,86.88778,300,58,0.052,7.27,1,22.5,494.6,986.7,5.7,340.4,1.89,BALANCED,2
SH-DAR-4024,Darbhanga Sector-10 Relief Center,Darbhanga,Bihar,flood,26.16657,86.11861,300,244,0.214,1.78,1,14.3,219.9,360.9,5.3,198.8,97.49,CRITICAL_DEFICIT,0
SH-KAN-4025,Kangra Sector-14 Relief Center,Kangra,Himachal Pradesh,earthquake,31.67673,76.19123,150,90,0.126,6.03,1,25.5,142.4,407.2,2.8,74.3,78.96,CRITICAL_DEFICIT,0
SH-DHU-4026,Dhubri Sector-17 Relief Center,Dhubri,Assam,flood,25.88779,90.01257,300,195,0.42,3.5,1,30.0,1956.2,3684.9,37.1,1005.1,8.52,SURPLUS,3
SH-CHA-4027,Chamoli Sector-16 Relief Center,Chamoli,Uttarakhand,earthquake,30.39362,79.44733,300,291,0.449,2.28,0,35.0,436.7,915.4,7.5,436.6,98.54,CRITICAL_DEFICIT,0
SH-CHA-4028,Chamoli Sector-5 Relief Center,Chamoli,Uttarakhand,earthquake,30.65745,79.42241,150,37,0.37,0.68,1,31.4,9.4,27.1,0.2,3.3,100.0,CRITICAL_DEFICIT,0
SH-BAL-4029,Balasore Sector-1 Relief Center,Balasore,Odisha,cyclone,21.51412,86.62213,300,235,0.303,1.16,0,29.7,203.4,451.4,2.7,140.6,100.0,CRITICAL_DEFICIT,0
SH-KAT-4030,Katihar Sector-10 Relief Center,Katihar,Bihar,flood,25.71334,87.86213,800,528,0.124,1.5,0,22.2,1099.2,2733.6,16.5,803.3,89.29,CRITICAL_DEFICIT,0
SH-VIS-4031,Visakhapatnam Sector-14 Relief Center,Visakhapatnam,Andhra Pradesh,cyclone,17.65788,83.36164,300,267,0.287,1.36,1,35.7,242.1,506.9,4.7,85.8,93.71,CRITICAL_DEFICIT,0
SH-PUR-4032,Puri Sector-6 Relief Center,Puri,Odisha,cyclone,19.78975,85.75471,150,20,0.05,0.34,1,12.6,72.0,180.2,1.1,45.6,54.05,DEFICIT,1
SH-KUT-4033,Kutch Sector-16 Relief Center,Kutch,Gujarat,earthquake,23.46262,69.39778,500,195,0.379,3.2,1,40.6,778.2,2029.9,15.4,746.0,48.45,DEFICIT,1
SH-PUR-4034,Puri Sector-9 Relief Center,Puri,Odisha,cyclone,20.21628,86.10097,300,69,0.409,1.39,1,20.4,245.1,478.1,5.9,213.8,60.22,DEFICIT,1
SH-WAY-4035,Wayanad Sector-4 Relief Center,Wayanad,Kerala,flood,11.80666,76.07464,150,91,0.3,5.17,1,10.9,30.3,77.3,0.8,21.8,100.0,CRITICAL_DEFICIT,0
SH-VIS-4036,Visakhapatnam Sector-10 Relief Center,Visakhapatnam,Andhra Pradesh,cyclone,17.40989,83.22311,300,132,0.196,2.51,1,26.3,977.9,1939.2,15.0,458.5,17.53,BALANCED,2
SH-CHA-4037,Chamoli Sector-13 Relief Center,Chamoli,Uttarakhand,earthquake,30.78076,79.24095,800,906,0.318,1.75,1,29.3,715.9,1336.7,15.2,542.0,97.22,CRITICAL_DEFICIT,0
SH-DAR-4038,Darbhanga Sector-16 Relief Center,Darbhanga,Bihar,flood,26.1691,85.89618,300,152,0.172,3.62,0,27.8,44.6,107.4,0.5,18.1,100.0,CRITICAL_DEFICIT,0
SH-KAZ-4039,Kaziranga Sector-3 Relief Center,Kaziranga,Assam,flood,25.81574,93.13342,800,741,0.323,0.68,1,15.4,1149.1,2228.1,20.2,1133.7,82.27,CRITICAL_DEFICIT,0
SH-KAN-4040,Kangra Sector-6 Relief Center,Kangra,Himachal Pradesh,earthquake,31.57256,76.41541,300,187,0.05,1.08,1,29.7,710.9,1702.5,13.1,306.2,51.72,DEFICIT,1
SH-DAR-4041,Darbhanga Sector-13 Relief Center,Darbhanga,Bihar,flood,26.18605,85.81534,300,326,0.051,0.29,1,53.6,2011.5,4860.4,40.3,1458.2,18.06,BALANCED,2
SH-VIS-4042,Visakhapatnam Sector-6 Relief Center,Visakhapatnam,Andhra Pradesh,cyclone,17.20544,83.43018,300,323,0.213,7.07,1,31.1,89.0,240.7,2.0,52.9,93.47,CRITICAL_DEFICIT,0
SH-KUT-4043,Kutch Sector-10 Relief Center,Kutch,Gujarat,earthquake,23.58463,70.05985,150,52,0.14,1.49,1,32.5,75.1,210.5,0.8,62.0,80.7,CRITICAL_DEFICIT,0
SH-KAN-4044,Kangra Sector-16 Relief Center,Kangra,Himachal Pradesh,earthquake,31.83635,76.18389,150,171,0.105,2.31,1,0.0,142.6,296.6,2.2,127.7,91.36,CRITICAL_DEFICIT,0
SH-BAL-4045,Balasore Sector-10 Relief Center,Balasore,Odisha,cyclone,21.4268,87.34272,500,513,0.65,0.86,1,8.0,3822.1,6425.2,121.7,3383.9,35.39,BALANCED,2
SH-WAY-4046,Wayanad Sector-3 Relief Center,Wayanad,Kerala,flood,11.05342,76.11067,150,68,0.05,4.27,1,0.0,100.4,258.7,0.9,68.8,86.48,CRITICAL_DEFICIT,0
SH-DAR-4047,Darbhanga Sector-6 Relief Center,Darbhanga,Bihar,flood,25.64642,85.80224,500,561,0.05,3.75,1,14.1,557.0,1268.2,5.3,277.3,91.81,CRITICAL_DEFICIT,0
SH-PUR-4048,Puri Sector-18 Relief Center,Puri,Odisha,cyclone,20.075,85.89758,500,381,0.142,1.93,1,16.3,2921.4,8119.2,46.6,2079.6,0.34,SURPLUS,3
SH-DAR-4049,Darbhanga Sector-6 Relief Center,Darbhanga,Bihar,flood,26.62299,85.68776,300,220,0.124,2.12,1,15.6,213.4,364.1,2.7,169.1,92.07,CRITICAL_DEFICIT,0
SH-VIS-4050,Visakhapatnam Sector-9 Relief Center,Visakhapatnam,Andhra Pradesh,cyclone,16.94389,83.07491,500,314,0.115,1.38,1,43.4,2191.2,6309.9,27.6,1656.5,6.21,BALANCED,2
SH-SOU-4051,South 24 Parganas Sector-9 Relief Center,South 24 Parganas,West Bengal,cyclone,21.89819,88.35556,150,64,0.515,1.18,1,7.6,257.0,731.7,6.6,103.7,51.64,DEFICIT,1
SH-KAZ-4052,Kaziranga Sector-17 Relief Center,Kaziranga,Assam,flood,26.31186,92.88966,1200,165,0.286,2.49,1,28.2,707.0,1155.3,9.5,588.9,59.08,DEFICIT,1
SH-KAN-4053,Kangra Sector-17 Relief Center,Kangra,Himachal Pradesh,earthquake,32.26985,76.64136,150,74,0.187,1.0,1,36.9,69.2,204.5,1.0,54.7,88.93,CRITICAL_DEFICIT,0
SH-UTT-4054,Uttarkashi Sector-13 Relief Center,Uttarkashi,Uttarakhand,earthquake,30.60494,78.57782,500,400,0.197,2.54,0,35.0,418.2,1114.6,8.2,173.1,100.0,CRITICAL_DEFICIT,0
SH-VIS-4055,Visakhapatnam Sector-3 Relief Center,Visakhapatnam,Andhra Pradesh,cyclone,17.87977,83.03073,150,74,0.071,0.36,1,36.7,501.6,905.8,6.1,497.4,31.49,BALANCED,2
SH-CHA-4056,Chamoli Sector-17 Relief Center,Chamoli,Uttarakhand,earthquake,30.41305,79.5881,300,122,0.246,0.33,1,11.7,919.5,2249.8,12.8,505.5,6.46,SURPLUS,3
SH-DHU-4057,Dhubri Sector-16 Relief Center,Dhubri,Assam,flood,26.18043,89.80371,150,28,0.201,2.23,1,17.1,41.4,115.2,0.9,28.4,81.78,CRITICAL_DEFICIT,0
SH-KAN-4058,Kangra Sector-12 Relief Center,Kangra,Himachal Pradesh,earthquake,32.37275,76.36608,500,436,0.379,3.42,1,56.7,851.6,1691.5,14.8,486.4,86.23,CRITICAL_DEFICIT,0
SH-SOU-4059,South 24 Parganas Sector-16 Relief Center,South 24 Parganas,West Bengal,cyclone,21.73815,89.00224,1200,486,0.258,8.84,1,43.8,456.0,776.7,5.8,338.3,94.45,CRITICAL_DEFICIT,0
SH-VIS-4060,Visakhapatnam Sector-16 Relief Center,Visakhapatnam,Andhra Pradesh,cyclone,17.98925,83.06277,150,142,0.077,0.24,0,32.9,108.7,224.9,1.0,96.8,100.0,CRITICAL_DEFICIT,0
SH-UTT-4061,Uttarkashi Sector-1 Relief Center,Uttarkashi,Uttarakhand,earthquake,30.39662,78.26149,1200,574,0.297,2.15,0,16.8,1158.3,3010.2,27.2,400.8,93.14,CRITICAL_DEFICIT,0
SH-BAL-4062,Balasore Sector-17 Relief Center,Balasore,Odisha,cyclone,21.67618,86.98299,800,702,0.529,5.73,0,29.1,4469.1,11416.1,138.0,2507.0,43.87,DEFICIT,1
SH-WAY-4063,Wayanad Sector-5 Relief Center,Wayanad,Kerala,flood,11.18914,75.95092,300,368,0.28,2.23,1,1.7,2133.7,5891.6,55.1,1737.3,27.31,BALANCED,2
SH-DAR-4064,Darbhanga Sector-1 Relief Center,Darbhanga,Bihar,flood,26.23795,85.94999,300,282,0.213,0.6,0,18.0,68.3,192.4,1.6,24.2,100.0,CRITICAL_DEFICIT,0
SH-DHU-4065,Dhubri Sector-4 Relief Center,Dhubri,Assam,flood,26.22742,90.21104,300,183,0.242,3.31,1,22.9,136.0,313.7,2.4,61.7,91.37,CRITICAL_DEFICIT,0
SH-BAL-4066,Balasore Sector-10 Relief Center,Balasore,Odisha,cyclone,21.31522,87.12011,300,25,0.283,4.55,1,2.5,159.1,446.2,2.8,69.3,13.38,BALANCED,2
SH-WAY-4067,Wayanad Sector-1 Relief Center,Wayanad,Kerala,flood,11.69207,76.00664,300,108,0.096,2.0,0,0.0,768.9,1814.8,14.2,419.8,21.15,BALANCED,2
SH-IDU-4068,Idukki Sector-9 Relief Center,Idukki,Kerala,flood,9.96648,76.7941,300,308,0.05,2.06,1,25.3,2076.3,4628.0,27.0,1778.4,15.43,BALANCED,2
SH-DAR-4069,Darbhanga Sector-13 Relief Center,Darbhanga,Bihar,flood,26.03629,85.85861,300,77,0.603,12.34,0,46.0,252.1,708.4,4.7,251.0,77.81,CRITICAL_DEFICIT,0
SH-PUR-4070,Puri Sector-6 Relief Center,Puri,Odisha,cyclone,19.59983,85.98479,300,275,0.05,0.52,1,38.5,291.3,609.4,2.7,249.3,88.72,CRITICAL_DEFICIT,0
SH-DAR-4071,Darbhanga Sector-6 Relief Center,Darbhanga,Bihar,flood,26.20279,85.92754,800,301,0.137,0.52,1,15.8,279.5,724.7,6.0,204.3,91.55,CRITICAL_DEFICIT,0
SH-DAR-4072,Darbhanga Sector-19 Relief Center,Darbhanga,Bihar,flood,25.92814,85.90632,300,298,0.279,2.88,1,28.1,317.9,729.4,4.1,317.4,92.87,CRITICAL_DEFICIT,0
SH-UTT-4073,Uttarkashi Sector-11 Relief Center,Uttarkashi,Uttarakhand,earthquake,31.13066,77.85878,150,42,0.05,0.79,1,55.9,161.4,275.2,2.3,156.6,64.05,DEFICIT,1
SH-VIS-4074,Visakhapatnam Sector-4 Relief Center,Visakhapatnam,Andhra Pradesh,cyclone,17.71415,83.0764,150,48,0.349,3.06,0,33.1,70.2,171.7,1.3,36.2,100.0,CRITICAL_DEFICIT,0
SH-UTT-4075,Uttarkashi Sector-9 Relief Center,Uttarkashi,Uttarakhand,earthquake,30.71827,78.39333,300,260,0.604,3.5,1,0.0,2366.1,3872.1,62.0,897.0,19.79,BALANCED,2
SH-SOU-4076,South 24 Parganas Sector-10 Relief Center,South 24 Parganas,West Bengal,cyclone,21.60483,88.40166,500,418,0.378,2.53,0,0.0,1801.7,3401.8,41.9,779.5,76.09,CRITICAL_DEFICIT,0
SH-KUT-4077,Kutch Sector-4 Relief Center,Kutch,Gujarat,earthquake,23.87725,69.5258,800,186,0.415,0.52,1,11.5,135.6,362.7,2.2,126.6,96.4,CRITICAL_DEFICIT,0
SH-WAY-4078,Wayanad Sector-9 Relief Center,Wayanad,Kerala,flood,11.65446,76.25243,1200,1445,0.116,0.6,1,45.0,465.8,853.8,9.7,185.5,94.43,CRITICAL_DEFICIT,0
SH-CHA-4079,Chamoli Sector-15 Relief Center,Chamoli,Uttarakhand,earthquake,30.59631,79.03878,500,379,0.275,5.09,0,0.0,2896.6,7890.2,66.7,2604.7,20.44,SURPLUS,3
SH-VIS-4080,Visakhapatnam Sector-4 Relief Center,Visakhapatnam,Andhra Pradesh,cyclone,17.6336,83.3827,500,625,0.266,1.68,1,42.7,4817.6,9616.4,57.2,4127.1,19.93,BALANCED,2
SH-IDU-4081,Idukki Sector-3 Relief Center,Idukki,Kerala,flood,9.69044,76.96575,1200,742,0.191,8.1,0,30.8,9344.0,23328.1,120.3,8295.5,15.22,SURPLUS,3
SH-KAT-4082,Katihar Sector-7 Relief Center,Katihar,Bihar,flood,25.62501,87.92777,300,225,0.432,0.15,1,24.8,941.7,2747.1,22.2,473.7,45.76,DEFICIT,1
SH-BAL-4083,Balasore Sector-6 Relief Center,Balasore,Odisha,cyclone,21.78602,86.41108,500,512,0.508,2.56,0,16.9,912.9,1847.6,23.5,462.9,100.0,CRITICAL_DEFICIT,0
SH-KAZ-4084,Kaziranga Sector-18 Relief Center,Kaziranga,Assam,flood,26.59331,93.34578,300,276,0.326,0.74,1,11.8,2900.0,8395.3,57.0,1229.4,4.14,SURPLUS,3
SH-KAT-4085,Katihar Sector-8 Relief Center,Katihar,Bihar,flood,25.55971,87.9664,150,20,0.277,1.93,1,27.6,143.2,417.4,2.9,119.5,5.52,BALANCED,2
SH-IDU-4086,Idukki Sector-6 Relief Center,Idukki,Kerala,flood,9.81816,77.06422,150,78,0.336,0.32,1,16.2,78.3,153.5,1.7,30.5,93.32,CRITICAL_DEFICIT,0
SH-IDU-4087,Idukki Sector-13 Relief Center,Idukki,Kerala,flood,9.74661,77.07654,150,51,0.147,2.4,1,22.3,46.7,126.8,0.5,30.4,88.45,CRITICAL_DEFICIT,0
SH-UTT-4088,Uttarkashi Sector-2 Relief Center,Uttarkashi,Uttarakhand,earthquake,31.1963,78.65587,300,290,0.319,1.45,1,0.0,423.7,780.6,10.8,248.0,88.68,CRITICAL_DEFICIT,0
SH-UTT-4089,Uttarkashi Sector-18 Relief Center,Uttarkashi,Uttarakhand,earthquake,30.7161,78.44445,150,78,0.139,2.12,0,8.2,531.1,1384.4,5.9,423.6,24.2,BALANCED,2
SH-SOU-4090,South 24 Parganas Sector-4 Relief Center,South 24 Parganas,West Bengal,cyclone,21.72593,88.51441,300,115,0.626,1.57,1,38.6,453.6,863.2,16.1,422.9,63.44,DEFICIT,1
SH-VIS-4091,Visakhapatnam Sector-3 Relief Center,Visakhapatnam,Andhra Pradesh,cyclone,17.50735,83.35036,500,255,0.306,4.08,0,41.4,477.3,922.3,5.7,351.5,97.72,CRITICAL_DEFICIT,0
SH-CHA-4092,Chamoli Sector-12 Relief Center,Chamoli,Uttarakhand,earthquake,30.11286,79.25787,300,288,0.075,0.31,1,0.0,1926.5,5811.1,31.7,1066.8,10.26,BALANCED,2
SH-DAR-4093,Darbhanga Sector-3 Relief Center,Darbhanga,Bihar,flood,25.53614,86.20453,300,168,0.501,5.78,0,56.0,1788.0,4417.6,31.4,1523.4,18.39,SURPLUS,3
SH-DHU-4094,Dhubri Sector-14 Relief Center,Dhubri,Assam,flood,26.0998,90.28492,1200,480,0.103,2.43,1,65.0,3344.1,9949.7,59.4,1462.9,4.69,BALANCED,2
SH-KAN-4095,Kangra Sector-15 Relief Center,Kangra,Himachal Pradesh,earthquake,31.87059,76.45281,150,36,0.25,4.69,0,13.7,195.0,544.4,2.2,149.0,49.17,DEFICIT,1
SH-DAR-4096,Darbhanga Sector-13 Relief Center,Darbhanga,Bihar,flood,26.21762,86.1628,500,29,0.221,1.62,1,37.0,166.8,380.7,3.7,72.2,27.22,BALANCED,2
SH-PUR-4097,Puri Sector-17 Relief Center,Puri,Odisha,cyclone,20.07024,85.36098,300,277,0.451,1.33,1,73.6,1008.9,1952.4,27.7,995.0,67.85,DEFICIT,1
SH-UTT-4098,Uttarkashi Sector-7 Relief Center,Uttarkashi,Uttarakhand,earthquake,30.62739,78.07892,300,255,0.279,0.62,1,47.2,202.8,369.3,4.0,133.8,97.15,CRITICAL_DEFICIT,0
SH-SOU-4099,South 24 Parganas Sector-6 Relief Center,South 24 Parganas,West Bengal,cyclone,21.90482,88.80555,300,20,0.194,5.92,1,19.7,20.5,61.0,0.4,15.6,87.31,CRITICAL_DEFICIT,0
SH-WAY-4100,Wayanad Sector-10 Relief Center,Wayanad,Kerala,flood,11.86725,76.32385,150,128,0.204,5.27,0,2.7,92.8,166.2,2.0,74.2,100.0,CRITICAL_DEFICIT,0
SH-KAN-4101,Kangra Sector-10 Relief Center,Kangra,Himachal Pradesh,earthquake,31.69203,75.87001,150,101,0.538,0.63,0,17.4,26.1,64.8,0.4,9.6,100.0,CRITICAL_DEFICIT,0
SH-VIS-4102,Visakhapatnam Sector-9 Relief Center,Visakhapatnam,Andhra Pradesh,cyclone,17.35073,82.91816,300,260,0.211,3.39,1,42.1,439.6,1055.2,6.4,250.5,81.44,CRITICAL_DEFICIT,0
SH-KAT-4103,Katihar Sector-10 Relief Center,Katihar,Bihar,flood,25.69978,87.46635,500,116,0.264,0.28,1,24.3,791.1,2238.1,13.2,317.4,10.63,BALANCED,2
SH-WAY-4104,Wayanad Sector-6 Relief Center,Wayanad,Kerala,flood,11.60032,75.97177,150,24,0.342,1.88,1,21.8,88.4,186.9,1.9,35.7,63.94,DEFICIT,1
SH-KAZ-4105,Kaziranga Sector-2 Relief Center,Kaziranga,Assam,flood,26.65392,93.37875,300,20,0.238,0.96,1,18.4,35.4,95.0,0.4,13.9,80.8,CRITICAL_DEFICIT,0
SH-PUR-4106,Puri Sector-13 Relief Center,Puri,Odisha,cyclone,19.62419,85.98605,300,262,0.291,0.65,1,0.0,227.1,655.2,3.9,160.9,91.29,CRITICAL_DEFICIT,0
SH-SOU-4107,South 24 Parganas Sector-19 Relief Center,South 24 Parganas,West Bengal,cyclone,21.94461,88.59903,500,361,0.128,10.25,1,34.3,2494.6,4729.8,32.9,1975.9,22.71,BALANCED,2
SH-WAY-4108,Wayanad Sector-8 Relief Center,Wayanad,Kerala,flood,12.05804,76.59419,1200,217,0.187,2.99,0,33.3,810.2,2309.5,13.1,700.6,71.56,CRITICAL_DEFICIT,0
SH-BAL-4109,Balasore Sector-2 Relief Center,Balasore,Odisha,cyclone,21.89698,86.93798,500,615,0.127,3.2,1,0.0,2506.0,7589.8,48.9,1800.0,45.12,DEFICIT,1
SH-PUR-4110,Puri Sector-9 Relief Center,Puri,Odisha,cyclone,19.80985,85.70974,300,147,0.154,0.05,1,0.0,261.6,431.9,3.0,160.3,85.61,CRITICAL_DEFICIT,0
SH-VIS-4111,Visakhapatnam Sector-7 Relief Center,Visakhapatnam,Andhra Pradesh,cyclone,18.0298,83.23328,1200,692,0.228,3.64,0,31.5,2106.5,4430.6,33.3,1045.8,76.74,CRITICAL_DEFICIT,0
SH-DHU-4112,Dhubri Sector-1 Relief Center,Dhubri,Assam,flood,25.6815,89.82932,300,233,0.192,0.27,0,53.1,361.0,739.7,7.6,303.3,97.14,CRITICAL_DEFICIT,0
SH-KAT-4113,Katihar Sector-11 Relief Center,Katihar,Bihar,flood,25.62175,87.52832,800,447,0.133,0.2,0,0.0,151.7,319.4,1.7,101.7,100.0,CRITICAL_DEFICIT,0
SH-VIS-4114,Visakhapatnam Sector-7 Relief Center,Visakhapatnam,Andhra Pradesh,cyclone,18.04949,83.25405,500,245,0.35,4.55,0,36.2,1411.1,4125.4,36.8,683.3,43.34,DEFICIT,1
SH-KAT-4115,Katihar Sector-18 Relief Center,Katihar,Bihar,flood,25.32729,87.57515,150,73,0.378,3.4,1,34.0,145.2,280.3,4.1,144.7,83.61,CRITICAL_DEFICIT,0
SH-UTT-4116,Uttarkashi Sector-4 Relief Center,Uttarkashi,Uttarakhand,earthquake,30.70112,77.83761,150,151,0.27,1.4,1,37.9,252.0,698.9,6.4,100.0,75.26,CRITICAL_DEFICIT,0
SH-CHA-4117,Chamoli Sector-17 Relief Center,Chamoli,Uttarakhand,earthquake,30.55255,79.50571,500,318,0.242,0.1,1,59.2,303.7,673.8,5.1,177.3,90.6,CRITICAL_DEFICIT,0
SH-BAL-4118,Balasore Sector-12 Relief Center,Balasore,Odisha,cyclone,21.81975,87.06732,150,105,0.062,0.8,1,4.9,32.1,81.0,0.6,21.4,93.9,CRITICAL_DEFICIT,0
SH-DAR-4119,Darbhanga Sector-1 Relief Center,Darbhanga,Bihar,flood,25.89752,85.59926,150,95,0.552,0.15,1,38.2,77.2,219.1,1.8,27.9,93.08,CRITICAL_DEFICIT,0
SH-CHA-4120,Chamoli Sector-18 Relief Center,Chamoli,Uttarakhand,earthquake,30.11414,79.06273,300,220,0.638,8.23,1,31.8,1197.6,2924.5,26.7,822.8,34.28,BALANCED,2
SH-VIS-4121,Visakhapatnam Sector-15 Relief Center,Visakhapatnam,Andhra Pradesh,cyclone,17.43502,83.52568,300,220,0.273,5.88,1,26.7,690.7,1534.2,12.5,467.5,67.09,DEFICIT,1
SH-KUT-4122,Kutch Sector-9 Relief Center,Kutch,Gujarat,earthquake,23.40473,70.31438,300,92,0.078,2.7,1,19.4,178.3,406.5,2.8,116.2,77.64,CRITICAL_DEFICIT,0
SH-KAN-4123,Kangra Sector-7 Relief Center,Kangra,Himachal Pradesh,earthquake,31.91623,76.35022,300,112,0.334,0.46,1,28.8,38.9,84.9,0.7,25.8,100.0,CRITICAL_DEFICIT,0
SH-WAY-4124,Wayanad Sector-10 Relief Center,Wayanad,Kerala,flood,11.74323,76.69727,300,210,0.459,2.56,0,23.4,368.1,1057.3,7.7,318.1,96.34,CRITICAL_DEFICIT,0
SH-PUR-4125,Puri Sector-14 Relief Center,Puri,Odisha,cyclone,19.61954,85.92669,150,60,0.422,0.52,1,15.1,717.5,1616.7,15.0,659.4,0.89,SURPLUS,3
SH-WAY-4126,Wayanad Sector-2 Relief Center,Wayanad,Kerala,flood,11.63524,76.35654,1200,421,0.185,1.61,0,46.7,2526.5,5163.9,51.8,2238.8,49.56,DEFICIT,1
SH-UTT-4127,Uttarkashi Sector-16 Relief Center,Uttarkashi,Uttarakhand,earthquake,30.56895,78.62169,1200,410,0.179,5.03,1,13.6,2598.6,4959.7,55.8,1161.6,33.49,BALANCED,2
SH-SOU-4128,South 24 Parganas Sector-2 Relief Center,South 24 Parganas,West Bengal,cyclone,22.10484,88.3194,300,241,0.169,1.78,1,53.6,1008.2,2388.1,19.6,858.8,43.8,DEFICIT,1
SH-CHA-4129,Chamoli Sector-9 Relief Center,Chamoli,Uttarakhand,earthquake,30.53904,79.15989,500,452,0.423,2.77,1,38.6,110.8,309.5,1.5,72.9,100.0,CRITICAL_DEFICIT,0
SH-WAY-4130,Wayanad Sector-13 Relief Center,Wayanad,Kerala,flood,11.8704,76.1637,300,153,0.228,0.67,1,18.6,126.4,238.6,2.4,102.6,94.21,CRITICAL_DEFICIT,0
SH-KAZ-4131,Kaziranga Sector-3 Relief Center,Kaziranga,Assam,flood,26.11791,93.56229,300,134,0.444,0.53,1,63.1,205.1,534.4,4.4,94.0,85.53,CRITICAL_DEFICIT,0
SH-BAL-4132,Balasore Sector-2 Relief Center,Balasore,Odisha,cyclone,21.26907,86.40373,800,343,0.083,0.05,1,50.8,1291.7,3075.0,26.5,916.7,55.82,DEFICIT,1
SH-KAZ-4133,Kaziranga Sector-17 Relief Center,Kaziranga,Assam,flood,26.28977,93.18933,300,130,0.476,0.09,1,6.9,110.9,321.1,3.0,102.7,91.72,CRITICAL_DEFICIT,0
SH-CHA-4134,Chamoli Sector-1 Relief Center,Chamoli,Uttarakhand,earthquake,30.57082,79.11071,300,135,0.096,5.08,0,37.8,104.5,271.2,1.8,53.2,100.0,CRITICAL_DEFICIT,0
SH-PUR-4135,Puri Sector-18 Relief Center,Puri,Odisha,cyclone,20.09006,85.70622,300,349,0.219,1.21,1,27.9,608.8,1556.9,6.7,244.6,78.03,CRITICAL_DEFICIT,0
SH-DHU-4136,Dhubri Sector-11 Relief Center,Dhubri,Assam,flood,26.15092,90.24518,300,62,0.193,0.6,0,6.2,226.7,522.3,4.2,200.9,69.21,DEFICIT,1
SH-BAL-4137,Balasore Sector-18 Relief Center,Balasore,Odisha,cyclone,21.32868,87.03588,150,120,0.065,1.16,0,40.7,92.8,278.2,1.5,82.9,100.0,CRITICAL_DEFICIT,0
SH-VIS-4138,Visakhapatnam Sector-3 Relief Center,Visakhapatnam,Andhra Pradesh,cyclone,17.5663,83.23535,500,189,0.316,1.65,0,0.0,278.9,593.8,3.9,140.1,98.14,CRITICAL_DEFICIT,0
SH-SOU-4139,South 24 Parganas Sector-16 Relief Center,South 24 Parganas,West Bengal,cyclone,22.5215,88.67391,300,243,0.419,3.82,0,21.6,816.6,1438.8,20.0,390.9,86.39,CRITICAL_DEFICIT,0
SH-IDU-4140,Idukki Sector-3 Relief Center,Idukki,Kerala,flood,9.70326,77.05747,500,146,0.123,2.65,1,23.9,117.2,273.2,1.6,62.1,90.65,CRITICAL_DEFICIT,0
SH-DAR-4141,Darbhanga Sector-15 Relief Center,Darbhanga,Bihar,flood,26.33795,85.47218,150,156,0.472,1.38,0,41.7,160.3,304.4,5.0,83.4,100.0,CRITICAL_DEFICIT,0
SH-KAZ-4142,Kaziranga Sector-7 Relief Center,Kaziranga,Assam,flood,26.51749,92.7196,300,265,0.121,2.94,0,18.5,2951.4,8767.2,35.8,1873.7,14.11,SURPLUS,3
SH-KAN-4143,Kangra Sector-6 Relief Center,Kangra,Himachal Pradesh,earthquake,31.91931,76.24054,500,409,0.65,4.31,0,42.8,113.8,237.6,2.4,112.0,100.0,CRITICAL_DEFICIT,0
SH-KAN-4144,Kangra Sector-6 Relief Center,Kangra,Himachal Pradesh,earthquake,32.31198,76.01966,300,86,0.325,3.09,0,62.4,386.1,819.4,5.9,238.1,62.85,DEFICIT,1
SH-KUT-4145,Kutch Sector-3 Relief Center,Kutch,Gujarat,earthquake,23.78116,70.01146,300,89,0.158,0.32,0,41.7,30.4,60.7,0.7,11.7,100.0,CRITICAL_DEFICIT,0
SH-CHA-4146,Chamoli Sector-10 Relief Center,Chamoli,Uttarakhand,earthquake,30.62835,78.93824,500,88,0.537,6.62,1,7.9,22.1,62.2,0.5,12.7,99.28,CRITICAL_DEFICIT,0
SH-KUT-4147,Kutch Sector-9 Relief Center,Kutch,Gujarat,earthquake,23.69032,69.95289,300,210,0.313,1.11,1,10.1,178.2,451.2,4.0,131.7,94.18,CRITICAL_DEFICIT,0
SH-DHU-4148,Dhubri Sector-14 Relief Center,Dhubri,Assam,flood,26.29989,90.33148,500,548,0.348,2.01,1,12.8,576.4,1426.0,14.7,272.2,86.69,CRITICAL_DEFICIT,0
SH-KUT-4149,Kutch Sector-12 Relief Center,Kutch,Gujarat,earthquake,23.90359,69.82812,150,75,0.242,7.8,1,25.0,324.3,818.4,6.1,275.7,46.3,DEFICIT,1
SH-VIS-4150,Visakhapatnam Sector-2 Relief Center,Visakhapatnam,Andhra Pradesh,cyclone,17.93923,83.74739,800,502,0.268,0.69,1,30.7,945.9,2043.0,24.1,721.2,80.7,CRITICAL_DEFICIT,0
SH-KAZ-4151,Kaziranga Sector-7 Relief Center,Kaziranga,Assam,flood,26.47143,93.01342,800,566,0.361,1.2,1,17.1,607.9,1600.6,16.2,564.1,96.28,CRITICAL_DEFICIT,0
SH-DHU-4152,Dhubri Sector-14 Relief Center,Dhubri,Assam,flood,26.46936,90.25039,300,115,0.201,2.01,1,51.6,713.9,1345.2,14.1,374.0,37.22,BALANCED,2
SH-UTT-4153,Uttarkashi Sector-11 Relief Center,Uttarkashi,Uttarakhand,earthquake,30.26291,78.00786,800,414,0.224,2.65,0,19.1,405.8,1162.3,9.0,244.6,100.0,CRITICAL_DEFICIT,0
SH-DAR-4154,Darbhanga Sector-17 Relief Center,Darbhanga,Bihar,flood,26.49904,85.96768,800,415,0.05,4.69,0,20.6,1704.0,4690.9,15.7,652.9,58.45,DEFICIT,1
SH-DHU-4155,Dhubri Sector-9 Relief Center,Dhubri,Assam,flood,26.56594,89.77595,1200,1113,0.445,1.52,1,0.0,326.4,740.3,9.4,180.7,97.98,CRITICAL_DEFICIT,0
SH-BAL-4156,Balasore Sector-2 Relief Center,Balasore,Odisha,cyclone,21.75991,86.74398,300,203,0.492,2.02,1,34.2,907.4,2533.4,24.2,712.6,45.38,DEFICIT,1
SH-IDU-4157,Idukki Sector-17 Relief Center,Idukki,Kerala,flood,10.01069,77.31032,800,864,0.301,5.17,0,13.6,3438.2,7653.0,85.4,3394.5,64.81,DEFICIT,1
SH-KAZ-4158,Kaziranga Sector-2 Relief Center,Kaziranga,Assam,flood,26.6295,93.34916,150,85,0.372,3.9,0,37.3,601.6,1173.2,14.8,594.1,43.1,DEFICIT,1
SH-IDU-4159,Idukki Sector-1 Relief Center,Idukki,Kerala,flood,9.58108,76.9953,300,257,0.148,0.0,1,44.6,532.7,1421.4,8.6,283.6,74.21,CRITICAL_DEFICIT,0
SH-DHU-4160,Dhubri Sector-8 Relief Center,Dhubri,Assam,flood,26.34289,90.04423,300,125,0.191,0.34,1,71.0,458.6,1304.4,5.2,190.0,54.1,DEFICIT,1
SH-BAL-4161,Balasore Sector-12 Relief Center,Balasore,Odisha,cyclone,21.4116,86.44858,500,268,0.05,4.13,0,0.0,527.5,1480.3,4.9,233.8,93.95,CRITICAL_DEFICIT,0
SH-DHU-4162,Dhubri Sector-9 Relief Center,Dhubri,Assam,flood,26.07443,89.86275,150,125,0.49,0.96,1,38.2,1259.8,2111.1,29.7,690.0,11.09,BALANCED,2
SH-KAT-4163,Katihar Sector-13 Relief Center,Katihar,Bihar,flood,25.36225,87.59765,500,431,0.48,0.72,1,0.6,2504.4,5598.6,79.5,1816.3,29.63,BALANCED,2
SH-KAN-4164,Kangra Sector-18 Relief Center,Kangra,Himachal Pradesh,earthquake,32.33213,75.92505,300,224,0.184,0.98,1,16.8,58.7,106.7,1.1,56.5,97.93,CRITICAL_DEFICIT,0
SH-KUT-4165,Kutch Sector-9 Relief Center,Kutch,Gujarat,earthquake,24.15739,70.02486,150,107,0.645,2.85,1,37.7,439.1,1214.5,14.3,399.2,55.08,DEFICIT,1
SH-VIS-4166,Visakhapatnam Sector-9 Relief Center,Visakhapatnam,Andhra Pradesh,cyclone,17.25364,83.2934,1200,1056,0.269,0.15,1,33.4,1962.1,3855.2,28.6,1134.5,81.68,CRITICAL_DEFICIT,0
SH-KAZ-4167,Kaziranga Sector-1 Relief Center,Kaziranga,Assam,flood,26.53757,93.15583,1200,929,0.051,2.94,0,33.9,3386.9,6640.9,31.5,1140.6,74.99,CRITICAL_DEFICIT,0
SH-IDU-4168,Idukki Sector-6 Relief Center,Idukki,Kerala,flood,9.90223,76.85528,1200,641,0.147,1.28,1,31.6,8036.9,22265.2,159.2,7705.7,1.14,SURPLUS,3
SH-UTT-4169,Uttarkashi Sector-8 Relief Center,Uttarkashi,Uttarakhand,earthquake,30.65808,78.20723,2000,1055,0.496,0.28,0,11.8,12965.1,34912.5,197.1,10570.4,19.92,SURPLUS,3
SH-KUT-4170,Kutch Sector-2 Relief Center,Kutch,Gujarat,earthquake,23.66823,69.45696,300,272,0.288,3.35,1,17.2,3322.3,5516.2,69.6,3245.1,5.46,SURPLUS,3
SH-VIS-4171,Visakhapatnam Sector-6 Relief Center,Visakhapatnam,Andhra Pradesh,cyclone,17.45331,83.14995,300,143,0.247,2.94,0,57.0,246.6,467.0,6.2,160.8,100.0,CRITICAL_DEFICIT,0
SH-BAL-4172,Balasore Sector-10 Relief Center,Balasore,Odisha,cyclone,20.97373,86.82144,500,272,0.097,4.04,1,24.8,213.6,352.0,4.0,90.5,89.52,CRITICAL_DEFICIT,0
SH-DAR-4173,Darbhanga Sector-7 Relief Center,Darbhanga,Bihar,flood,25.85162,85.52522,300,152,0.436,2.32,1,8.0,312.0,520.8,8.5,202.7,87.27,CRITICAL_DEFICIT,0
SH-KAT-4174,Katihar Sector-5 Relief Center,Katihar,Bihar,flood,25.62589,87.87059,2000,2140,0.05,2.6,1,36.9,2014.9,4719.2,32.1,1147.1,90.07,CRITICAL_DEFICIT,0
SH-KAZ-4175,Kaziranga Sector-7 Relief Center,Kaziranga,Assam,flood,26.73791,93.06773,150,105,0.331,8.21,0,19.2,204.2,609.4,3.4,185.3,89.58,CRITICAL_DEFICIT,0
SH-PUR-4176,Puri Sector-4 Relief Center,Puri,Odisha,cyclone,20.24048,85.97674,150,114,0.243,2.2,1,41.9,354.8,1043.6,6.7,244.5,63.89,DEFICIT,1
SH-KAZ-4177,Kaziranga Sector-1 Relief Center,Kaziranga,Assam,flood,26.99576,92.89687,300,142,0.462,0.13,1,20.8,495.0,1371.6,15.4,388.7,56.1,DEFICIT,1
SH-UTT-4178,Uttarkashi Sector-17 Relief Center,Uttarkashi,Uttarakhand,earthquake,30.88137,79.025,500,146,0.079,0.4,1,50.2,46.6,109.5,0.6,27.8,94.99,CRITICAL_DEFICIT,0
SH-PUR-4179,Puri Sector-15 Relief Center,Puri,Odisha,cyclone,19.48631,85.92955,500,448,0.51,3.08,1,23.6,3307.2,6267.4,102.9,1590.5,26.77,BALANCED,2
SH-BAL-4180,Balasore Sector-17 Relief Center,Balasore,Odisha,cyclone,21.2379,86.5632,500,499,0.262,0.22,1,31.5,1067.5,3198.6,19.5,928.7,79.41,CRITICAL_DEFICIT,0
SH-VIS-4181,Visakhapatnam Sector-16 Relief Center,Visakhapatnam,Andhra Pradesh,cyclone,17.77132,83.3039,800,416,0.184,2.53,1,28.5,145.4,338.8,2.4,101.0,93.95,CRITICAL_DEFICIT,0
SH-UTT-4182,Uttarkashi Sector-15 Relief Center,Uttarkashi,Uttarakhand,earthquake,30.84726,78.24397,500,467,0.584,1.47,1,27.4,865.5,1833.3,28.6,690.8,83.29,CRITICAL_DEFICIT,0
SH-KUT-4183,Kutch Sector-2 Relief Center,Kutch,Gujarat,earthquake,23.77225,69.98221,500,254,0.07,2.03,0,28.4,202.0,412.2,2.4,103.8,100.0,CRITICAL_DEFICIT,0
SH-DHU-4184,Dhubri Sector-12 Relief Center,Dhubri,Assam,flood,25.83505,89.65448,1200,422,0.119,0.03,1,0.0,115.8,255.7,1.8,95.8,95.25,CRITICAL_DEFICIT,0
SH-KUT-4185,Kutch Sector-5 Relief Center,Kutch,Gujarat,earthquake,24.01256,69.90344,150,68,0.077,0.67,0,2.4,452.4,1124.0,9.3,254.2,26.19,BALANCED,2
SH-KUT-4186,Kutch Sector-7 Relief Center,Kutch,Gujarat,earthquake,24.01239,69.51177,1200,888,0.131,2.05,0,38.6,267.6,578.0,3.6,216.9,100.0,CRITICAL_DEFICIT,0
SH-KUT-4187,Kutch Sector-12 Relief Center,Kutch,Gujarat,earthquake,23.49613,69.78802,300,171,0.306,3.23,0,7.2,131.3,321.4,1.7,124.8,100.0,CRITICAL_DEFICIT,0
SH-KAZ-4188,Kaziranga Sector-2 Relief Center,Kaziranga,Assam,flood,26.64984,92.91465,500,423,0.342,5.46,0,25.5,681.6,1472.3,17.8,230.7,98.83,CRITICAL_DEFICIT,0
SH-CHA-4189,Chamoli Sector-2 Relief Center,Chamoli,Uttarakhand,earthquake,29.91739,79.10833,150,73,0.223,0.2,1,9.0,239.9,628.8,4.0,184.9,60.95,DEFICIT,1
SH-WAY-4190,Wayanad Sector-16 Relief Center,Wayanad,Kerala,flood,11.70921,76.12192,500,145,0.116,1.98,1,32.1,138.8,383.5,1.9,111.9,86.74,CRITICAL_DEFICIT,0
SH-KAN-4191,Kangra Sector-11 Relief Center,Kangra,Himachal Pradesh,earthquake,31.86576,76.44524,150,31,0.312,1.87,1,68.3,201.3,504.0,5.2,93.2,12.74,BALANCED,2
SH-DAR-4192,Darbhanga Sector-2 Relief Center,Darbhanga,Bihar,flood,25.81592,86.04105,800,318,0.357,1.86,1,22.0,1102.8,2931.5,30.1,511.0,52.94,DEFICIT,1
SH-BAL-4193,Balasore Sector-10 Relief Center,Balasore,Odisha,cyclone,21.09204,87.04415,150,107,0.073,1.91,1,4.7,334.7,748.3,4.6,317.1,58.7,DEFICIT,1
SH-KAN-4194,Kangra Sector-14 Relief Center,Kangra,Himachal Pradesh,earthquake,32.06962,76.27144,150,116,0.211,2.62,1,15.6,521.9,1060.1,9.5,419.0,48.98,DEFICIT,1
SH-KAZ-4195,Kaziranga Sector-11 Relief Center,Kaziranga,Assam,flood,26.3738,92.96689,300,96,0.305,4.04,1,29.3,194.6,488.2,5.2,152.8,76.89,CRITICAL_DEFICIT,0
SH-UTT-4196,Uttarkashi Sector-6 Relief Center,Uttarkashi,Uttarakhand,earthquake,30.72938,78.29763,300,331,0.199,3.97,1,28.5,2318.9,6533.3,32.3,1349.6,7.35,BALANCED,2
SH-KAZ-4197,Kaziranga Sector-17 Relief Center,Kaziranga,Assam,flood,26.79518,92.92592,300,234,0.331,2.3,1,42.1,419.5,810.3,8.6,149.9,82.82,CRITICAL_DEFICIT,0
SH-BAL-4198,Balasore Sector-19 Relief Center,Balasore,Odisha,cyclone,22.19136,86.98975,300,93,0.12,0.01,0,36.8,28.7,80.9,0.6,15.7,100.0,CRITICAL_DEFICIT,0
SH-WAY-4199,Wayanad Sector-12 Relief Center,Wayanad,Kerala,flood,11.60207,75.83612,500,315,0.268,0.53,1,40.9,260.2,735.7,3.8,191.6,92.23,CRITICAL_DEFICIT,0
SH-DHU-4200,Dhubri Sector-7 Relief Center,Dhubri,Assam,flood,25.76273,90.01264,150,74,0.336,1.66,1,0.0,107.7,229.1,1.4,46.4,86.3,CRITICAL_DEFICIT,0
SH-CHA-4201,Chamoli Sector-13 Relief Center,Chamoli,Uttarakhand,earthquake,30.14564,79.25586,150,45,0.494,2.27,1,55.7,75.2,163.5,2.0,51.1,84.57,CRITICAL_DEFICIT,0
SH-KAT-4202,Katihar Sector-1 Relief Center,Katihar,Bihar,flood,25.52413,87.78257,800,313,0.618,3.07,1,20.3,1320.9,2225.4,34.9,666.9,64.28,DEFICIT,1
SH-KUT-4203,Kutch Sector-5 Relief Center,Kutch,Gujarat,earthquake,24.16252,69.91211,1200,203,0.309,3.11,0,10.4,151.2,338.5,3.0,60.8,100.0,CRITICAL_DEFICIT,0
SH-KAT-4204,Katihar Sector-5 Relief Center,Katihar,Bihar,flood,25.53344,87.67738,300,299,0.198,7.05,1,37.5,969.7,2906.2,12.6,347.7,61.99,DEFICIT,1
SH-PUR-4205,Puri Sector-16 Relief Center,Puri,Odisha,cyclone,19.90514,85.93851,300,65,0.566,3.81,0,0.0,96.3,287.7,3.0,86.6,100.0,CRITICAL_DEFICIT,0
SH-IDU-4206,Idukki Sector-3 Relief Center,Idukki,Kerala,flood,9.91173,77.38606,500,414,0.49,6.99,1,7.1,748.4,1933.8,18.7,739.2,81.56,CRITICAL_DEFICIT,0
SH-KAT-4207,Katihar Sector-14 Relief Center,Katihar,Bihar,flood,25.42418,87.83455,500,186,0.189,4.76,0,0.0,144.7,408.2,1.5,74.0,100.0,CRITICAL_DEFICIT,0
SH-VIS-4208,Visakhapatnam Sector-4 Relief Center,Visakhapatnam,Andhra Pradesh,cyclone,17.87474,83.42221,150,105,0.35,1.96,1,0.0,177.7,319.3,4.7,128.7,83.46,CRITICAL_DEFICIT,0
SH-PUR-4209,Puri Sector-11 Relief Center,Puri,Odisha,cyclone,19.93971,85.923,1200,284,0.395,1.09,0,54.3,1894.2,5035.7,26.3,1007.6,29.31,BALANCED,2
SH-CHA-4210,Chamoli Sector-18 Relief Center,Chamoli,Uttarakhand,earthquake,30.18626,79.18785,300,113,0.53,3.86,1,12.9,474.8,1414.7,15.5,358.3,49.65,DEFICIT,1
SH-KUT-4211,Kutch Sector-8 Relief Center,Kutch,Gujarat,earthquake,23.83068,69.51925,1200,1199,0.408,1.81,1,9.1,2108.1,3613.2,46.7,1359.2,86.23,CRITICAL_DEFICIT,0
SH-PUR-4212,Puri Sector-5 Relief Center,Puri,Odisha,cyclone,19.58067,86.22103,1200,1082,0.392,2.25,0,6.2,7477.3,20471.9,119.4,4803.9,26.02,BALANCED,2
SH-SOU-4213,South 24 Parganas Sector-13 Relief Center,South 24 Parganas,West Bengal,cyclone,22.47989,88.81793,300,321,0.232,0.9,1,35.1,2489.2,5308.5,30.9,1612.1,11.6,BALANCED,2
SH-PUR-4214,Puri Sector-18 Relief Center,Puri,Odisha,cyclone,19.63814,85.50786,300,131,0.271,2.27,1,27.1,1370.7,3891.7,33.3,794.6,2.49,SURPLUS,3
SH-DHU-4215,Dhubri Sector-15 Relief Center,Dhubri,Assam,flood,26.17284,90.0626,300,68,0.189,6.72,0,31.5,272.8,636.3,4.3,196.6,65.26,DEFICIT,1
SH-KAN-4216,Kangra Sector-6 Relief Center,Kangra,Himachal Pradesh,earthquake,32.43191,76.29494,500,316,0.379,1.97,1,1.2,1074.1,2679.1,29.6,385.7,59.63,DEFICIT,1
SH-PUR-4217,Puri Sector-19 Relief Center,Puri,Odisha,cyclone,19.55738,85.71124,300,161,0.05,4.05,1,54.0,168.2,306.8,3.0,100.8,89.07,CRITICAL_DEFICIT,0
SH-KAN-4218,Kangra Sector-14 Relief Center,Kangra,Himachal Pradesh,earthquake,32.08205,76.16049,800,559,0.197,8.44,1,27.1,142.5,250.0,2.5,80.6,99.79,CRITICAL_DEFICIT,0
SH-DAR-4219,Darbhanga Sector-8 Relief Center,Darbhanga,Bihar,flood,26.08332,85.79398,2000,847,0.376,0.05,0,7.6,1579.6,3828.0,45.2,863.1,94.34,CRITICAL_DEFICIT,0
SH-DHU-4220,Dhubri Sector-14 Relief Center,Dhubri,Assam,flood,26.47176,89.82931,500,443,0.339,3.22,1,55.3,117.2,321.3,1.7,91.2,99.79,CRITICAL_DEFICIT,0
SH-DAR-4221,Darbhanga Sector-5 Relief Center,Darbhanga,Bihar,flood,26.21137,85.88164,800,388,0.253,5.51,0,0.0,2559.8,7048.0,63.7,1692.9,27.1,BALANCED,2
SH-BAL-4222,Balasore Sector-19 Relief Center,Balasore,Odisha,cyclone,21.67737,87.22,150,181,0.291,2.14,1,25.0,155.5,264.9,3.3,143.8,93.04,CRITICAL_DEFICIT,0
SH-PUR-4223,Puri Sector-6 Relief Center,Puri,Odisha,cyclone,20.06473,86.55548,500,342,0.461,3.66,1,49.5,644.7,1879.8,19.0,607.7,82.9,CRITICAL_DEFICIT,0
SH-CHA-4224,Chamoli Sector-16 Relief Center,Chamoli,Uttarakhand,earthquake,30.58399,79.26437,300,202,0.476,0.38,1,29.2,681.7,1253.0,20.4,656.1,72.21,CRITICAL_DEFICIT,0
SH-UTT-4225,Uttarkashi Sector-3 Relief Center,Uttarkashi,Uttarakhand,earthquake,30.69082,78.63319,300,123,0.238,0.19,1,14.4,719.0,1662.7,11.7,491.1,25.68,BALANCED,2
SH-DAR-4226,Darbhanga Sector-12 Relief Center,Darbhanga,Bihar,flood,25.68217,86.11296,150,157,0.148,2.53,1,9.8,151.1,377.8,2.4,128.3,89.92,CRITICAL_DEFICIT,0
SH-PUR-4227,Puri Sector-10 Relief Center,Puri,Odisha,cyclone,19.20282,85.19124,300,385,0.161,2.12,1,19.2,578.0,1276.7,11.2,566.1,85.88,CRITICAL_DEFICIT,0
SH-UTT-4228,Uttarkashi Sector-11 Relief Center,Uttarkashi,Uttarakhand,earthquake,30.34902,78.67947,300,286,0.05,1.32,1,13.6,95.0,214.0,0.9,55.4,94.29,CRITICAL_DEFICIT,0
SH-VIS-4229,Visakhapatnam Sector-13 Relief Center,Visakhapatnam,Andhra Pradesh,cyclone,17.78042,83.1747,150,119,0.501,0.23,1,51.8,1316.9,3896.6,40.1,575.8,15.6,SURPLUS,3
SH-IDU-4230,Idukki Sector-2 Relief Center,Idukki,Kerala,flood,10.1882,76.75125,800,307,0.609,0.34,1,55.2,287.3,564.8,7.1,237.9,100.0,CRITICAL_DEFICIT,0
SH-KUT-4231,Kutch Sector-4 Relief Center,Kutch,Gujarat,earthquake,23.75419,69.92856,150,41,0.251,0.83,0,16.8,10.5,17.9,0.2,7.0,100.0,CRITICAL_DEFICIT,0
SH-IDU-4232,Idukki Sector-17 Relief Center,Idukki,Kerala,flood,9.56382,77.53175,1200,516,0.31,0.5,1,16.9,3494.8,6715.5,87.4,1342.1,30.16,BALANCED,2
SH-KUT-4233,Kutch Sector-16 Relief Center,Kutch,Gujarat,earthquake,23.70052,69.81111,150,91,0.314,2.17,0,1.7,28.8,70.3,0.4,11.3,100.0,CRITICAL_DEFICIT,0
SH-KAT-4234,Katihar Sector-4 Relief Center,Katihar,Bihar,flood,25.50322,87.7735,300,181,0.139,9.16,0,27.3,189.0,448.5,3.1,110.7,100.0,CRITICAL_DEFICIT,0
SH-KUT-4235,Kutch Sector-10 Relief Center,Kutch,Gujarat,earthquake,23.92348,69.70839,800,363,0.184,0.61,1,24.4,2148.7,4322.2,23.8,1420.6,34.56,BALANCED,2
SH-KAZ-4236,Kaziranga Sector-18 Relief Center,Kaziranga,Assam,flood,26.84644,93.18907,300,295,0.216,7.29,0,66.5,256.1,644.6,3.3,168.6,100.0,CRITICAL_DEFICIT,0
SH-KAT-4237,Katihar Sector-10 Relief Center,Katihar,Bihar,flood,25.66916,87.22401,300,95,0.609,0.44,1,10.2,406.7,699.6,11.2,296.7,69.1,DEFICIT,1
SH-PUR-4238,Puri Sector-11 Relief Center,Puri,Odisha,cyclone,19.68079,86.0868,150,110,0.511,15.4,0,53.5,339.5,978.6,10.1,144.5,82.93,CRITICAL_DEFICIT,0
SH-KUT-4239,Kutch Sector-15 Relief Center,Kutch,Gujarat,earthquake,23.81276,69.76496,300,170,0.127,4.92,0,5.0,45.3,103.3,0.9,28.6,100.0,CRITICAL_DEFICIT,0
SH-WAY-4240,Wayanad Sector-10 Relief Center,Wayanad,Kerala,flood,11.41095,75.82597,2000,2226,0.187,5.97,0,34.5,1890.1,4381.5,37.6,1216.7,100.0,CRITICAL_DEFICIT,0
SH-IDU-4241,Idukki Sector-6 Relief Center,Idukki,Kerala,flood,9.99423,77.04347,300,305,0.28,0.76,1,23.4,1369.4,3738.5,29.0,1096.5,44.82,DEFICIT,1
SH-IDU-4242,Idukki Sector-8 Relief Center,Idukki,Kerala,flood,9.82593,76.74313,150,123,0.05,0.92,1,7.1,380.4,995.4,6.0,138.3,60.2,DEFICIT,1
SH-CHA-4243,Chamoli Sector-14 Relief Center,Chamoli,Uttarakhand,earthquake,30.72893,79.30127,300,314,0.094,4.16,0,12.5,241.2,487.9,3.8,209.2,100.0,CRITICAL_DEFICIT,0
SH-IDU-4244,Idukki Sector-12 Relief Center,Idukki,Kerala,flood,9.54091,76.9174,500,179,0.253,0.97,1,17.2,185.2,493.4,4.0,176.2,87.99,CRITICAL_DEFICIT,0
SH-CHA-4245,Chamoli Sector-19 Relief Center,Chamoli,Uttarakhand,earthquake,30.80031,79.21356,500,367,0.229,1.35,0,26.9,107.7,264.5,2.2,99.4,100.0,CRITICAL_DEFICIT,0
SH-BAL-4246,Balasore Sector-7 Relief Center,Balasore,Odisha,cyclone,21.20313,86.89677,150,100,0.31,3.59,0,33.6,33.9,60.6,0.7,22.7,100.0,CRITICAL_DEFICIT,0
SH-KAZ-4247,Kaziranga Sector-3 Relief Center,Kaziranga,Assam,flood,26.62547,92.90306,800,819,0.354,5.91,1,10.5,731.9,1939.4,20.6,523.0,89.49,CRITICAL_DEFICIT,0
SH-WAY-4248,Wayanad Sector-9 Relief Center,Wayanad,Kerala,flood,11.92684,76.125,300,25,0.15,0.85,0,0.0,19.3,34.0,0.4,13.8,100.0,CRITICAL_DEFICIT,0
SH-KUT-4249,Kutch Sector-1 Relief Center,Kutch,Gujarat,earthquake,23.73542,69.56132,300,196,0.207,6.7,0,35.9,302.9,713.6,6.0,138.3,94.27,CRITICAL_DEFICIT,0
SH-KAT-4250,Katihar Sector-7 Relief Center,Katihar,Bihar,flood,25.49131,87.58062,300,69,0.409,2.43,1,18.4,53.3,140.1,1.0,33.0,92.28,CRITICAL_DEFICIT,0
SH-PUR-4251,Puri Sector-5 Relief Center,Puri,Odisha,cyclone,20.00003,86.0051,1200,1332,0.31,7.81,1,10.6,1360.9,3257.4,26.9,801.2,94.09,CRITICAL_DEFICIT,0
SH-KAT-4252,Katihar Sector-3 Relief Center,Katihar,Bihar,flood,25.63929,87.88402,300,144,0.254,4.37,1,22.8,617.5,1413.1,7.2,412.9,50.14,DEFICIT,1
SH-KAN-4253,Kangra Sector-4 Relief Center,Kangra,Himachal Pradesh,earthquake,32.42463,75.88641,800,822,0.455,0.04,1,13.9,1703.5,5158.9,41.5,1610.5,77.99,CRITICAL_DEFICIT,0
SH-KUT-4254,Kutch Sector-14 Relief Center,Kutch,Gujarat,earthquake,23.89539,69.9241,500,555,0.346,9.24,0,21.1,167.2,397.1,3.8,74.1,100.0,CRITICAL_DEFICIT,0
SH-CHA-4255,Chamoli Sector-15 Relief Center,Chamoli,Uttarakhand,earthquake,30.30053,79.68279,300,106,0.65,0.14,1,13.5,33.3,76.9,1.0,20.9,100.0,CRITICAL_DEFICIT,0
SH-KUT-4256,Kutch Sector-2 Relief Center,Kutch,Gujarat,earthquake,23.79666,69.69023,300,182,0.324,3.31,0,31.6,367.8,681.2,7.5,239.8,98.1,CRITICAL_DEFICIT,0
SH-KUT-4257,Kutch Sector-6 Relief Center,Kutch,Gujarat,earthquake,23.49687,69.92173,800,490,0.205,0.72,1,40.2,3758.2,10140.5,52.1,2695.8,4.45,SURPLUS,3
SH-KUT-4258,Kutch Sector-14 Relief Center,Kutch,Gujarat,earthquake,23.58407,69.57853,300,185,0.424,5.0,1,20.9,665.6,1971.0,8.7,562.8,56.48,DEFICIT,1
SH-DHU-4259,Dhubri Sector-15 Relief Center,Dhubri,Assam,flood,26.11858,90.08215,150,177,0.47,1.53,1,26.7,642.5,1484.7,14.3,553.3,55.39,DEFICIT,1
SH-KAZ-4260,Kaziranga Sector-15 Relief Center,Kaziranga,Assam,flood,27.03338,93.06124,300,228,0.095,0.46,1,7.6,58.8,140.8,1.0,33.7,97.5,CRITICAL_DEFICIT,0
SH-WAY-4261,Wayanad Sector-7 Relief Center,Wayanad,Kerala,flood,11.7031,76.69304,300,93,0.369,0.02,0,33.3,163.0,271.4,2.5,75.5,100.0,CRITICAL_DEFICIT,0
SH-BAL-4262,Balasore Sector-17 Relief Center,Balasore,Odisha,cyclone,21.65705,87.3845,150,66,0.454,5.56,0,29.3,66.8,175.5,2.0,49.9,100.0,CRITICAL_DEFICIT,0
SH-KAT-4263,Katihar Sector-4 Relief Center,Katihar,Bihar,flood,25.6507,87.5884,800,566,0.05,0.75,1,9.1,4418.2,9924.6,81.5,2553.9,0.33,SURPLUS,3
SH-DAR-4264,Darbhanga Sector-4 Relief Center,Darbhanga,Bihar,flood,25.95294,85.82799,300,337,0.289,2.14,1,63.3,572.5,959.3,9.0,362.9,89.8,CRITICAL_DEFICIT,0
SH-KUT-4265,Kutch Sector-5 Relief Center,Kutch,Gujarat,earthquake,23.49273,69.66274,150,28,0.202,4.49,0,31.3,222.9,374.3,4.3,82.7,44.4,DEFICIT,1
SH-KUT-4266,Kutch Sector-18 Relief Center,Kutch,Gujarat,earthquake,24.12884,69.97041,300,146,0.106,0.07,1,57.7,39.0,80.8,0.7,36.9,100.0,CRITICAL_DEFICIT,0
SH-IDU-4267,Idukki Sector-4 Relief Center,Idukki,Kerala,flood,9.47005,77.1216,800,184,0.352,8.97,1,53.7,335.3,955.4,8.4,175.9,72.95,CRITICAL_DEFICIT,0
SH-VIS-4268,Visakhapatnam Sector-9 Relief Center,Visakhapatnam,Andhra Pradesh,cyclone,17.79169,83.71501,500,535,0.195,1.83,1,0.0,891.4,2027.2,19.6,540.0,78.82,CRITICAL_DEFICIT,0
SH-IDU-4269,Idukki Sector-19 Relief Center,Idukki,Kerala,flood,10.02419,77.12388,300,324,0.433,2.14,1,45.7,484.5,1232.9,11.8,342.1,84.06,CRITICAL_DEFICIT,0
SH-VIS-4270,Visakhapatnam Sector-6 Relief Center,Visakhapatnam,Andhra Pradesh,cyclone,17.50014,83.00703,800,181,0.199,1.06,1,0.0,175.8,512.0,3.7,89.4,84.99,CRITICAL_DEFICIT,0
SH-UTT-4271,Uttarkashi Sector-12 Relief Center,Uttarkashi,Uttarakhand,earthquake,31.40581,78.40768,500,430,0.215,3.72,1,8.9,149.1,410.0,2.4,66.2,92.24,CRITICAL_DEFICIT,0
SH-VIS-4272,Visakhapatnam Sector-1 Relief Center,Visakhapatnam,Andhra Pradesh,cyclone,17.61026,83.22661,300,239,0.201,0.27,1,45.5,1049.0,2002.4,24.4,590.0,54.13,DEFICIT,1
SH-KUT-4273,Kutch Sector-14 Relief Center,Kutch,Gujarat,earthquake,23.52,69.68332,1200,508,0.323,0.91,1,12.2,510.5,1529.6,7.9,193.5,91.42,CRITICAL_DEFICIT,0
SH-PUR-4274,Puri Sector-17 Relief Center,Puri,Odisha,cyclone,19.58445,85.75889,300,212,0.392,0.28,1,17.2,221.2,464.1,5.0,75.2,96.34,CRITICAL_DEFICIT,0
SH-KAZ-4275,Kaziranga Sector-13 Relief Center,Kaziranga,Assam,flood,26.59244,92.94597,150,123,0.193,3.25,0,9.1,130.5,305.9,3.1,76.6,100.0,CRITICAL_DEFICIT,0
SH-KAT-4276,Katihar Sector-11 Relief Center,Katihar,Bihar,flood,25.75688,87.76991,150,82,0.365,0.03,1,51.0,20.0,37.4,0.6,13.1,100.0,CRITICAL_DEFICIT,0
SH-KAN-4277,Kangra Sector-11 Relief Center,Kangra,Himachal Pradesh,earthquake,32.06027,76.715,150,40,0.493,2.1,1,32.0,82.2,158.4,2.5,70.2,85.29,CRITICAL_DEFICIT,0
SH-SOU-4278,South 24 Parganas Sector-11 Relief Center,South 24 Parganas,West Bengal,cyclone,21.98112,88.28662,500,340,0.333,4.53,1,0.0,276.2,729.1,4.1,98.3,95.91,CRITICAL_DEFICIT,0
SH-BAL-4279,Balasore Sector-16 Relief Center,Balasore,Odisha,cyclone,21.18188,86.85805,300,252,0.378,3.95,0,37.7,185.8,427.5,2.8,179.5,100.0,CRITICAL_DEFICIT,0
SH-KAN-4280,Kangra Sector-10 Relief Center,Kangra,Himachal Pradesh,earthquake,31.96765,75.89675,300,346,0.274,8.75,0,17.3,2785.8,6174.5,39.6,2668.8,17.35,SURPLUS,3
SH-IDU-4281,Idukki Sector-8 Relief Center,Idukki,Kerala,flood,9.93544,77.13406,1200,1092,0.217,3.69,1,34.9,1105.1,3183.3,12.8,1074.2,90.04,CRITICAL_DEFICIT,0
SH-KAT-4282,Katihar Sector-7 Relief Center,Katihar,Bihar,flood,25.68025,87.68427,150,53,0.454,1.61,1,19.1,86.9,152.9,1.7,64.4,85.72,CRITICAL_DEFICIT,0
SH-BAL-4283,Balasore Sector-7 Relief Center,Balasore,Odisha,cyclone,21.5189,86.97334,300,178,0.062,0.67,1,47.1,1426.9,2731.9,16.8,850.8,15.88,BALANCED,2
SH-DHU-4284,Dhubri Sector-13 Relief Center,Dhubri,Assam,flood,25.88359,89.88226,300,349,0.41,1.59,0,28.4,2509.6,4831.5,56.6,2101.4,43.06,DEFICIT,1
SH-SOU-4285,South 24 Parganas Sector-1 Relief Center,South 24 Parganas,West Bengal,cyclone,21.80878,88.30762,500,255,0.65,5.25,0,28.3,488.7,824.0,10.9,330.4,100.0,CRITICAL_DEFICIT,0
SH-CHA-4286,Chamoli Sector-19 Relief Center,Chamoli,Uttarakhand,earthquake,30.52331,79.56056,500,345,0.064,0.5,1,30.4,549.6,1403.7,8.7,378.6,85.22,CRITICAL_DEFICIT,0
SH-WAY-4287,Wayanad Sector-7 Relief Center,Wayanad,Kerala,flood,11.77286,75.8458,150,123,0.302,6.85,0,31.4,101.8,284.2,1.4,46.7,100.0,CRITICAL_DEFICIT,0
SH-VIS-4288,Visakhapatnam Sector-2 Relief Center,Visakhapatnam,Andhra Pradesh,cyclone,17.63265,83.60195,150,116,0.372,1.46,1,12.4,824.0,1349.1,23.1,529.0,42.75,DEFICIT,1
SH-KUT-4289,Kutch Sector-19 Relief Center,Kutch,Gujarat,earthquake,23.79427,70.41377,150,57,0.176,0.22,1,0.0,351.8,895.2,6.1,205.3,21.88,BALANCED,2
SH-KAN-4290,Kangra Sector-15 Relief Center,Kangra,Himachal Pradesh,earthquake,32.01465,76.75409,150,146,0.188,2.23,1,5.1,50.9,114.6,0.7,28.2,97.8,CRITICAL_DEFICIT,0
SH-KUT-4291,Kutch Sector-7 Relief Center,Kutch,Gujarat,earthquake,23.74722,69.88701,300,82,0.108,0.12,1,33.7,129.3,248.8,1.3,73.8,84.36,CRITICAL_DEFICIT,0
SH-KAT-4292,Katihar Sector-6 Relief Center,Katihar,Bihar,flood,25.3065,87.66001,300,284,0.129,1.0,1,21.8,1963.2,5228.4,40.2,1674.0,9.75,BALANCED,2
SH-SOU-4293,South 24 Parganas Sector-6 Relief Center,South 24 Parganas,West Bengal,cyclone,22.26313,87.90696,150,64,0.099,3.06,0,13.7,112.0,335.7,1.5,74.4,96.85,CRITICAL_DEFICIT,0
SH-UTT-4294,Uttarkashi Sector-8 Relief Center,Uttarkashi,Uttarakhand,earthquake,30.66572,78.315,150,90,0.644,0.4,1,37.6,90.7,210.9,3.0,64.1,93.79,CRITICAL_DEFICIT,0
SH-UTT-4295,Uttarkashi Sector-13 Relief Center,Uttarkashi,Uttarakhand,earthquake,30.85657,77.99758,300,242,0.634,2.3,1,0.0,1663.8,4554.4,53.5,1368.7,18.33,BALANCED,2
SH-SOU-4296,South 24 Parganas Sector-14 Relief Center,South 24 Parganas,West Bengal,cyclone,22.24787,88.45895,300,120,0.255,0.18,1,28.5,200.4,498.7,3.1,85.8,81.97,CRITICAL_DEFICIT,0
SH-KAZ-4297,Kaziranga Sector-15 Relief Center,Kaziranga,Assam,flood,27.03373,93.15098,500,436,0.285,0.35,0,35.4,807.9,2015.3,17.6,395.1,96.82,CRITICAL_DEFICIT,0
SH-WAY-4298,Wayanad Sector-7 Relief Center,Wayanad,Kerala,flood,11.8288,76.21952,800,541,0.121,0.58,1,56.2,395.7,695.8,5.1,190.0,96.76,CRITICAL_DEFICIT,0
SH-KAZ-4299,Kaziranga Sector-11 Relief Center,Kaziranga,Assam,flood,26.45577,93.09431,150,63,0.41,1.98,1,12.8,131.4,245.0,3.0,116.0,83.57,CRITICAL_DEFICIT,0
SH-CHA-4300,Chamoli Sector-18 Relief Center,Chamoli,Uttarakhand,earthquake,30.33089,79.58326,150,58,0.142,1.69,1,16.6,211.2,620.0,4.5,176.4,53.86,DEFICIT,1
SH-CHA-4301,Chamoli Sector-2 Relief Center,Chamoli,Uttarakhand,earthquake,30.32999,79.33627,1200,444,0.233,0.97,1,51.7,3071.1,7779.7,52.0,1143.8,12.01,BALANCED,2
SH-UTT-4302,Uttarkashi Sector-6 Relief Center,Uttarkashi,Uttarakhand,earthquake,30.94043,78.5324,300,131,0.05,0.48,1,3.3,973.3,1912.3,12.1,604.0,15.47,BALANCED,2
SH-KUT-4303,Kutch Sector-16 Relief Center,Kutch,Gujarat,earthquake,23.64138,69.31852,800,677,0.257,0.08,1,41.8,1284.5,2371.5,15.4,515.4,84.62,CRITICAL_DEFICIT,0
SH-IDU-4304,Idukki Sector-7 Relief Center,Idukki,Kerala,flood,9.4497,76.79624,300,67,0.077,1.19,0,13.5,265.2,445.7,3.0,106.2,80.5,CRITICAL_DEFICIT,0
SH-PUR-4305,Puri Sector-7 Relief Center,Puri,Odisha,cyclone,19.7907,86.39454,300,110,0.372,2.26,0,6.3,462.7,1037.0,6.5,384.6,62.13,DEFICIT,1
SH-IDU-4306,Idukki Sector-3 Relief Center,Idukki,Kerala,flood,9.59453,77.10233,500,452,0.134,3.47,1,34.6,402.0,1080.2,4.1,321.7,88.98,CRITICAL_DEFICIT,0
SH-KUT-4307,Kutch Sector-17 Relief Center,Kutch,Gujarat,earthquake,24.09786,69.95396,300,90,0.141,0.31,1,23.1,134.4,255.5,3.0,132.9,82.49,CRITICAL_DEFICIT,0
SH-PUR-4308,Puri Sector-16 Relief Center,Puri,Odisha,cyclone,19.73527,85.74199,300,286,0.167,6.04,0,55.7,303.6,524.3,6.6,154.1,100.0,CRITICAL_DEFICIT,0
SH-KUT-4309,Kutch Sector-17 Relief Center,Kutch,Gujarat,earthquake,23.59696,69.55182,150,116,0.297,1.47,0,13.1,114.6,258.9,2.5,96.2,100.0,CRITICAL_DEFICIT,0
SH-VIS-4310,Visakhapatnam Sector-11 Relief Center,Visakhapatnam,Andhra Pradesh,cyclone,17.68606,83.31108,300,140,0.37,0.23,1,12.7,249.7,464.7,3.7,152.1,80.93,CRITICAL_DEFICIT,0
SH-KAT-4311,Katihar Sector-8 Relief Center,Katihar,Bihar,flood,25.91544,87.58015,300,102,0.283,0.81,1,11.4,412.2,1233.2,6.9,390.9,53.18,DEFICIT,1
SH-SOU-4312,South 24 Parganas Sector-10 Relief Center,South 24 Parganas,West Bengal,cyclone,21.89276,88.24743,150,55,0.28,1.39,1,3.1,47.4,85.9,0.7,44.5,91.73,CRITICAL_DEFICIT,0
SH-KUT-4313,Kutch Sector-7 Relief Center,Kutch,Gujarat,earthquake,23.9127,69.88597,150,106,0.19,0.26,1,18.3,416.3,955.4,4.6,350.5,49.13,DEFICIT,1
SH-DAR-4314,Darbhanga Sector-10 Relief Center,Darbhanga,Bihar,flood,26.19607,85.95098,300,189,0.246,0.99,0,28.7,1669.2,4623.4,41.4,790.4,17.53,SURPLUS,3
SH-CHA-4315,Chamoli Sector-4 Relief Center,Chamoli,Uttarakhand,earthquake,30.12887,79.39696,300,235,0.159,1.47,0,48.3,1710.6,3065.3,21.5,1514.5,42.7,DEFICIT,1
SH-VIS-4316,Visakhapatnam Sector-3 Relief Center,Visakhapatnam,Andhra Pradesh,cyclone,17.62407,83.30555,150,103,0.515,1.05,1,37.7,174.6,343.5,4.2,109.6,86.95,CRITICAL_DEFICIT,0
SH-KAT-4317,Katihar Sector-6 Relief Center,Katihar,Bihar,flood,25.5729,87.39978,150,150,0.212,2.57,1,45.1,253.0,489.0,5.3,151.7,85.23,CRITICAL_DEFICIT,0
SH-KAT-4318,Katihar Sector-6 Relief Center,Katihar,Bihar,flood,25.44451,87.23669,500,441,0.407,0.5,1,50.9,1692.4,2861.8,39.0,1014.7,68.82,DEFICIT,1
SH-CHA-4319,Chamoli Sector-18 Relief Center,Chamoli,Uttarakhand,earthquake,30.79058,78.75062,300,184,0.56,2.25,0,21.5,344.2,823.5,7.4,180.7,94.22,CRITICAL_DEFICIT,0
SH-DHU-4320,Dhubri Sector-14 Relief Center,Dhubri,Assam,flood,26.00294,89.9834,1200,902,0.131,1.4,0,58.9,1770.7,3162.2,38.3,1312.4,95.91,CRITICAL_DEFICIT,0
SH-DAR-4321,Darbhanga Sector-3 Relief Center,Darbhanga,Bihar,flood,26.3471,85.6754,150,32,0.495,7.76,1,65.0,106.2,236.1,2.9,41.6,63.9,DEFICIT,1
SH-VIS-4322,Visakhapatnam Sector-5 Relief Center,Visakhapatnam,Andhra Pradesh,cyclone,17.6945,83.09848,300,67,0.221,2.6,0,23.0,101.1,293.0,2.4,93.3,99.0,CRITICAL_DEFICIT,0
SH-KAZ-4323,Kaziranga Sector-10 Relief Center,Kaziranga,Assam,flood,27.05747,93.09288,500,64,0.16,0.71,0,28.7,653.5,1636.1,8.4,421.1,15.45,SURPLUS,3
SH-WAY-4324,Wayanad Sector-1 Relief Center,Wayanad,Kerala,flood,11.39675,75.67382,300,180,0.05,6.61,1,0.0,1432.6,4149.1,12.5,642.5,0.0,SURPLUS,3
SH-UTT-4325,Uttarkashi Sector-12 Relief Center,Uttarkashi,Uttarakhand,earthquake,30.55656,78.24978,500,116,0.289,0.26,1,0.0,813.4,2288.7,16.4,394.4,7.68,BALANCED,2
SH-KAZ-4326,Kaziranga Sector-16 Relief Center,Kaziranga,Assam,flood,26.20676,93.2973,500,462,0.589,1.47,1,0.0,699.1,1945.7,15.0,374.8,85.52,CRITICAL_DEFICIT,0
SH-DAR-4327,Darbhanga Sector-18 Relief Center,Darbhanga,Bihar,flood,26.23985,86.23281,300,65,0.648,0.48,1,24.6,115.5,196.6,3.5,82.0,91.84,CRITICAL_DEFICIT,0
SH-VIS-4328,Visakhapatnam Sector-11 Relief Center,Visakhapatnam,Andhra Pradesh,cyclone,17.29282,83.2533,800,775,0.621,3.51,1,42.1,729.3,1805.0,15.2,615.4,92.61,CRITICAL_DEFICIT,0
SH-VIS-4329,Visakhapatnam Sector-1 Relief Center,Visakhapatnam,Andhra Pradesh,cyclone,17.57937,83.29356,150,42,0.176,5.3,1,17.7,159.2,470.7,3.3,95.6,51.84,DEFICIT,1
SH-IDU-4330,Idukki Sector-13 Relief Center,Idukki,Kerala,flood,10.2033,76.48977,800,56,0.235,0.3,0,0.0,116.0,198.4,1.6,82.2,97.63,CRITICAL_DEFICIT,0
SH-KUT-4331,Kutch Sector-17 Relief Center,Kutch,Gujarat,earthquake,23.82342,69.46181,800,774,0.469,4.36,1,13.5,2813.4,8250.5,48.6,1063.7,57.98,DEFICIT,1
SH-IDU-4332,Idukki Sector-18 Relief Center,Idukki,Kerala,flood,10.01056,76.62342,800,422,0.503,1.15,1,14.3,331.7,751.9,9.2,307.7,92.45,CRITICAL_DEFICIT,0
SH-DHU-4333,Dhubri Sector-13 Relief Center,Dhubri,Assam,flood,26.39902,89.71902,300,239,0.501,10.35,1,23.5,226.4,543.1,5.5,225.6,91.41,CRITICAL_DEFICIT,0
SH-KAT-4334,Katihar Sector-7 Relief Center,Katihar,Bihar,flood,25.1131,87.65536,500,604,0.072,1.32,1,29.0,3473.3,9567.3,46.8,2119.1,22.11,BALANCED,2
SH-IDU-4335,Idukki Sector-15 Relief Center,Idukki,Kerala,flood,9.75627,77.08214,500,218,0.199,0.95,0,18.0,2700.1,6407.6,35.5,2353.8,16.47,SURPLUS,3
SH-WAY-4336,Wayanad Sector-17 Relief Center,Wayanad,Kerala,flood,11.78582,75.55896,1200,308,0.424,1.33,1,29.5,264.5,615.1,5.7,250.1,97.32,CRITICAL_DEFICIT,0
SH-BAL-4337,Balasore Sector-11 Relief Center,Balasore,Odisha,cyclone,21.49984,87.24346,150,51,0.17,5.73,0,19.7,52.6,95.0,0.8,42.2,100.0,CRITICAL_DEFICIT,0
SH-BAL-4338,Balasore Sector-5 Relief Center,Balasore,Odisha,cyclone,21.57697,86.88759,500,402,0.179,4.3,0,49.1,581.2,1313.8,6.2,383.0,100.0,CRITICAL_DEFICIT,0
SH-DHU-4339,Dhubri Sector-14 Relief Center,Dhubri,Assam,flood,26.40202,89.79733,500,259,0.056,0.55,1,0.0,416.2,1085.4,6.7,331.0,83.69,CRITICAL_DEFICIT,0
SH-SOU-4340,South 24 Parganas Sector-1 Relief Center,South 24 Parganas,West Bengal,cyclone,21.87461,88.59161,300,378,0.186,1.39,1,42.6,735.4,1249.4,7.6,626.5,84.33,CRITICAL_DEFICIT,0
SH-VIS-4341,Visakhapatnam Sector-6 Relief Center,Visakhapatnam,Andhra Pradesh,cyclone,17.7837,83.36541,300,252,0.292,1.59,0,8.3,1517.6,3471.7,18.9,1141.9,44.14,DEFICIT,1
SH-CHA-4342,Chamoli Sector-14 Relief Center,Chamoli,Uttarakhand,earthquake,30.05795,79.33305,300,191,0.534,2.71,1,26.3,153.1,397.2,4.3,59.9,96.32,CRITICAL_DEFICIT,0
SH-KAN-4343,Kangra Sector-6 Relief Center,Kangra,Himachal Pradesh,earthquake,31.86813,76.35615,800,505,0.175,2.7,1,0.0,4601.4,11804.5,56.6,3197.7,0.3,SURPLUS,3
SH-IDU-4344,Idukki Sector-15 Relief Center,Idukki,Kerala,flood,10.06661,76.64216,300,131,0.402,0.44,1,21.0,743.1,1359.4,11.0,517.7,43.89,DEFICIT,1
SH-KUT-4345,Kutch Sector-9 Relief Center,Kutch,Gujarat,earthquake,23.9067,70.02871,500,575,0.1,5.48,0,16.9,194.1,498.0,3.0,153.6,100.0,CRITICAL_DEFICIT,0
SH-BAL-4346,Balasore Sector-5 Relief Center,Balasore,Odisha,cyclone,21.77928,86.93097,300,170,0.2,4.8,0,41.1,573.9,1313.0,11.3,505.3,73.6,CRITICAL_DEFICIT,0
SH-WAY-4347,Wayanad Sector-9 Relief Center,Wayanad,Kerala,flood,12.3448,76.68583,150,147,0.299,0.37,1,38.9,1010.1,2055.4,20.8,756.2,25.13,BALANCED,2
SH-KUT-4348,Kutch Sector-15 Relief Center,Kutch,Gujarat,earthquake,23.58251,69.71844,300,144,0.165,2.13,1,3.6,250.0,552.5,4.7,88.6,77.57,CRITICAL_DEFICIT,0
SH-WAY-4349,Wayanad Sector-15 Relief Center,Wayanad,Kerala,flood,11.71805,76.16171,500,50,0.204,0.38,1,19.2,84.1,229.3,1.0,83.0,78.93,CRITICAL_DEFICIT,0
SH-UTT-4350,Uttarkashi Sector-14 Relief Center,Uttarkashi,Uttarakhand,earthquake,30.70181,78.20592,150,98,0.059,2.53,0,47.9,301.6,792.9,3.2,201.2,77.31,CRITICAL_DEFICIT,0
SH-KAT-4351,Katihar Sector-18 Relief Center,Katihar,Bihar,flood,25.60718,87.37067,150,20,0.223,3.22,1,37.2,14.7,26.8,0.3,11.5,100.0,CRITICAL_DEFICIT,0
SH-UTT-4352,Uttarkashi Sector-14 Relief Center,Uttarkashi,Uttarakhand,earthquake,30.78135,78.59844,150,67,0.403,7.02,1,11.4,17.9,29.4,0.4,10.4,100.0,CRITICAL_DEFICIT,0
SH-DHU-4353,Dhubri Sector-5 Relief Center,Dhubri,Assam,flood,26.2506,90.03495,800,138,0.596,0.02,0,36.0,141.7,412.9,2.2,95.1,100.0,CRITICAL_DEFICIT,0
SH-KAZ-4354,Kaziranga Sector-2 Relief Center,Kaziranga,Assam,flood,26.5887,93.03608,800,369,0.294,3.99,1,10.7,562.5,1603.1,13.4,300.8,82.56,CRITICAL_DEFICIT,0
SH-KAZ-4355,Kaziranga Sector-15 Relief Center,Kaziranga,Assam,flood,26.14669,93.58354,150,58,0.344,14.27,0,0.0,51.7,137.6,0.8,46.4,100.0,CRITICAL_DEFICIT,0
SH-KAT-4356,Katihar Sector-2 Relief Center,Katihar,Bihar,flood,25.30506,87.72298,300,332,0.111,2.26,0,8.5,308.4,555.2,5.5,119.1,100.0,CRITICAL_DEFICIT,0
SH-DAR-4357,Darbhanga Sector-5 Relief Center,Darbhanga,Bihar,flood,25.92994,85.68149,800,532,0.281,0.19,1,41.6,182.0,473.6,2.2,109.7,95.06,CRITICAL_DEFICIT,0
SH-VIS-4358,Visakhapatnam Sector-6 Relief Center,Visakhapatnam,Andhra Pradesh,cyclone,17.61046,82.83391,500,199,0.333,6.72,1,9.4,601.4,1168.0,8.0,502.2,73.38,CRITICAL_DEFICIT,0
SH-KAN-4359,Kangra Sector-19 Relief Center,Kangra,Himachal Pradesh,earthquake,32.09222,76.21198,500,542,0.079,3.14,0,50.4,3148.6,6877.1,34.7,2196.4,51.76,DEFICIT,1
SH-VIS-4360,Visakhapatnam Sector-10 Relief Center,Visakhapatnam,Andhra Pradesh,cyclone,17.61368,83.21011,500,235,0.242,8.15,1,34.9,430.9,1109.0,5.9,357.9,78.24,CRITICAL_DEFICIT,0
SH-BAL-4361,Balasore Sector-11 Relief Center,Balasore,Odisha,cyclone,21.66843,86.5213,150,89,0.211,2.41,1,36.3,344.0,901.3,7.1,162.6,48.37,DEFICIT,1
SH-DHU-4362,Dhubri Sector-1 Relief Center,Dhubri,Assam,flood,26.5443,90.22645,300,90,0.65,3.51,0,2.8,74.8,196.9,2.0,42.5,100.0,CRITICAL_DEFICIT,0
SH-DAR-4363,Darbhanga Sector-7 Relief Center,Darbhanga,Bihar,flood,25.67036,85.62171,2000,1286,0.063,0.94,0,39.9,1133.0,2843.9,18.6,730.8,100.0,CRITICAL_DEFICIT,0
SH-PUR-4364,Puri Sector-14 Relief Center,Puri,Odisha,cyclone,19.75668,86.10758,1200,1025,0.23,4.95,1,13.0,1012.8,2264.1,25.2,906.7,94.35,CRITICAL_DEFICIT,0
SH-CHA-4365,Chamoli Sector-9 Relief Center,Chamoli,Uttarakhand,earthquake,30.60156,79.14032,300,283,0.095,1.2,1,26.8,2032.5,4637.7,41.1,1241.8,12.39,BALANCED,2
SH-DHU-4366,Dhubri Sector-18 Relief Center,Dhubri,Assam,flood,26.03716,90.03996,150,162,0.112,1.0,1,17.7,253.7,589.4,4.8,147.8,80.06,CRITICAL_DEFICIT,0
SH-KAN-4367,Kangra Sector-14 Relief Center,Kangra,Himachal Pradesh,earthquake,31.54938,76.5448,150,64,0.255,1.22,1,0.0,116.6,227.1,1.5,53.3,78.22,CRITICAL_DEFICIT,0
SH-BAL-4368,Balasore Sector-4 Relief Center,Balasore,Odisha,cyclone,21.83264,87.03363,150,150,0.536,1.68,0,0.0,1412.5,3103.4,41.5,958.5,21.5,SURPLUS,3
SH-KAN-4369,Kangra Sector-4 Relief Center,Kangra,Himachal Pradesh,earthquake,32.70931,76.20273,300,114,0.279,1.81,1,0.0,111.3,324.0,2.4,98.6,91.74,CRITICAL_DEFICIT,0
SH-UTT-4370,Uttarkashi Sector-1 Relief Center,Uttarkashi,Uttarakhand,earthquake,30.615,78.83787,300,266,0.055,2.25,1,28.8,249.8,725.5,4.6,188.0,86.49,CRITICAL_DEFICIT,0
SH-DAR-4371,Darbhanga Sector-12 Relief Center,Darbhanga,Bihar,flood,26.33024,85.93775,300,193,0.125,1.07,1,19.7,388.4,868.1,5.6,301.9,79.24,CRITICAL_DEFICIT,0
SH-DHU-4372,Dhubri Sector-19 Relief Center,Dhubri,Assam,flood,26.23832,89.94468,150,20,0.05,10.43,1,38.7,109.5,185.5,1.7,46.0,44.03,DEFICIT,1
SH-VIS-4373,Visakhapatnam Sector-9 Relief Center,Visakhapatnam,Andhra Pradesh,cyclone,17.60586,83.52872,150,119,0.108,1.93,1,40.7,369.5,816.4,6.7,203.9,56.48,DEFICIT,1
SH-CHA-4374,Chamoli Sector-3 Relief Center,Chamoli,Uttarakhand,earthquake,30.6727,79.11232,300,72,0.12,2.52,0,40.6,477.5,1058.7,6.7,472.3,30.09,BALANCED,2
SH-SOU-4375,South 24 Parganas Sector-4 Relief Center,South 24 Parganas,West Bengal,cyclone,22.09227,88.40576,800,274,0.099,4.77,1,5.6,276.9,501.8,5.2,209.8,93.18,CRITICAL_DEFICIT,0
SH-CHA-4376,Chamoli Sector-2 Relief Center,Chamoli,Uttarakhand,earthquake,30.55327,79.57264,150,53,0.327,0.18,0,22.9,396.6,808.5,5.7,183.7,32.73,BALANCED,2
SH-DHU-4377,Dhubri Sector-4 Relief Center,Dhubri,Assam,flood,26.14217,89.94701,300,332,0.241,0.64,1,24.9,570.0,1031.4,9.0,353.9,83.02,CRITICAL_DEFICIT,0
SH-VIS-4378,Visakhapatnam Sector-17 Relief Center,Visakhapatnam,Andhra Pradesh,cyclone,17.54535,83.55509,500,251,0.267,0.05,0,38.7,81.2,184.8,1.1,28.3,100.0,CRITICAL_DEFICIT,0
SH-UTT-4379,Uttarkashi Sector-3 Relief Center,Uttarkashi,Uttarakhand,earthquake,30.87871,78.53174,500,519,0.322,7.32,0,27.1,149.8,414.0,3.0,59.5,100.0,CRITICAL_DEFICIT,0
SH-UTT-4380,Uttarkashi Sector-5 Relief Center,Uttarkashi,Uttarakhand,earthquake,30.83641,78.65802,300,350,0.176,6.16,0,23.1,332.5,919.6,4.9,292.3,97.73,CRITICAL_DEFICIT,0
SH-DHU-4381,Dhubri Sector-18 Relief Center,Dhubri,Assam,flood,25.74273,89.68094,150,68,0.05,2.76,1,31.9,302.0,890.4,3.3,216.9,37.35,DEFICIT,1
SH-KAN-4382,Kangra Sector-19 Relief Center,Kangra,Himachal Pradesh,earthquake,32.27212,76.22843,2000,2461,0.498,1.08,1,65.2,8449.0,22953.2,205.2,4269.8,57.16,DEFICIT,1
SH-KUT-4383,Kutch Sector-10 Relief Center,Kutch,Gujarat,earthquake,23.58878,69.94242,300,167,0.374,0.11,0,43.4,134.9,253.1,2.9,68.9,100.0,CRITICAL_DEFICIT,0
SH-KAT-4384,Katihar Sector-16 Relief Center,Katihar,Bihar,flood,25.64135,87.46119,800,797,0.052,5.2,0,41.0,1260.3,3582.9,18.0,784.6,93.55,CRITICAL_DEFICIT,0
SH-CHA-4385,Chamoli Sector-10 Relief Center,Chamoli,Uttarakhand,earthquake,30.28718,79.36569,300,269,0.181,4.25,1,17.7,570.2,1059.3,7.8,455.8,79.41,CRITICAL_DEFICIT,0
SH-PUR-4386,Puri Sector-15 Relief Center,Puri,Odisha,cyclone,19.96744,86.04046,150,100,0.223,0.85,1,24.2,765.5,1813.8,14.9,627.3,2.87,SURPLUS,3
SH-KAT-4387,Katihar Sector-18 Relief Center,Katihar,Bihar,flood,25.96948,87.9991,300,170,0.65,4.66,1,8.9,254.5,679.8,4.7,245.5,86.07,CRITICAL_DEFICIT,0
SH-KAT-4388,Katihar Sector-4 Relief Center,Katihar,Bihar,flood,25.97474,87.74597,150,172,0.418,1.98,1,60.0,169.6,376.0,2.3,152.2,93.3,CRITICAL_DEFICIT,0
SH-BAL-4389,Balasore Sector-14 Relief Center,Balasore,Odisha,cyclone,21.38573,87.1104,500,371,0.304,2.24,1,66.9,376.5,855.2,7.4,227.5,87.64,CRITICAL_DEFICIT,0
SH-KAN-4390,Kangra Sector-18 Relief Center,Kangra,Himachal Pradesh,earthquake,32.3885,76.35994,2000,1283,0.234,0.33,0,0.0,2005.4,4948.8,24.0,1485.4,98.23,CRITICAL_DEFICIT,0
SH-IDU-4391,Idukki Sector-18 Relief Center,Idukki,Kerala,flood,9.838,76.9926,500,114,0.316,3.03,0,12.4,1249.5,2237.6,21.3,1019.7,20.88,SURPLUS,3
SH-KAZ-4392,Kaziranga Sector-12 Relief Center,Kaziranga,Assam,flood,26.53857,93.22893,150,92,0.473,0.6,1,59.4,71.3,117.7,1.1,59.5,99.62,CRITICAL_DEFICIT,0
SH-KAN-4393,Kangra Sector-11 Relief Center,Kangra,Himachal Pradesh,earthquake,31.95974,76.7221,2000,1350,0.177,0.87,0,14.8,5916.2,17197.5,64.9,3516.7,57.66,DEFICIT,1
SH-IDU-4394,Idukki Sector-16 Relief Center,Idukki,Kerala,flood,10.62698,77.28963,300,278,0.491,0.79,0,5.9,2251.6,5548.8,70.3,1903.5,18.5,SURPLUS,3
SH-KAN-4395,Kangra Sector-7 Relief Center,Kangra,Himachal Pradesh,earthquake,32.29575,76.55099,300,170,0.65,3.02,0,0.0,154.0,338.0,4.6,113.2,100.0,CRITICAL_DEFICIT,0
SH-BAL-4396,Balasore Sector-1 Relief Center,Balasore,Odisha,cyclone,21.75517,86.86121,150,46,0.372,5.05,0,3.1,33.9,99.8,0.8,20.7,100.0,CRITICAL_DEFICIT,0
SH-CHA-4397,Chamoli Sector-6 Relief Center,Chamoli,Uttarakhand,earthquake,30.82268,79.43986,300,209,0.228,1.07,1,38.8,1485.2,2446.9,20.0,694.7,36.27,BALANCED,2
SH-DHU-4398,Dhubri Sector-6 Relief Center,Dhubri,Assam,flood,26.08784,89.67217,300,283,0.386,0.46,0,40.9,495.2,1046.7,8.3,334.6,91.79,CRITICAL_DEFICIT,0
SH-KAZ-4399,Kaziranga Sector-17 Relief Center,Kaziranga,Assam,flood,26.93194,92.81955,150,102,0.282,0.61,0,48.4,160.9,453.4,3.0,157.9,97.91,CRITICAL_DEFICIT,0
SH-KAN-4400,Kangra Sector-8 Relief Center,Kangra,Himachal Pradesh,earthquake,32.30982,76.50918,800,329,0.34,7.21,1,8.7,1322.7,2541.5,24.6,751.1,55.77,DEFICIT,1
SH-KUT-4401,Kutch Sector-19 Relief Center,Kutch,Gujarat,earthquake,23.76515,69.73023,800,765,0.099,0.08,0,42.4,551.9,1068.0,5.8,486.7,100.0,CRITICAL_DEFICIT,0
SH-KUT-4402,Kutch Sector-2 Relief Center,Kutch,Gujarat,earthquake,23.6376,69.89302,300,233,0.119,1.6,1,26.1,178.7,446.5,2.1,111.4,89.37,CRITICAL_DEFICIT,0
SH-KAZ-4403,Kaziranga Sector-12 Relief Center,Kaziranga,Assam,flood,26.82174,93.55744,150,158,0.448,1.93,1,12.1,897.9,2319.1,19.7,662.7,32.81,BALANCED,2
SH-WAY-4404,Wayanad Sector-14 Relief Center,Wayanad,Kerala,flood,11.75083,76.16282,300,123,0.567,1.42,1,12.4,202.9,439.8,6.0,147.9,83.48,CRITICAL_DEFICIT,0
SH-IDU-4405,Idukki Sector-9 Relief Center,Idukki,Kerala,flood,9.97803,76.98595,150,89,0.254,2.17,1,26.1,167.8,317.7,3.3,63.7,87.77,CRITICAL_DEFICIT,0
SH-KAZ-4406,Kaziranga Sector-14 Relief Center,Kaziranga,Assam,flood,26.82943,92.96099,300,77,0.05,2.27,1,21.3,80.1,209.5,1.4,72.0,88.65,CRITICAL_DEFICIT,0
SH-IDU-4407,Idukki Sector-5 Relief Center,Idukki,Kerala,flood,9.66622,77.08047,500,418,0.306,1.58,1,51.5,3233.7,6407.4,54.3,2846.0,15.72,BALANCED,2
SH-UTT-4408,Uttarkashi Sector-2 Relief Center,Uttarkashi,Uttarakhand,earthquake,30.5798,78.45797,150,176,0.133,6.78,0,0.0,319.5,672.4,5.3,141.7,91.67,CRITICAL_DEFICIT,0
SH-KAZ-4409,Kaziranga Sector-10 Relief Center,Kaziranga,Assam,flood,26.42508,93.1612,150,118,0.207,4.0,0,41.0,212.8,600.8,4.9,118.4,86.13,CRITICAL_DEFICIT,0
SH-BAL-4410,Balasore Sector-11 Relief Center,Balasore,Odisha,cyclone,21.89257,86.8492,300,239,0.369,0.24,1,33.3,79.6,181.1,1.9,55.9,100.0,CRITICAL_DEFICIT,0
SH-BAL-4411,Balasore Sector-2 Relief Center,Balasore,Odisha,cyclone,21.36733,86.98925,800,261,0.098,1.02,1,0.9,91.8,265.2,1.9,89.9,95.24,CRITICAL_DEFICIT,0
SH-KUT-4412,Kutch Sector-15 Relief Center,Kutch,Gujarat,earthquake,23.8574,69.89777,500,586,0.112,3.29,0,27.4,1016.3,2479.2,11.6,814.7,93.05,CRITICAL_DEFICIT,0
SH-PUR-4413,Puri Sector-13 Relief Center,Puri,Odisha,cyclone,19.67955,85.76187,150,33,0.282,0.27,1,34.5,106.4,256.9,1.9,42.1,55.76,DEFICIT,1
SH-UTT-4414,Uttarkashi Sector-6 Relief Center,Uttarkashi,Uttarakhand,earthquake,30.61748,77.86623,300,154,0.177,0.22,1,14.6,46.0,119.6,0.7,18.8,96.33,CRITICAL_DEFICIT,0
SH-PUR-4415,Puri Sector-10 Relief Center,Puri,Odisha,cyclone,19.96641,86.15914,500,352,0.102,0.39,1,36.7,1554.6,3172.9,18.7,1112.9,50.32,DEFICIT,1
SH-WAY-4416,Wayanad Sector-3 Relief Center,Wayanad,Kerala,flood,11.59113,76.31493,300,157,0.178,0.31,1,28.8,319.9,650.9,6.4,167.5,80.28,CRITICAL_DEFICIT,0
SH-DHU-4417,Dhubri Sector-1 Relief Center,Dhubri,Assam,flood,26.37721,89.78232,500,149,0.217,1.46,1,34.3,45.9,101.8,0.6,40.5,95.77,CRITICAL_DEFICIT,0
SH-UTT-4418,Uttarkashi Sector-10 Relief Center,Uttarkashi,Uttarakhand,earthquake,30.94171,78.46955,300,197,0.083,1.03,1,11.3,183.8,536.8,3.3,94.3,89.84,CRITICAL_DEFICIT,0
SH-PUR-4419,Puri Sector-4 Relief Center,Puri,Odisha,cyclone,19.30944,85.97965,300,50,0.117,0.47,1,32.1,222.1,408.9,2.1,219.4,49.63,DEFICIT,1
SH-PUR-4420,Puri Sector-10 Relief Center,Puri,Odisha,cyclone,20.06675,85.53303,300,70,0.408,3.69,1,14.4,425.4,975.6,7.4,331.8,28.43,BALANCED,2
SH-PUR-4421,Puri Sector-2 Relief Center,Puri,Odisha,cyclone,19.73655,85.80422,300,282,0.166,4.44,1,17.5,229.3,689.1,4.9,197.0,95.0,CRITICAL_DEFICIT,0
SH-SOU-4422,South 24 Parganas Sector-13 Relief Center,South 24 Parganas,West Bengal,cyclone,22.16492,88.61881,300,311,0.281,2.49,1,21.0,2335.5,4972.8,33.5,1495.6,9.09,BALANCED,2
SH-UTT-4423,Uttarkashi Sector-16 Relief Center,Uttarkashi,Uttarakhand,earthquake,30.8637,79.17279,300,83,0.129,7.14,0,32.8,506.4,1433.9,8.5,228.6,38.2,BALANCED,2
SH-BAL-4424,Balasore Sector-8 Relief Center,Balasore,Odisha,cyclone,21.61523,87.03111,150,129,0.493,3.41,1,41.4,213.7,605.0,5.9,209.8,81.23,CRITICAL_DEFICIT,0
SH-KAZ-4425,Kaziranga Sector-19 Relief Center,Kaziranga,Assam,flood,26.69508,93.06683,300,42,0.225,0.62,1,43.6,335.5,876.0,5.9,237.3,2.24,SURPLUS,3
SH-BAL-4426,Balasore Sector-2 Relief Center,Balasore,Odisha,cyclone,21.32257,87.13925,300,37,0.296,7.47,1,29.5,10.5,18.4,0.2,9.5,100.0,CRITICAL_DEFICIT,0
SH-KAT-4427,Katihar Sector-5 Relief Center,Katihar,Bihar,flood,25.20782,87.23504,300,140,0.098,3.81,0,37.3,268.8,556.6,3.7,131.6,93.87,CRITICAL_DEFICIT,0
SH-UTT-4428,Uttarkashi Sector-10 Relief Center,Uttarkashi,Uttarakhand,earthquake,30.45601,78.49371,150,79,0.385,0.21,1,16.2,27.9,58.4,0.4,12.2,100.0,CRITICAL_DEFICIT,0
SH-CHA-4429,Chamoli Sector-17 Relief Center,Chamoli,Uttarakhand,earthquake,30.23733,79.42183,150,129,0.451,4.85,1,7.7,95.9,275.4,1.4,95.9,99.8,CRITICAL_DEFICIT,0
SH-BAL-4430,Balasore Sector-10 Relief Center,Balasore,Odisha,cyclone,21.0232,87.06397,150,36,0.434,2.93,1,0.0,10.8,26.7,0.3,6.8,100.0,CRITICAL_DEFICIT,0
SH-DHU-4431,Dhubri Sector-1 Relief Center,Dhubri,Assam,flood,25.48256,90.15567,800,618,0.087,1.15,0,0.0,2188.5,4579.0,24.7,859.3,68.98,DEFICIT,1
SH-VIS-4432,Visakhapatnam Sector-11 Relief Center,Visakhapatnam,Andhra Pradesh,cyclone,17.63005,82.85085,300,252,0.156,0.37,0,27.5,953.2,1670.9,13.1,420.2,77.91,CRITICAL_DEFICIT,0
SH-SOU-4433,South 24 Parganas Sector-11 Relief Center,South 24 Parganas,West Bengal,cyclone,22.16707,87.91738,150,100,0.265,0.52,1,35.0,409.8,966.4,5.7,211.6,49.05,DEFICIT,1
SH-WAY-4434,Wayanad Sector-19 Relief Center,Wayanad,Kerala,flood,11.90838,76.23526,150,127,0.48,5.09,1,27.8,207.0,577.9,5.6,79.2,84.17,CRITICAL_DEFICIT,0
SH-WAY-4435,Wayanad Sector-15 Relief Center,Wayanad,Kerala,flood,11.22153,76.02408,800,420,0.122,0.34,1,13.2,315.5,609.8,6.8,123.5,98.25,CRITICAL_DEFICIT,0
SH-IDU-4436,Idukki Sector-11 Relief Center,Idukki,Kerala,flood,10.48224,77.01249,150,88,0.082,2.82,0,26.9,296.7,734.8,2.8,164.9,74.33,CRITICAL_DEFICIT,0
SH-KAT-4437,Katihar Sector-15 Relief Center,Katihar,Bihar,flood,26.08292,87.61423,300,166,0.371,6.91,1,44.2,605.7,1583.6,9.8,561.5,54.43,DEFICIT,1
SH-KAN-4438,Kangra Sector-8 Relief Center,Kangra,Himachal Pradesh,earthquake,32.29186,76.2801,300,133,0.127,2.73,1,43.9,259.9,438.7,3.8,248.7,84.57,CRITICAL_DEFICIT,0
SH-KAT-4439,Katihar Sector-3 Relief Center,Katihar,Bihar,flood,25.70202,87.49375,150,67,0.345,9.45,0,28.6,211.4,382.7,3.3,197.2,85.84,CRITICAL_DEFICIT,0
SH-KUT-4440,Kutch Sector-6 Relief Center,Kutch,Gujarat,earthquake,23.5501,69.59266,500,100,0.292,3.58,0,20.3,98.9,180.6,2.1,34.8,100.0,CRITICAL_DEFICIT,0
SH-BAL-4441,Balasore Sector-3 Relief Center,Balasore,Odisha,cyclone,21.42135,86.91047,500,562,0.286,0.59,0,33.9,3529.5,10418.5,50.0,2537.7,38.08,BALANCED,2
SH-IDU-4442,Idukki Sector-15 Relief Center,Idukki,Kerala,flood,9.66011,77.29437,500,478,0.16,3.15,0,8.1,926.3,2604.7,12.3,642.3,87.01,CRITICAL_DEFICIT,0
SH-BAL-4443,Balasore Sector-2 Relief Center,Balasore,Odisha,cyclone,21.52398,86.65398,800,131,0.256,3.83,1,23.6,490.8,1136.4,11.9,372.4,58.29,DEFICIT,1
SH-VIS-4444,Visakhapatnam Sector-14 Relief Center,Visakhapatnam,Andhra Pradesh,cyclone,17.7157,83.19246,150,98,0.144,5.15,0,0.0,201.6,554.7,2.5,185.1,90.37,CRITICAL_DEFICIT,0
SH-CHA-4445,Chamoli Sector-14 Relief Center,Chamoli,Uttarakhand,earthquake,30.53703,78.99356,500,412,0.159,0.91,1,53.9,2833.4,8353.7,60.8,2103.2,4.64,BALANCED,2
SH-KUT-4446,Kutch Sector-12 Relief Center,Kutch,Gujarat,earthquake,23.45149,69.76351,800,695,0.067,6.17,0,30.4,5473.1,11267.5,62.8,4537.9,23.42,BALANCED,2
SH-BAL-4447,Balasore Sector-15 Relief Center,Balasore,Odisha,cyclone,21.26199,86.70029,150,117,0.26,0.36,1,20.7,217.1,367.7,5.1,77.2,79.5,CRITICAL_DEFICIT,0
SH-UTT-4448,Uttarkashi Sector-10 Relief Center,Uttarkashi,Uttarakhand,earthquake,30.62788,78.19519,150,110,0.426,0.93,0,5.2,165.1,318.4,4.6,101.0,100.0,CRITICAL_DEFICIT,0
SH-UTT-4449,Uttarkashi Sector-14 Relief Center,Uttarkashi,Uttarakhand,earthquake,30.57445,78.06286,150,86,0.136,2.79,1,0.0,593.3,1653.2,12.8,365.0,13.22,BALANCED,2
SH-DHU-4450,Dhubri Sector-4 Relief Center,Dhubri,Assam,flood,25.84444,89.92014,150,84,0.237,0.25,1,29.2,152.8,284.9,2.5,110.2,86.73,CRITICAL_DEFICIT,0
SH-SOU-4451,South 24 Parganas Sector-14 Relief Center,South 24 Parganas,West Bengal,cyclone,22.31203,88.66549,300,192,0.641,0.31,1,37.2,286.7,748.8,6.3,174.5,82.23,CRITICAL_DEFICIT,0
SH-KAZ-4452,Kaziranga Sector-11 Relief Center,Kaziranga,Assam,flood,26.62361,93.31127,800,709,0.107,10.47,0,19.9,3026.7,6988.1,60.8,2793.3,57.11,DEFICIT,1
SH-DHU-4453,Dhubri Sector-7 Relief Center,Dhubri,Assam,flood,26.28572,89.96238,500,366,0.05,0.18,0,0.0,382.6,642.5,4.6,202.4,100.0,CRITICAL_DEFICIT,0
SH-KAN-4454,Kangra Sector-12 Relief Center,Kangra,Himachal Pradesh,earthquake,31.83062,76.21315,300,168,0.193,0.29,1,27.6,278.9,664.1,6.1,275.6,83.57,CRITICAL_DEFICIT,0
SH-KAZ-4455,Kaziranga Sector-8 Relief Center,Kaziranga,Assam,flood,26.88992,92.97716,300,338,0.339,0.29,1,50.5,512.8,951.2,13.5,375.6,85.79,CRITICAL_DEFICIT,0
SH-KAN-4456,Kangra Sector-5 Relief Center,Kangra,Himachal Pradesh,earthquake,31.95923,75.88846,300,123,0.319,1.3,1,60.6,118.7,249.9,2.5,91.8,92.39,CRITICAL_DEFICIT,0
SH-KAT-4457,Katihar Sector-8 Relief Center,Katihar,Bihar,flood,25.43949,87.55904,800,479,0.49,0.55,1,16.4,120.2,298.2,3.5,54.5,100.0,CRITICAL_DEFICIT,0
SH-KAT-4458,Katihar Sector-9 Relief Center,Katihar,Bihar,flood,25.29955,87.17862,150,88,0.25,1.76,1,0.0,299.5,832.6,7.4,132.9,60.41,DEFICIT,1
SH-DAR-4459,Darbhanga Sector-1 Relief Center,Darbhanga,Bihar,flood,26.29041,85.72486,150,124,0.303,9.82,0,43.9,517.8,1063.1,10.7,236.5,67.73,DEFICIT,1
SH-BAL-4460,Balasore Sector-8 Relief Center,Balasore,Odisha,cyclone,21.27964,86.70479,300,302,0.382,1.26,1,56.1,95.8,225.3,1.3,35.8,100.0,CRITICAL_DEFICIT,0
SH-DHU-4461,Dhubri Sector-14 Relief Center,Dhubri,Assam,flood,26.33526,89.8,150,154,0.155,0.8,1,14.9,123.2,309.6,1.9,71.4,93.43,CRITICAL_DEFICIT,0
SH-DHU-4462,Dhubri Sector-9 Relief Center,Dhubri,Assam,flood,26.09115,90.09432,300,298,0.301,1.61,1,27.2,303.3,875.0,4.0,278.0,87.9,CRITICAL_DEFICIT,0
SH-KAZ-4463,Kaziranga Sector-5 Relief Center,Kaziranga,Assam,flood,26.75827,93.7605,300,244,0.628,0.75,1,17.2,85.9,235.8,2.4,74.0,100.0,CRITICAL_DEFICIT,0
SH-BAL-4464,Balasore Sector-17 Relief Center,Balasore,Odisha,cyclone,21.43184,86.66456,300,274,0.21,1.99,1,54.5,542.3,1259.0,11.3,467.0,77.2,CRITICAL_DEFICIT,0
SH-KAT-4465,Katihar Sector-4 Relief Center,Katihar,Bihar,flood,25.7048,87.24528,500,390,0.126,1.31,0,45.2,614.6,1387.0,9.5,288.0,100.0,CRITICAL_DEFICIT,0
SH-CHA-4466,Chamoli Sector-15 Relief Center,Chamoli,Uttarakhand,earthquake,30.031,79.02901,150,71,0.287,0.88,1,0.0,147.0,289.1,1.8,129.1,81.0,CRITICAL_DEFICIT,0
SH-IDU-4467,Idukki Sector-1 Relief Center,Idukki,Kerala,flood,10.22957,77.23985,500,290,0.338,2.44,1,13.5,253.1,541.7,6.2,195.5,98.79,CRITICAL_DEFICIT,0
SH-SOU-4468,South 24 Parganas Sector-7 Relief Center,South 24 Parganas,West Bengal,cyclone,21.5127,88.64376,300,181,0.431,1.24,0,29.6,59.0,123.2,1.8,55.3,100.0,CRITICAL_DEFICIT,0
SH-WAY-4469,Wayanad Sector-12 Relief Center,Wayanad,Kerala,flood,11.79618,76.13609,500,295,0.394,3.77,1,25.3,946.0,1821.1,15.2,400.0,73.51,CRITICAL_DEFICIT,0
SH-CHA-4470,Chamoli Sector-10 Relief Center,Chamoli,Uttarakhand,earthquake,29.93888,79.00538,500,165,0.321,1.69,1,49.4,147.4,268.9,2.0,85.2,91.4,CRITICAL_DEFICIT,0
SH-SOU-4471,South 24 Parganas Sector-5 Relief Center,South 24 Parganas,West Bengal,cyclone,21.98967,88.97474,150,152,0.115,2.61,1,66.1,260.5,757.8,5.5,151.8,81.01,CRITICAL_DEFICIT,0
SH-DAR-4472,Darbhanga Sector-15 Relief Center,Darbhanga,Bihar,flood,25.9329,86.1988,1200,1492,0.14,2.64,0,46.5,2159.2,5564.1,34.7,2135.2,98.24,CRITICAL_DEFICIT,0
SH-DAR-4473,Darbhanga Sector-19 Relief Center,Darbhanga,Bihar,flood,25.92655,86.39363,800,559,0.355,9.39,0,31.4,1189.0,1992.6,22.0,1044.9,96.17,CRITICAL_DEFICIT,0
SH-DAR-4474,Darbhanga Sector-16 Relief Center,Darbhanga,Bihar,flood,26.23792,86.19843,300,256,0.65,0.46,1,42.6,2217.2,4263.4,74.7,1410.2,11.57,BALANCED,2
SH-DHU-4475,Dhubri Sector-18 Relief Center,Dhubri,Assam,flood,26.1686,89.41884,1200,177,0.487,0.75,1,37.5,186.9,369.1,3.0,90.2,100.0,CRITICAL_DEFICIT,0
SH-VIS-4476,Visakhapatnam Sector-12 Relief Center,Visakhapatnam,Andhra Pradesh,cyclone,17.78727,83.68354,300,70,0.408,2.54,1,0.0,116.9,235.6,3.1,45.2,81.33,CRITICAL_DEFICIT,0
SH-UTT-4477,Uttarkashi Sector-5 Relief Center,Uttarkashi,Uttarakhand,earthquake,30.96558,78.70112,150,66,0.475,5.59,0,9.7,245.6,472.9,3.9,227.4,80.1,CRITICAL_DEFICIT,0
SH-PUR-4478,Puri Sector-7 Relief Center,Puri,Odisha,cyclone,19.64813,85.26655,300,180,0.295,3.31,1,32.5,628.4,1643.9,12.9,547.0,57.62,DEFICIT,1
SH-IDU-4479,Idukki Sector-4 Relief Center,Idukki,Kerala,flood,9.78941,77.06413,500,350,0.266,1.82,0,50.8,312.2,785.5,5.0,212.2,100.0,CRITICAL_DEFICIT,0
SH-KAT-4480,Katihar Sector-5 Relief Center,Katihar,Bihar,flood,25.45835,87.79759,500,623,0.284,1.41,1,52.7,548.8,908.7,14.1,544.4,99.42,CRITICAL_DEFICIT,0
SH-CHA-4481,Chamoli Sector-16 Relief Center,Chamoli,Uttarakhand,earthquake,30.04309,79.60457,150,107,0.11,1.4,1,25.3,864.9,2536.9,12.3,552.3,2.79,SURPLUS,3
SH-SOU-4482,South 24 Parganas Sector-16 Relief Center,South 24 Parganas,West Bengal,cyclone,21.82153,88.70185,300,25,0.184,2.0,1,32.4,43.1,115.9,0.6,23.3,80.67,CRITICAL_DEFICIT,0
SH-SOU-4483,South 24 Parganas Sector-12 Relief Center,South 24 Parganas,West Bengal,cyclone,22.15577,88.38443,500,180,0.119,1.74,1,45.1,1004.9,1671.8,18.0,767.7,45.7,DEFICIT,1
SH-KAT-4484,Katihar Sector-4 Relief Center,Katihar,Bihar,flood,25.30101,87.76887,1200,156,0.436,2.51,1,14.1,1254.4,2681.0,19.1,1244.1,8.4,BALANCED,2
SH-KAN-4485,Kangra Sector-1 Relief Center,Kangra,Himachal Pradesh,earthquake,32.28609,76.09482,300,204,0.218,2.18,1,36.1,56.4,117.8,1.3,49.1,96.17,CRITICAL_DEFICIT,0
SH-IDU-4486,Idukki Sector-18 Relief Center,Idukki,Kerala,flood,9.58367,77.28497,150,150,0.118,1.79,1,19.2,556.9,1439.0,11.4,280.5,51.55,DEFICIT,1
SH-BAL-4487,Balasore Sector-14 Relief Center,Balasore,Odisha,cyclone,21.32429,86.31998,150,82,0.236,0.89,1,40.2,119.3,291.7,2.9,113.4,87.07,CRITICAL_DEFICIT,0
SH-DAR-4488,Darbhanga Sector-16 Relief Center,Darbhanga,Bihar,flood,26.20108,86.48772,150,142,0.218,0.97,1,56.5,788.6,1627.8,19.2,561.9,41.23,DEFICIT,1
SH-KUT-4489,Kutch Sector-5 Relief Center,Kutch,Gujarat,earthquake,23.80539,69.98186,1200,695,0.129,0.19,0,62.4,8628.6,19107.4,136.7,3220.7,18.49,SURPLUS,3
SH-KUT-4490,Kutch Sector-3 Relief Center,Kutch,Gujarat,earthquake,23.9714,69.65638,1200,991,0.308,2.26,0,84.9,1627.0,3610.5,40.5,975.9,98.85,CRITICAL_DEFICIT,0
SH-KUT-4491,Kutch Sector-8 Relief Center,Kutch,Gujarat,earthquake,23.89562,69.73492,150,79,0.419,2.22,0,38.6,84.6,169.5,1.6,55.1,100.0,CRITICAL_DEFICIT,0
SH-UTT-4492,Uttarkashi Sector-13 Relief Center,Uttarkashi,Uttarakhand,earthquake,30.86761,78.58496,300,161,0.273,1.04,1,31.1,1161.2,2641.8,28.1,387.8,3.95,BALANCED,2
SH-UTT-4493,Uttarkashi Sector-16 Relief Center,Uttarkashi,Uttarakhand,earthquake,30.82283,78.57806,2000,1535,0.38,0.94,1,24.8,2649.5,5450.6,56.6,1171.9,86.35,CRITICAL_DEFICIT,0
SH-DHU-4494,Dhubri Sector-16 Relief Center,Dhubri,Assam,flood,25.90587,89.87393,500,458,0.589,0.03,0,41.0,476.5,1086.7,8.8,418.7,100.0,CRITICAL_DEFICIT,0
SH-PUR-4495,Puri Sector-7 Relief Center,Puri,Odisha,cyclone,19.8148,85.96798,150,85,0.573,1.63,1,61.6,74.2,150.6,1.5,67.2,98.96,CRITICAL_DEFICIT,0
SH-KUT-4496,Kutch Sector-13 Relief Center,Kutch,Gujarat,earthquake,24.01197,70.26165,800,25,0.217,5.94,0,0.0,164.0,317.7,3.1,77.8,46.17,DEFICIT,1
SH-PUR-4497,Puri Sector-14 Relief Center,Puri,Odisha,cyclone,19.7749,85.78039,500,79,0.114,0.26,1,38.5,313.5,738.7,3.7,148.6,46.08,DEFICIT,1
SH-DAR-4498,Darbhanga Sector-14 Relief Center,Darbhanga,Bihar,flood,26.49748,85.94479,150,34,0.242,0.54,1,15.3,53.1,137.5,0.6,18.7,84.48,CRITICAL_DEFICIT,0
SH-CHA-4499,Chamoli Sector-2 Relief Center,Chamoli,Uttarakhand,earthquake,30.73986,79.16031,300,128,0.05,0.05,1,32.4,193.3,473.2,1.8,122.8,79.23,CRITICAL_DEFICIT,0
SH-VIS-4500,Visakhapatnam Sector-10 Relief Center,Visakhapatnam,Andhra Pradesh,cyclone,17.73008,83.62407,300,56,0.249,1.94,0,46.1,231.6,390.7,3.2,167.6,79.49,CRITICAL_DEFICIT,0
SH-VIS-4501,Visakhapatnam Sector-16 Relief Center,Visakhapatnam,Andhra Pradesh,cyclone,17.52996,83.67189,300,308,0.248,5.83,0,0.0,1818.8,5108.2,38.6,963.9,40.15,DEFICIT,1
SH-KAN-4502,Kangra Sector-9 Relief Center,Kangra,Himachal Pradesh,earthquake,32.28114,76.23661,150,76,0.124,5.44,1,21.6,454.9,1345.3,9.4,212.9,18.04,BALANCED,2
SH-DAR-4503,Darbhanga Sector-17 Relief Center,Darbhanga,Bihar,flood,26.51752,86.06389,300,178,0.194,1.19,0,13.5,566.0,1602.7,13.5,472.0,76.15,CRITICAL_DEFICIT,0
SH-KUT-4504,Kutch Sector-7 Relief Center,Kutch,Gujarat,earthquake,24.0784,69.88412,300,192,0.1,1.9,1,17.9,708.6,1444.2,12.7,619.7,55.73,DEFICIT,1
SH-KAZ-4505,Kaziranga Sector-9 Relief Center,Kaziranga,Assam,flood,26.62711,93.92355,300,108,0.233,7.28,0,31.9,206.5,518.1,4.1,69.1,95.65,CRITICAL_DEFICIT,0
SH-WAY-4506,Wayanad Sector-16 Relief Center,Wayanad,Kerala,flood,11.89922,76.54974,800,741,0.05,13.43,0,15.3,8996.7,16988.7,154.5,5986.4,16.18,SURPLUS,3
SH-BAL-4507,Balasore Sector-13 Relief Center,Balasore,Odisha,cyclone,21.23131,86.7545,500,141,0.142,0.3,1,19.1,289.1,573.8,3.1,282.6,75.41,CRITICAL_DEFICIT,0
SH-IDU-4508,Idukki Sector-8 Relief Center,Idukki,Kerala,flood,9.93208,76.90895,150,20,0.167,2.01,0,27.3,151.9,382.3,2.7,97.6,16.86,SURPLUS,3
SH-CHA-4509,Chamoli Sector-2 Relief Center,Chamoli,Uttarakhand,earthquake,30.21383,79.77895,150,79,0.616,0.12,1,38.0,476.1,1224.2,10.7,420.1,25.73,BALANCED,2
SH-KAZ-4510,Kaziranga Sector-15 Relief Center,Kaziranga,Assam,flood,26.37477,93.42214,300,154,0.05,3.03,1,44.4,554.2,1380.1,8.5,548.4,52.22,DEFICIT,1
SH-KAT-4511,Katihar Sector-5 Relief Center,Katihar,Bihar,flood,25.4895,87.45394,150,142,0.596,1.55,1,9.4,129.8,322.3,3.4,82.5,92.5,CRITICAL_DEFICIT,0
SH-KUT-4512,Kutch Sector-11 Relief Center,Kutch,Gujarat,earthquake,23.77593,69.85664,150,148,0.126,6.21,1,32.5,46.4,124.2,0.9,22.0,98.63,CRITICAL_DEFICIT,0
SH-CHA-4513,Chamoli Sector-17 Relief Center,Chamoli,Uttarakhand,earthquake,30.32423,79.37411,1200,927,0.4,1.61,0,60.2,5040.7,14713.1,98.0,2489.5,49.18,DEFICIT,1
SH-SOU-4514,South 24 Parganas Sector-15 Relief Center,South 24 Parganas,West Bengal,cyclone,22.06631,88.67826,800,203,0.094,1.25,0,29.9,904.6,2261.4,15.8,592.1,55.57,DEFICIT,1
SH-IDU-4515,Idukki Sector-13 Relief Center,Idukki,Kerala,flood,9.79684,77.28304,500,174,0.219,4.21,0,25.8,155.7,350.6,2.2,88.5,100.0,CRITICAL_DEFICIT,0
SH-DAR-4516,Darbhanga Sector-19 Relief Center,Darbhanga,Bihar,flood,26.07711,85.79001,150,123,0.421,0.58,1,23.6,374.1,934.7,7.6,233.1,67.12,DEFICIT,1
SH-KUT-4517,Kutch Sector-4 Relief Center,Kutch,Gujarat,earthquake,23.99065,69.73679,150,118,0.188,0.79,0,52.3,39.0,67.7,0.9,16.5,100.0,CRITICAL_DEFICIT,0
SH-UTT-4518,Uttarkashi Sector-8 Relief Center,Uttarkashi,Uttarakhand,earthquake,30.95506,78.8787,500,281,0.161,4.03,0,15.4,79.4,188.8,0.9,40.2,100.0,CRITICAL_DEFICIT,0
SH-PUR-4519,Puri Sector-4 Relief Center,Puri,Odisha,cyclone,19.73509,85.77006,300,361,0.113,1.41,1,40.1,1093.0,2288.9,14.9,433.4,64.07,DEFICIT,1
SH-DAR-4520,Darbhanga Sector-18 Relief Center,Darbhanga,Bihar,flood,26.33246,85.5966,500,122,0.234,1.22,0,20.9,465.0,1091.6,9.4,226.1,72.13,CRITICAL_DEFICIT,0
SH-IDU-4521,Idukki Sector-11 Relief Center,Idukki,Kerala,flood,9.3719,77.19573,500,65,0.422,0.59,0,0.0,234.1,683.3,5.3,176.2,73.92,CRITICAL_DEFICIT,0
SH-KAZ-4522,Kaziranga Sector-13 Relief Center,Kaziranga,Assam,flood,26.81012,93.05604,300,157,0.323,1.22,1,25.6,238.0,523.5,4.8,202.9,87.61,CRITICAL_DEFICIT,0
SH-UTT-4523,Uttarkashi Sector-8 Relief Center,Uttarkashi,Uttarakhand,earthquake,30.4788,78.30826,1200,559,0.298,1.68,1,20.5,939.0,2264.7,23.9,507.7,80.79,CRITICAL_DEFICIT,0
SH-BAL-4524,Balasore Sector-10 Relief Center,Balasore,Odisha,cyclone,21.50658,87.2541,300,103,0.05,0.56,1,24.0,200.8,379.9,3.1,112.9,78.25,CRITICAL_DEFICIT,0
SH-IDU-4525,Idukki Sector-18 Relief Center,Idukki,Kerala,flood,9.80475,77.0893,500,427,0.226,2.44,1,0.0,4984.4,13535.1,79.5,4204.3,6.17,SURPLUS,3
SH-WAY-4526,Wayanad Sector-6 Relief Center,Wayanad,Kerala,flood,11.70298,76.26729,300,75,0.231,2.75,1,28.8,115.5,225.9,2.1,80.1,85.2,CRITICAL_DEFICIT,0
SH-SOU-4527,South 24 Parganas Sector-2 Relief Center,South 24 Parganas,West Bengal,cyclone,22.49085,89.05737,150,43,0.304,2.3,1,35.5,11.2,28.0,0.2,7.8,100.0,CRITICAL_DEFICIT,0
SH-UTT-4528,Uttarkashi Sector-6 Relief Center,Uttarkashi,Uttarakhand,earthquake,30.62413,78.54041,150,161,0.281,0.43,1,12.4,563.1,979.8,7.5,312.9,69.53,DEFICIT,1
SH-WAY-4529,Wayanad Sector-16 Relief Center,Wayanad,Kerala,flood,11.39561,76.32395,300,285,0.449,0.83,0,38.5,227.4,455.8,5.5,164.9,100.0,CRITICAL_DEFICIT,0
SH-DHU-4530,Dhubri Sector-15 Relief Center,Dhubri,Assam,flood,26.06046,90.47473,300,133,0.332,0.07,0,27.1,1012.3,2457.8,15.8,675.9,18.31,SURPLUS,3
SH-BAL-4531,Balasore Sector-7 Relief Center,Balasore,Odisha,cyclone,21.84248,87.33751,300,77,0.328,3.29,0,11.0,82.5,141.4,2.0,42.0,100.0,CRITICAL_DEFICIT,0
SH-BAL-4532,Balasore Sector-18 Relief Center,Balasore,Odisha,cyclone,21.3454,86.5577,500,20,0.278,6.28,0,24.3,21.5,64.1,0.5,15.5,100.0,CRITICAL_DEFICIT,0
SH-IDU-4533,Idukki Sector-11 Relief Center,Idukki,Kerala,flood,9.71313,77.28143,500,287,0.411,2.95,1,0.0,567.6,1073.7,10.0,355.4,79.49,CRITICAL_DEFICIT,0
SH-PUR-4534,Puri Sector-4 Relief Center,Puri,Odisha,cyclone,20.09539,86.03447,1200,688,0.32,1.98,0,23.2,5042.3,11658.7,81.0,3072.5,25.53,BALANCED,2
SH-CHA-4535,Chamoli Sector-6 Relief Center,Chamoli,Uttarakhand,earthquake,30.41013,79.28827,150,20,0.485,2.71,1,27.4,84.3,138.6,2.2,74.4,66.37,DEFICIT,1
SH-KAT-4536,Katihar Sector-9 Relief Center,Katihar,Bihar,flood,25.38559,87.28605,300,147,0.367,0.19,1,0.0,607.3,1120.2,13.7,415.0,62.69,DEFICIT,1
SH-KAT-4537,Katihar Sector-13 Relief Center,Katihar,Bihar,flood,25.7608,88.10637,500,497,0.33,0.99,1,32.0,761.8,1500.3,9.9,748.7,88.2,CRITICAL_DEFICIT,0
SH-BAL-4538,Balasore Sector-6 Relief Center,Balasore,Odisha,cyclone,21.20505,86.95324,500,332,0.364,2.3,1,48.1,1386.6,2903.6,26.5,1011.7,56.0,DEFICIT,1
SH-IDU-4539,Idukki Sector-14 Relief Center,Idukki,Kerala,flood,10.17373,76.91823,150,191,0.163,1.67,0,64.9,627.9,1455.8,11.3,432.0,77.23,CRITICAL_DEFICIT,0
SH-KAZ-4540,Kaziranga Sector-15 Relief Center,Kaziranga,Assam,flood,26.85534,92.98185,150,46,0.325,1.37,1,29.9,70.4,198.0,0.9,63.5,81.72,CRITICAL_DEFICIT,0
SH-KUT-4541,Kutch Sector-4 Relief Center,Kutch,Gujarat,earthquake,23.96545,70.12473,300,205,0.647,1.23,1,0.0,72.5,141.7,1.9,25.2,100.0,CRITICAL_DEFICIT,0
SH-PUR-4542,Puri Sector-16 Relief Center,Puri,Odisha,cyclone,19.84815,85.45391,150,112,0.05,2.53,1,17.4,110.6,199.6,1.0,108.2,87.7,CRITICAL_DEFICIT,0
SH-BAL-4543,Balasore Sector-9 Relief Center,Balasore,Odisha,cyclone,21.5201,86.91155,300,179,0.51,1.9,0,26.0,308.0,515.2,8.5,260.3,100.0,CRITICAL_DEFICIT,0
SH-KAZ-4544,Kaziranga Sector-1 Relief Center,Kaziranga,Assam,flood,26.67942,93.21701,300,182,0.423,2.76,0,31.9,194.1,564.6,4.7,79.8,100.0,CRITICAL_DEFICIT,0
SH-UTT-4545,Uttarkashi Sector-5 Relief Center,Uttarkashi,Uttarakhand,earthquake,30.73146,78.45514,150,54,0.05,0.51,0,17.2,17.8,45.9,0.4,7.7,100.0,CRITICAL_DEFICIT,0
SH-DAR-4546,Darbhanga Sector-13 Relief Center,Darbhanga,Bihar,flood,26.03187,85.78771,300,137,0.33,1.76,0,26.7,939.9,2310.6,20.4,507.8,23.18,BALANCED,2
SH-PUR-4547,Puri Sector-2 Relief Center,Puri,Odisha,cyclone,20.18207,85.77613,500,524,0.229,1.79,1,16.3,186.4,417.2,4.5,133.8,95.31,CRITICAL_DEFICIT,0
SH-DHU-4548,Dhubri Sector-15 Relief Center,Dhubri,Assam,flood,26.26305,90.21857,500,334,0.153,0.27,1,60.0,688.4,1658.0,8.4,637.4,75.78,CRITICAL_DEFICIT,0
SH-BAL-4549,Balasore Sector-8 Relief Center,Balasore,Odisha,cyclone,21.51577,86.53731,800,773,0.317,0.8,1,4.4,1571.2,4097.8,26.2,1368.1,71.64,CRITICAL_DEFICIT,0
SH-KUT-4550,Kutch Sector-4 Relief Center,Kutch,Gujarat,earthquake,23.99165,69.81989,800,486,0.191,2.83,1,40.1,3600.0,9312.2,46.6,2781.5,8.11,BALANCED,2
SH-KAN-4551,Kangra Sector-8 Relief Center,Kangra,Himachal Pradesh,earthquake,32.08119,76.12329,300,208,0.426,1.26,1,41.6,68.6,183.3,1.8,37.5,96.8,CRITICAL_DEFICIT,0
SH-DHU-4552,Dhubri Sector-3 Relief Center,Dhubri,Assam,flood,26.01849,89.80184,300,76,0.205,0.79,1,47.1,151.1,314.2,2.4,104.4,76.7,CRITICAL_DEFICIT,0
SH-BAL-4553,Balasore Sector-6 Relief Center,Balasore,Odisha,cyclone,21.54623,86.9859,300,55,0.181,3.33,0,9.7,323.7,926.4,4.4,205.1,33.26,BALANCED,2
SH-CHA-4554,Chamoli Sector-11 Relief Center,Chamoli,Uttarakhand,earthquake,30.34231,79.37314,1200,277,0.615,1.08,0,35.8,411.4,976.7,11.5,224.8,100.0,CRITICAL_DEFICIT,0
SH-CHA-4555,Chamoli Sector-17 Relief Center,Chamoli,Uttarakhand,earthquake,30.37005,79.20699,300,95,0.322,6.16,0,38.4,175.1,510.9,2.6,132.3,96.14,CRITICAL_DEFICIT,0
SH-KUT-4556,Kutch Sector-10 Relief Center,Kutch,Gujarat,earthquake,23.93127,69.69212,300,264,0.464,7.13,0,42.0,245.5,432.0,5.8,215.9,100.0,CRITICAL_DEFICIT,0
SH-CHA-4557,Chamoli Sector-2 Relief Center,Chamoli,Uttarakhand,earthquake,30.37847,79.51107,300,187,0.14,3.8,0,21.9,64.7,107.5,1.0,31.3,100.0,CRITICAL_DEFICIT,0
SH-DAR-4558,Darbhanga Sector-19 Relief Center,Darbhanga,Bihar,flood,26.13819,85.82117,800,594,0.324,4.72,0,50.2,178.5,343.2,3.3,91.1,100.0,CRITICAL_DEFICIT,0
SH-UTT-4559,Uttarkashi Sector-16 Relief Center,Uttarkashi,Uttarakhand,earthquake,30.91952,77.89066,300,118,0.17,0.36,1,25.2,113.1,313.8,2.2,61.7,89.37,CRITICAL_DEFICIT,0
SH-DAR-4560,Darbhanga Sector-18 Relief Center,Darbhanga,Bihar,flood,26.46653,85.73456,300,208,0.245,0.08,1,38.4,70.6,185.9,1.7,56.0,97.89,CRITICAL_DEFICIT,0
SH-SOU-4561,South 24 Parganas Sector-13 Relief Center,South 24 Parganas,West Bengal,cyclone,22.02752,88.37996,800,579,0.407,1.63,1,0.0,861.8,2071.7,11.8,345.0,84.09,CRITICAL_DEFICIT,0
SH-KUT-4562,Kutch Sector-13 Relief Center,Kutch,Gujarat,earthquake,24.21956,69.3713,150,157,0.223,0.88,1,30.3,141.0,274.0,1.7,137.3,89.08,CRITICAL_DEFICIT,0
SH-VIS-4563,Visakhapatnam Sector-10 Relief Center,Visakhapatnam,Andhra Pradesh,cyclone,17.8487,83.0306,800,982,0.117,3.78,0,44.4,873.5,1716.9,17.0,562.7,100.0,CRITICAL_DEFICIT,0
SH-BAL-4564,Balasore Sector-3 Relief Center,Balasore,Odisha,cyclone,21.4282,86.62987,150,117,0.141,4.9,1,42.5,40.9,94.0,0.5,32.0,94.8,CRITICAL_DEFICIT,0
SH-DAR-4565,Darbhanga Sector-4 Relief Center,Darbhanga,Bihar,flood,26.41217,85.46261,500,303,0.282,0.56,1,40.0,302.3,718.9,6.2,104.5,89.47,CRITICAL_DEFICIT,0
SH-KAT-4566,Katihar Sector-1 Relief Center,Katihar,Bihar,flood,25.08094,87.66394,300,153,0.441,2.74,1,21.1,154.3,390.2,2.3,121.1,100.0,CRITICAL_DEFICIT,0
SH-PUR-4567,Puri Sector-17 Relief Center,Puri,Odisha,cyclone,19.64891,85.5936,150,113,0.622,0.17,1,0.0,216.3,504.6,5.3,167.6,79.16,CRITICAL_DEFICIT,0
SH-BAL-4568,Balasore Sector-19 Relief Center,Balasore,Odisha,cyclone,21.55823,86.79206,300,207,0.138,0.14,1,27.1,67.5,191.3,1.5,59.9,100.0,CRITICAL_DEFICIT,0
SH-KAT-4569,Katihar Sector-6 Relief Center,Katihar,Bihar,flood,25.70672,87.80832,150,127,0.207,0.09,1,0.0,255.5,594.3,4.3,115.1,77.83,CRITICAL_DEFICIT,0
SH-KAN-4570,Kangra Sector-3 Relief Center,Kangra,Himachal Pradesh,earthquake,32.12788,76.47412,300,105,0.387,1.42,1,60.3,102.2,186.0,1.7,83.5,91.52,CRITICAL_DEFICIT,0
SH-UTT-4571,Uttarkashi Sector-7 Relief Center,Uttarkashi,Uttarakhand,earthquake,31.0867,78.66098,1200,603,0.157,3.41,0,15.7,1055.0,2155.5,19.5,817.9,100.0,CRITICAL_DEFICIT,0
SH-KAT-4572,Katihar Sector-19 Relief Center,Katihar,Bihar,flood,25.161,87.51573,300,130,0.135,2.65,0,4.5,109.4,244.6,1.1,85.3,100.0,CRITICAL_DEFICIT,0
SH-PUR-4573,Puri Sector-6 Relief Center,Puri,Odisha,cyclone,19.36409,86.1648,500,411,0.183,1.02,0,18.7,121.5,342.0,2.2,44.4,100.0,CRITICAL_DEFICIT,0
SH-UTT-4574,Uttarkashi Sector-4 Relief Center,Uttarkashi,Uttarakhand,earthquake,30.45773,78.57621,300,137,0.426,0.9,0,41.8,112.6,263.6,2.4,41.8,100.0,CRITICAL_DEFICIT,0
SH-BAL-4575,Balasore Sector-19 Relief Center,Balasore,Odisha,cyclone,21.41474,86.83421,500,540,0.195,1.56,1,0.0,1038.4,2236.8,22.5,900.7,74.0,CRITICAL_DEFICIT,0
SH-DAR-4576,Darbhanga Sector-5 Relief Center,Darbhanga,Bihar,flood,26.11791,85.83925,800,586,0.334,3.62,0,0.0,2544.9,7029.0,39.2,1216.2,61.86,DEFICIT,1
SH-KUT-4577,Kutch Sector-13 Relief Center,Kutch,Gujarat,earthquake,23.63369,69.41843,500,155,0.287,3.06,1,1.6,47.7,114.7,0.7,27.4,100.0,CRITICAL_DEFICIT,0
SH-VIS-4578,Visakhapatnam Sector-16 Relief Center,Visakhapatnam,Andhra Pradesh,cyclone,17.70819,83.20342,150,124,0.302,0.99,1,17.0,241.6,474.1,4.6,146.2,76.0,CRITICAL_DEFICIT,0
SH-DAR-4579,Darbhanga Sector-4 Relief Center,Darbhanga,Bihar,flood,25.66267,85.72813,800,704,0.198,3.95,0,37.1,2933.7,7970.0,38.2,2690.5,60.68,DEFICIT,1
SH-PUR-4580,Puri Sector-8 Relief Center,Puri,Odisha,cyclone,19.81553,85.62089,500,115,0.579,0.39,1,12.1,38.3,98.1,1.2,20.3,100.0,CRITICAL_DEFICIT,0
SH-SOU-4581,South 24 Parganas Sector-7 Relief Center,South 24 Parganas,West Bengal,cyclone,22.15145,88.53065,300,251,0.488,2.7,1,23.5,76.7,224.1,2.2,54.9,100.0,CRITICAL_DEFICIT,0
SH-WAY-4582,Wayanad Sector-18 Relief Center,Wayanad,Kerala,flood,11.53696,76.4749,300,210,0.25,0.06,1,29.8,390.8,789.1,7.9,173.5,79.82,CRITICAL_DEFICIT,0
SH-BAL-4583,Balasore Sector-9 Relief Center,Balasore,Odisha,cyclone,21.67495,86.50854,500,332,0.167,3.57,0,15.3,102.7,206.6,1.7,98.8,100.0,CRITICAL_DEFICIT,0
SH-SOU-4584,South 24 Parganas Sector-10 Relief Center,South 24 Parganas,West Bengal,cyclone,22.34342,88.63482,300,199,0.153,1.26,1,11.5,1356.9,2275.0,21.1,1207.1,33.55,BALANCED,2
SH-WAY-4585,Wayanad Sector-16 Relief Center,Wayanad,Kerala,flood,11.61501,75.79914,300,136,0.299,8.73,0,26.0,569.6,1606.9,8.5,244.2,63.49,DEFICIT,1
SH-KUT-4586,Kutch Sector-5 Relief Center,Kutch,Gujarat,earthquake,23.68648,69.74611,150,143,0.203,0.12,1,35.7,212.0,482.0,2.4,120.0,84.19,CRITICAL_DEFICIT,0
SH-DHU-4587,Dhubri Sector-2 Relief Center,Dhubri,Assam,flood,26.15191,89.7046,300,251,0.097,0.04,1,36.8,507.2,1029.1,6.0,319.3,77.16,CRITICAL_DEFICIT,0
SH-DHU-4588,Dhubri Sector-17 Relief Center,Dhubri,Assam,flood,26.70858,89.68975,150,102,0.198,1.32,1,27.5,180.9,389.2,2.7,83.0,76.45,CRITICAL_DEFICIT,0
SH-VIS-4589,Visakhapatnam Sector-17 Relief Center,Visakhapatnam,Andhra Pradesh,cyclone,17.79439,83.03101,500,306,0.336,0.52,0,31.1,1823.3,5242.5,25.1,1458.7,38.57,BALANCED,2
SH-KAT-4590,Katihar Sector-6 Relief Center,Katihar,Bihar,flood,25.42132,88.04931,150,115,0.385,6.29,1,27.8,203.3,491.1,5.8,153.4,79.56,CRITICAL_DEFICIT,0
SH-WAY-4591,Wayanad Sector-13 Relief Center,Wayanad,Kerala,flood,11.43044,76.32132,150,88,0.616,1.35,0,20.1,131.7,329.6,3.1,44.1,100.0,CRITICAL_DEFICIT,0
SH-UTT-4592,Uttarkashi Sector-17 Relief Center,Uttarkashi,Uttarakhand,earthquake,30.63869,78.44335,150,20,0.201,6.13,1,28.1,68.5,127.4,0.9,41.4,66.22,DEFICIT,1
SH-KUT-4593,Kutch Sector-4 Relief Center,Kutch,Gujarat,earthquake,24.08391,69.94432,1200,797,0.05,0.03,1,19.3,4388.7,9981.9,72.9,1656.4,32.98,BALANCED,2
SH-KUT-4594,Kutch Sector-1 Relief Center,Kutch,Gujarat,earthquake,23.79312,69.60836,800,203,0.347,0.08,1,5.5,68.0,153.6,1.3,43.4,96.37,CRITICAL_DEFICIT,0
SH-DHU-4595,Dhubri Sector-4 Relief Center,Dhubri,Assam,flood,25.93834,89.74434,500,538,0.236,5.87,1,15.4,1908.2,3484.1,42.3,1431.3,63.31,DEFICIT,1
SH-DHU-4596,Dhubri Sector-15 Relief Center,Dhubri,Assam,flood,26.14699,89.70292,300,183,0.057,4.29,1,56.5,1404.3,2581.2,27.0,539.6,16.51,BALANCED,2
SH-KAT-4597,Katihar Sector-15 Relief Center,Katihar,Bihar,flood,25.477,87.69866,150,95,0.415,0.62,1,5.9,181.6,350.4,5.0,153.5,80.34,CRITICAL_DEFICIT,0
SH-BAL-4598,Balasore Sector-4 Relief Center,Balasore,Odisha,cyclone,21.48429,87.19438,800,452,0.342,0.4,0,0.0,799.6,2025.1,14.1,796.8,94.73,CRITICAL_DEFICIT,0
SH-DHU-4599,Dhubri Sector-6 Relief Center,Dhubri,Assam,flood,26.11062,89.588,800,773,0.176,3.29,0,6.4,6053.1,16126.9,128.2,2991.5,16.76,SURPLUS,3
SH-BAL-4600,Balasore Sector-10 Relief Center,Balasore,Odisha,cyclone,21.99576,86.69051,500,427,0.254,0.83,0,33.5,454.2,1267.8,6.1,169.5,100.0,CRITICAL_DEFICIT,0
SH-KAZ-4601,Kaziranga Sector-4 Relief Center,Kaziranga,Assam,flood,26.45625,92.83552,300,258,0.469,1.83,1,28.0,87.9,178.7,2.1,38.1,100.0,CRITICAL_DEFICIT,0
SH-KAN-4602,Kangra Sector-4 Relief Center,Kangra,Himachal Pradesh,earthquake,32.13718,76.04384,1200,1453,0.416,0.88,1,23.2,1350.6,3056.9,36.5,755.5,96.02,CRITICAL_DEFICIT,0
SH-IDU-4603,Idukki Sector-16 Relief Center,Idukki,Kerala,flood,9.14369,77.01965,500,489,0.276,5.63,0,26.3,150.1,325.9,2.0,131.9,100.0,CRITICAL_DEFICIT,0
SH-PUR-4604,Puri Sector-5 Relief Center,Puri,Odisha,cyclone,20.08792,85.97722,500,416,0.221,7.46,0,0.9,819.6,2310.1,12.5,339.4,89.85,CRITICAL_DEFICIT,0
SH-KAZ-4605,Kaziranga Sector-12 Relief Center,Kaziranga,Assam,flood,26.70637,93.51332,150,136,0.229,3.4,1,58.1,129.1,241.9,2.9,64.0,90.99,CRITICAL_DEFICIT,0
SH-KAN-4606,Kangra Sector-18 Relief Center,Kangra,Himachal Pradesh,earthquake,32.28871,75.9838,300,229,0.33,4.94,0,22.7,220.1,379.8,4.4,106.7,100.0,CRITICAL_DEFICIT,0
SH-KUT-4607,Kutch Sector-5 Relief Center,Kutch,Gujarat,earthquake,23.2681,69.54921,150,141,0.65,1.22,1,16.4,130.4,372.6,4.3,125.4,93.21,CRITICAL_DEFICIT,0
SH-BAL-4608,Balasore Sector-14 Relief Center,Balasore,Odisha,cyclone,21.34556,86.54272,500,162,0.417,4.75,0,13.6,275.8,632.3,6.6,273.5,97.57,CRITICAL_DEFICIT,0
SH-KUT-4609,Kutch Sector-11 Relief Center,Kutch,Gujarat,earthquake,23.99861,69.76674,500,552,0.056,0.63,1,50.7,957.2,2011.0,18.7,734.7,77.55,CRITICAL_DEFICIT,0
SH-IDU-4610,Idukki Sector-19 Relief Center,Idukki,Kerala,flood,10.12945,77.08619,300,262,0.206,2.49,1,2.9,1119.5,1885.1,23.3,411.5,63.18,DEFICIT,1
SH-PUR-4611,Puri Sector-15 Relief Center,Puri,Odisha,cyclone,19.96615,85.75011,300,234,0.575,1.52,1,31.8,735.2,2170.9,15.4,568.0,64.58,DEFICIT,1
SH-IDU-4612,Idukki Sector-11 Relief Center,Idukki,Kerala,flood,10.14724,77.51751,300,145,0.093,0.28,1,10.7,41.3,85.0,0.7,31.0,97.08,CRITICAL_DEFICIT,0
SH-KAT-4613,Katihar Sector-13 Relief Center,Katihar,Bihar,flood,25.43024,87.63146,300,359,0.137,0.08,0,31.4,1532.3,3934.4,29.5,1141.6,62.06,DEFICIT,1
SH-BAL-4614,Balasore Sector-4 Relief Center,Balasore,Odisha,cyclone,21.48014,86.44511,150,108,0.605,4.77,0,8.5,211.4,553.7,4.7,163.7,95.1,CRITICAL_DEFICIT,0
SH-DAR-4615,Darbhanga Sector-2 Relief Center,Darbhanga,Bihar,flood,26.17344,86.25908,300,355,0.258,4.75,1,3.0,1298.1,2687.1,32.4,605.8,56.46,DEFICIT,1
SH-BAL-4616,Balasore Sector-16 Relief Center,Balasore,Odisha,cyclone,20.89004,86.84945,150,181,0.271,1.81,0,18.7,185.0,402.7,3.7,125.8,100.0,CRITICAL_DEFICIT,0
SH-KUT-4617,Kutch Sector-2 Relief Center,Kutch,Gujarat,earthquake,23.58482,70.07479,300,203,0.337,2.55,1,20.3,71.9,140.6,0.9,42.4,98.4,CRITICAL_DEFICIT,0
SH-CHA-4618,Chamoli Sector-13 Relief Center,Chamoli,Uttarakhand,earthquake,30.11431,79.12893,150,127,0.056,1.11,1,31.6,103.3,287.0,1.8,91.7,93.02,CRITICAL_DEFICIT,0
SH-WAY-4619,Wayanad Sector-18 Relief Center,Wayanad,Kerala,flood,11.47148,76.14925,150,91,0.125,0.91,1,1.2,178.0,409.5,2.7,147.9,74.88,CRITICAL_DEFICIT,0
SH-BAL-4620,Balasore Sector-5 Relief Center,Balasore,Odisha,cyclone,21.61312,86.65119,150,60,0.389,1.11,1,24.9,63.2,145.1,1.8,23.4,87.02,CRITICAL_DEFICIT,0
SH-BAL-4621,Balasore Sector-3 Relief Center,Balasore,Odisha,cyclone,21.14853,86.70054,2000,1734,0.093,7.89,1,53.9,12768.1,24450.7,145.1,9171.8,20.43,BALANCED,2
SH-CHA-4622,Chamoli Sector-6 Relief Center,Chamoli,Uttarakhand,earthquake,30.21499,79.7372,500,91,0.053,4.04,0,22.0,877.7,1585.3,14.8,869.5,21.12,BALANCED,2
SH-DHU-4623,Dhubri Sector-2 Relief Center,Dhubri,Assam,flood,25.88877,90.04894,500,435,0.406,1.27,1,47.7,321.9,975.2,5.5,169.6,91.58,CRITICAL_DEFICIT,0
SH-KAN-4624,Kangra Sector-16 Relief Center,Kangra,Himachal Pradesh,earthquake,31.90445,76.05984,500,641,0.496,2.2,1,67.3,985.2,2048.0,25.4,845.2,89.72,CRITICAL_DEFICIT,0
SH-WAY-4625,Wayanad Sector-6 Relief Center,Wayanad,Kerala,flood,11.37053,75.88594,2000,2164,0.376,3.05,1,17.8,17056.5,47950.1,217.9,9121.0,3.48,SURPLUS,3
SH-KAZ-4626,Kaziranga Sector-3 Relief Center,Kaziranga,Assam,flood,26.53629,93.23995,300,81,0.166,5.02,1,29.1,156.9,294.4,2.4,124.7,84.01,CRITICAL_DEFICIT,0
SH-BAL-4627,Balasore Sector-10 Relief Center,Balasore,Odisha,cyclone,21.61239,86.44935,150,66,0.33,0.64,1,0.0,784.0,2114.0,16.1,594.6,3.05,SURPLUS,3
SH-UTT-4628,Uttarkashi Sector-19 Relief Center,Uttarkashi,Uttarakhand,earthquake,30.97622,78.29773,300,313,0.245,0.56,0,36.9,552.8,975.0,9.5,443.5,94.49,CRITICAL_DEFICIT,0
SH-IDU-4629,Idukki Sector-14 Relief Center,Idukki,Kerala,flood,9.98552,76.74377,300,263,0.168,6.39,0,47.9,237.5,700.8,3.0,140.8,100.0,CRITICAL_DEFICIT,0
SH-BAL-4630,Balasore Sector-1 Relief Center,Balasore,Odisha,cyclone,21.68848,86.94493,150,70,0.064,1.13,1,33.3,266.2,779.3,3.4,134.9,47.09,DEFICIT,1
SH-IDU-4631,Idukki Sector-7 Relief Center,Idukki,Kerala,flood,9.96351,76.7806,800,649,0.16,1.59,1,42.5,175.6,399.9,3.2,117.6,97.47,CRITICAL_DEFICIT,0
SH-KAT-4632,Katihar Sector-19 Relief Center,Katihar,Bihar,flood,25.73082,87.49141,800,286,0.191,0.7,1,22.3,2430.2,4547.1,55.9,849.8,11.75,BALANCED,2
SH-CHA-4633,Chamoli Sector-6 Relief Center,Chamoli,Uttarakhand,earthquake,30.51874,79.53096,800,287,0.282,4.06,1,0.0,308.2,535.5,3.6,114.4,92.34,CRITICAL_DEFICIT,0
SH-BAL-4634,Balasore Sector-4 Relief Center,Balasore,Odisha,cyclone,21.54362,87.213,500,134,0.087,0.16,1,43.9,597.5,1430.0,11.3,441.9,45.45,DEFICIT,1
SH-DAR-4635,Darbhanga Sector-17 Relief Center,Darbhanga,Bihar,flood,25.76095,85.90675,300,327,0.16,1.78,1,18.4,252.4,741.3,3.7,99.3,92.82,CRITICAL_DEFICIT,0
SH-KAT-4636,Katihar Sector-6 Relief Center,Katihar,Bihar,flood,25.8407,87.1999,150,150,0.073,2.23,1,13.8,42.1,120.4,0.8,41.3,92.24,CRITICAL_DEFICIT,0
SH-DHU-4637,Dhubri Sector-10 Relief Center,Dhubri,Assam,flood,25.99721,90.16548,300,261,0.358,0.03,0,30.0,87.0,142.1,1.3,38.3,100.0,CRITICAL_DEFICIT,0
SH-SOU-4638,South 24 Parganas Sector-19 Relief Center,South 24 Parganas,West Bengal,cyclone,22.35336,88.77432,500,253,0.366,2.02,0,14.0,84.1,140.2,1.4,67.6,100.0,CRITICAL_DEFICIT,0
SH-CHA-4639,Chamoli Sector-7 Relief Center,Chamoli,Uttarakhand,earthquake,30.05046,79.67757,300,174,0.281,0.91,0,26.2,152.5,292.8,2.0,95.2,100.0,CRITICAL_DEFICIT,0
SH-PUR-4640,Puri Sector-8 Relief Center,Puri,Odisha,cyclone,18.9517,86.25554,1200,265,0.515,0.56,1,15.4,823.5,2035.8,20.6,419.5,64.74,DEFICIT,1
SH-KAT-4641,Katihar Sector-15 Relief Center,Katihar,Bihar,flood,25.60237,87.40008,300,356,0.309,1.73,1,25.1,612.6,1610.8,8.9,589.0,74.51,CRITICAL_DEFICIT,0
SH-BAL-4642,Balasore Sector-2 Relief Center,Balasore,Odisha,cyclone,21.39673,87.23429,500,67,0.165,1.62,1,0.0,139.7,317.3,1.8,67.9,67.62,CRITICAL_DEFICIT,0
SH-WAY-4643,Wayanad Sector-8 Relief Center,Wayanad,Kerala,flood,11.7355,76.08053,300,164,0.598,0.11,0,32.9,292.5,750.4,6.9,146.2,93.48,CRITICAL_DEFICIT,0
SH-UTT-4644,Uttarkashi Sector-12 Relief Center,Uttarkashi,Uttarakhand,earthquake,30.87008,78.74699,500,327,0.113,3.14,0,0.0,322.3,716.8,6.3,158.8,100.0,CRITICAL_DEFICIT,0
SH-DHU-4645,Dhubri Sector-16 Relief Center,Dhubri,Assam,flood,26.04969,89.84628,500,130,0.411,0.1,1,54.0,266.2,564.5,6.9,131.6,80.39,CRITICAL_DEFICIT,0
SH-IDU-4646,Idukki Sector-8 Relief Center,Idukki,Kerala,flood,9.86,76.89939,800,696,0.551,0.72,1,28.3,1077.1,2488.0,36.4,759.5,84.73,CRITICAL_DEFICIT,0
SH-KAT-4647,Katihar Sector-8 Relief Center,Katihar,Bihar,flood,25.61625,87.72471,300,276,0.178,7.26,0,17.1,1048.7,2652.8,24.0,1008.7,65.89,DEFICIT,1
SH-UTT-4648,Uttarkashi Sector-16 Relief Center,Uttarkashi,Uttarakhand,earthquake,30.93116,78.276,500,566,0.157,6.26,1,5.9,5181.1,11005.9,60.5,3436.3,4.18,SURPLUS,3
SH-DAR-4649,Darbhanga Sector-18 Relief Center,Darbhanga,Bihar,flood,26.24199,85.9695,150,154,0.128,4.97,0,7.3,45.1,83.8,0.6,24.2,100.0,CRITICAL_DEFICIT,0
SH-SOU-4650,South 24 Parganas Sector-16 Relief Center,South 24 Parganas,West Bengal,cyclone,22.23709,88.88358,150,83,0.352,0.85,1,4.4,166.2,421.8,3.0,120.7,74.66,CRITICAL_DEFICIT,0
SH-DAR-4651,Darbhanga Sector-15 Relief Center,Darbhanga,Bihar,flood,26.07788,86.02402,300,251,0.173,0.29,1,27.4,265.9,766.8,5.5,244.2,85.28,CRITICAL_DEFICIT,0
SH-CHA-4652,Chamoli Sector-10 Relief Center,Chamoli,Uttarakhand,earthquake,30.30926,79.29671,300,77,0.275,0.44,0,4.8,20.4,58.9,0.4,18.1,100.0,CRITICAL_DEFICIT,0
SH-DAR-4653,Darbhanga Sector-18 Relief Center,Darbhanga,Bihar,flood,25.81782,85.76929,2000,2024,0.276,1.26,1,54.3,14954.8,34233.6,252.5,13689.9,5.12,BALANCED,2
SH-CHA-4654,Chamoli Sector-2 Relief Center,Chamoli,Uttarakhand,earthquake,30.6217,79.31306,300,286,0.389,0.45,1,28.8,273.5,610.8,5.9,142.3,85.32,CRITICAL_DEFICIT,0
SH-KAT-4655,Katihar Sector-2 Relief Center,Katihar,Bihar,flood,26.17861,87.25876,300,113,0.098,3.23,1,25.0,35.8,89.7,0.4,22.3,94.8,CRITICAL_DEFICIT,0
SH-DHU-4656,Dhubri Sector-8 Relief Center,Dhubri,Assam,flood,25.86824,89.7589,300,166,0.211,1.48,1,21.8,1274.0,3655.4,20.4,1171.0,1.71,SURPLUS,3
SH-PUR-4657,Puri Sector-2 Relief Center,Puri,Odisha,cyclone,19.68562,86.08429,300,283,0.087,1.65,1,2.5,489.7,810.0,9.6,383.2,86.4,CRITICAL_DEFICIT,0
SH-UTT-4658,Uttarkashi Sector-14 Relief Center,Uttarkashi,Uttarakhand,earthquake,30.94729,78.32844,150,157,0.65,0.86,1,17.6,1172.0,3501.7,19.5,843.1,10.86,BALANCED,2
SH-WAY-4659,Wayanad Sector-2 Relief Center,Wayanad,Kerala,flood,11.52924,75.92991,300,214,0.095,0.36,0,19.4,695.4,2081.8,7.1,640.5,76.27,CRITICAL_DEFICIT,0
SH-KAN-4660,Kangra Sector-14 Relief Center,Kangra,Himachal Pradesh,earthquake,31.89415,76.30677,1200,444,0.096,4.13,1,31.9,653.6,1931.3,6.8,531.3,83.01,CRITICAL_DEFICIT,0
SH-CHA-4661,Chamoli Sector-12 Relief Center,Chamoli,Uttarakhand,earthquake,30.23632,79.42222,300,284,0.253,0.18,0,7.9,249.6,462.3,5.0,85.9,100.0,CRITICAL_DEFICIT,0
SH-VIS-4662,Visakhapatnam Sector-13 Relief Center,Visakhapatnam,Andhra Pradesh,cyclone,17.62866,83.34432,150,113,0.241,1.33,0,65.1,30.6,78.0,0.5,12.9,100.0,CRITICAL_DEFICIT,0
SH-KAT-4663,Katihar Sector-4 Relief Center,Katihar,Bihar,flood,25.5268,87.77897,300,335,0.421,2.87,0,44.4,2148.6,6004.1,57.1,1513.2,34.7,BALANCED,2
SH-UTT-4664,Uttarkashi Sector-6 Relief Center,Uttarkashi,Uttarakhand,earthquake,30.71517,78.56079,500,161,0.36,0.8,1,9.0,284.6,860.9,3.7,261.1,81.16,CRITICAL_DEFICIT,0
SH-KAZ-4665,Kaziranga Sector-17 Relief Center,Kaziranga,Assam,flood,26.36879,93.47148,800,238,0.476,1.02,1,28.7,474.1,861.1,7.6,256.2,81.46,CRITICAL_DEFICIT,0
SH-DHU-4666,Dhubri Sector-8 Relief Center,Dhubri,Assam,flood,25.9269,90.22108,300,150,0.247,1.04,0,1.0,464.5,1339.6,8.8,458.4,77.47,CRITICAL_DEFICIT,0
SH-BAL-4667,Balasore Sector-7 Relief Center,Balasore,Odisha,cyclone,21.46951,87.17777,500,44,0.164,0.03,0,30.3,137.8,327.3,1.7,55.5,76.02,CRITICAL_DEFICIT,0
SH-IDU-4668,Idukki Sector-11 Relief Center,Idukki,Kerala,flood,9.85615,76.98478,300,159,0.162,5.71,0,12.3,133.4,301.9,2.1,123.7,100.0,CRITICAL_DEFICIT,0
SH-UTT-4669,Uttarkashi Sector-3 Relief Center,Uttarkashi,Uttarakhand,earthquake,30.83858,78.89543,800,513,0.184,0.59,0,19.1,864.1,2310.4,16.1,737.6,99.1,CRITICAL_DEFICIT,0
SH-DHU-4670,Dhubri Sector-3 Relief Center,Dhubri,Assam,flood,26.52982,89.99765,300,255,0.174,0.19,1,16.7,197.4,553.3,2.8,128.3,96.0,CRITICAL_DEFICIT,0
SH-DHU-4671,Dhubri Sector-13 Relief Center,Dhubri,Assam,flood,25.91128,89.58575,150,47,0.183,1.0,0,17.0,178.3,494.2,3.0,72.7,70.38,CRITICAL_DEFICIT,0
SH-BAL-4672,Balasore Sector-5 Relief Center,Balasore,Odisha,cyclone,21.42907,86.84053,800,346,0.532,0.32,1,39.5,745.5,2205.4,16.4,647.2,73.36,CRITICAL_DEFICIT,0
SH-PUR-4673,Puri Sector-3 Relief Center,Puri,Odisha,cyclone,19.91905,85.69456,500,554,0.099,0.28,1,33.3,5851.3,16155.8,72.0,4618.7,0.0,SURPLUS,3
SH-KAZ-4674,Kaziranga Sector-3 Relief Center,Kaziranga,Assam,flood,26.52805,92.85811,150,90,0.523,6.78,0,17.6,30.8,91.5,0.8,28.5,100.0,CRITICAL_DEFICIT,0
SH-VIS-4675,Visakhapatnam Sector-6 Relief Center,Visakhapatnam,Andhra Pradesh,cyclone,17.42184,83.76266,500,239,0.483,1.42,0,22.7,512.4,1367.1,14.8,421.1,91.95,CRITICAL_DEFICIT,0
SH-SOU-4676,South 24 Parganas Sector-15 Relief Center,South 24 Parganas,West Bengal,cyclone,22.17721,88.61957,150,141,0.349,3.08,0,7.1,212.3,429.7,3.2,204.5,100.0,CRITICAL_DEFICIT,0
SH-UTT-4677,Uttarkashi Sector-17 Relief Center,Uttarkashi,Uttarakhand,earthquake,30.4148,78.48217,300,176,0.65,1.14,1,12.2,630.2,1046.4,20.5,212.5,73.95,CRITICAL_DEFICIT,0
SH-UTT-4678,Uttarkashi Sector-17 Relief Center,Uttarkashi,Uttarakhand,earthquake,30.72426,78.32486,300,235,0.31,0.71,1,39.1,191.4,549.7,5.0,70.6,91.93,CRITICAL_DEFICIT,0
SH-UTT-4679,Uttarkashi Sector-8 Relief Center,Uttarkashi,Uttarakhand,earthquake,30.76375,78.66584,300,218,0.571,1.11,1,29.9,697.9,1632.1,21.3,336.5,62.15,DEFICIT,1
SH-WAY-4680,Wayanad Sector-3 Relief Center,Wayanad,Kerala,flood,11.76187,76.00557,800,130,0.414,1.0,1,34.9,208.8,455.4,6.0,181.3,85.44,CRITICAL_DEFICIT,0
SH-KAN-4681,Kangra Sector-13 Relief Center,Kangra,Himachal Pradesh,earthquake,31.93083,76.19212,500,472,0.18,1.34,1,6.9,451.8,888.7,7.3,398.0,92.67,CRITICAL_DEFICIT,0
SH-WAY-4682,Wayanad Sector-5 Relief Center,Wayanad,Kerala,flood,11.41428,75.49275,500,422,0.569,1.18,0,29.3,878.3,2140.1,28.5,681.7,94.15,CRITICAL_DEFICIT,0
SH-KUT-4683,Kutch Sector-13 Relief Center,Kutch,Gujarat,earthquake,23.96957,69.68192,300,125,0.288,0.03,1,24.9,251.5,419.1,3.3,225.6,85.08,CRITICAL_DEFICIT,0
SH-SOU-4684,South 24 Parganas Sector-7 Relief Center,South 24 Parganas,West Bengal,cyclone,22.12283,88.60703,300,220,0.307,1.49,0,6.5,382.7,1107.2,4.7,381.8,97.79,CRITICAL_DEFICIT,0
SH-CHA-4685,Chamoli Sector-16 Relief Center,Chamoli,Uttarakhand,earthquake,30.06483,79.55889,150,40,0.167,0.12,1,3.4,62.9,121.0,1.2,57.4,86.48,CRITICAL_DEFICIT,0
SH-KAN-4686,Kangra Sector-4 Relief Center,Kangra,Himachal Pradesh,earthquake,31.70529,76.20376,300,113,0.206,5.28,0,18.0,243.0,534.7,3.6,126.4,87.89,CRITICAL_DEFICIT,0
SH-DAR-4687,Darbhanga Sector-19 Relief Center,Darbhanga,Bihar,flood,26.09274,85.90174,800,473,0.05,2.05,1,35.7,169.7,495.5,3.1,116.2,96.3,CRITICAL_DEFICIT,0
SH-DAR-4688,Darbhanga Sector-5 Relief Center,Darbhanga,Bihar,flood,25.99131,85.91368,1200,580,0.347,1.14,1,26.7,538.3,1101.0,10.8,292.0,87.93,CRITICAL_DEFICIT,0
SH-IDU-4689,Idukki Sector-1 Relief Center,Idukki,Kerala,flood,9.86824,77.21557,800,39,0.182,3.16,0,0.0,82.5,200.4,1.0,53.4,86.51,CRITICAL_DEFICIT,0
SH-KAN-4690,Kangra Sector-10 Relief Center,Kangra,Himachal Pradesh,earthquake,32.06498,75.95912,300,98,0.262,1.75,1,3.3,88.2,263.7,2.2,34.9,91.01,CRITICAL_DEFICIT,0
SH-IDU-4691,Idukki Sector-17 Relief Center,Idukki,Kerala,flood,9.6245,77.09733,500,424,0.525,2.3,0,35.5,3332.4,9423.3,95.3,1112.4,23.1,SURPLUS,3
SH-KUT-4692,Kutch Sector-3 Relief Center,Kutch,Gujarat,earthquake,23.7372,69.88965,150,79,0.313,2.53,0,31.0,69.3,145.5,1.8,36.9,100.0,CRITICAL_DEFICIT,0
SH-UTT-4693,Uttarkashi Sector-8 Relief Center,Uttarkashi,Uttarakhand,earthquake,30.9807,77.96587,500,280,0.072,4.77,0,28.9,275.3,608.9,3.1,260.1,100.0,CRITICAL_DEFICIT,0
SH-CHA-4694,Chamoli Sector-15 Relief Center,Chamoli,Uttarakhand,earthquake,30.42847,79.14671,800,675,0.213,2.69,1,24.8,1117.2,2808.6,16.3,978.0,77.72,CRITICAL_DEFICIT,0
SH-CHA-4695,Chamoli Sector-10 Relief Center,Chamoli,Uttarakhand,earthquake,30.71928,79.5109,300,237,0.183,2.92,1,36.2,2469.4,6900.6,52.0,1527.0,0.74,SURPLUS,3
SH-BAL-4696,Balasore Sector-16 Relief Center,Balasore,Odisha,cyclone,21.65803,86.89536,500,76,0.115,2.68,1,15.0,115.0,323.7,1.5,109.4,79.2,CRITICAL_DEFICIT,0
SH-KAN-4697,Kangra Sector-10 Relief Center,Kangra,Himachal Pradesh,earthquake,32.35908,76.11167,300,172,0.138,1.68,1,30.6,179.4,511.2,2.9,88.8,88.47,CRITICAL_DEFICIT,0
SH-KUT-4698,Kutch Sector-14 Relief Center,Kutch,Gujarat,earthquake,23.84015,69.89684,150,129,0.228,7.07,0,0.0,563.1,1484.8,10.4,338.5,60.22,DEFICIT,1
SH-KAZ-4699,Kaziranga Sector-8 Relief Center,Kaziranga,Assam,flood,26.50008,93.64609,300,230,0.089,4.99,1,1.1,67.0,128.1,1.0,49.8,100.0,CRITICAL_DEFICIT,0
SH-DAR-4700,Darbhanga Sector-10 Relief Center,Darbhanga,Bihar,flood,26.12653,85.84153,2000,997,0.195,0.58,1,42.8,7352.5,13445.6,89.4,2950.0,25.85,BALANCED,2
SH-CHA-4701,Chamoli Sector-3 Relief Center,Chamoli,Uttarakhand,earthquake,30.60623,78.67862,500,493,0.467,5.68,0,17.2,482.2,959.0,8.9,365.8,100.0,CRITICAL_DEFICIT,0
SH-PUR-4702,Puri Sector-17 Relief Center,Puri,Odisha,cyclone,19.60894,85.28073,1200,886,0.183,0.6,1,36.9,219.8,471.6,4.1,214.3,100.0,CRITICAL_DEFICIT,0
SH-KAZ-4703,Kaziranga Sector-10 Relief Center,Kaziranga,Assam,flood,26.55308,93.51795,150,136,0.112,1.72,1,0.0,1063.1,2699.5,23.0,614.1,0.0,SURPLUS,3
SH-CHA-4704,Chamoli Sector-3 Relief Center,Chamoli,Uttarakhand,earthquake,30.6405,78.81987,800,118,0.281,5.16,0,2.5,465.3,944.3,8.7,203.0,72.71,CRITICAL_DEFICIT,0
SH-VIS-4705,Visakhapatnam Sector-7 Relief Center,Visakhapatnam,Andhra Pradesh,cyclone,17.64575,83.14401,150,110,0.14,3.71,0,7.8,167.2,436.2,3.7,162.8,94.46,CRITICAL_DEFICIT,0
SH-KAT-4706,Katihar Sector-19 Relief Center,Katihar,Bihar,flood,25.61246,87.2323,800,858,0.541,1.14,1,12.3,6606.5,19515.8,104.7,4718.5,5.8,SURPLUS,3
SH-IDU-4707,Idukki Sector-18 Relief Center,Idukki,Kerala,flood,9.64618,76.49542,500,122,0.384,0.56,0,7.2,97.4,227.5,2.7,50.0,100.0,CRITICAL_DEFICIT,0
SH-KUT-4708,Kutch Sector-19 Relief Center,Kutch,Gujarat,earthquake,23.4658,69.82803,500,288,0.475,3.0,0,20.8,1055.4,2284.5,25.1,870.9,75.05,CRITICAL_DEFICIT,0
SH-SOU-4709,South 24 Parganas Sector-2 Relief Center,South 24 Parganas,West Bengal,cyclone,21.57813,88.28854,800,326,0.412,5.19,1,17.2,110.0,315.4,1.5,55.5,100.0,CRITICAL_DEFICIT,0
SH-KAZ-4710,Kaziranga Sector-3 Relief Center,Kaziranga,Assam,flood,26.16423,93.0106,150,67,0.194,3.84,0,32.9,472.9,782.2,7.1,290.5,52.58,DEFICIT,1
SH-KAZ-4711,Kaziranga Sector-13 Relief Center,Kaziranga,Assam,flood,26.96709,93.03904,300,231,0.075,1.29,1,0.0,1037.1,1871.6,12.3,545.1,51.34,DEFICIT,1
SH-KAT-4712,Katihar Sector-8 Relief Center,Katihar,Bihar,flood,25.24654,86.85134,500,266,0.326,8.18,0,5.9,1181.2,3179.8,32.5,814.0,57.43,DEFICIT,1
SH-WAY-4713,Wayanad Sector-18 Relief Center,Wayanad,Kerala,flood,11.80735,75.83931,300,100,0.224,0.16,1,25.0,73.9,215.0,1.0,26.5,92.42,CRITICAL_DEFICIT,0
SH-UTT-4714,Uttarkashi Sector-18 Relief Center,Uttarkashi,Uttarakhand,earthquake,30.50504,79.10283,1200,958,0.392,0.09,1,18.7,707.5,1715.9,17.1,280.4,90.37,CRITICAL_DEFICIT,0
SH-SOU-4715,South 24 Parganas Sector-1 Relief Center,South 24 Parganas,West Bengal,cyclone,21.8782,88.52798,150,48,0.265,6.23,0,18.1,157.3,449.3,3.5,140.4,74.32,CRITICAL_DEFICIT,0
SH-KAZ-4716,Kaziranga Sector-10 Relief Center,Kaziranga,Assam,flood,26.28127,93.09417,800,831,0.137,2.65,1,42.4,1651.0,2909.1,33.6,861.5,77.26,CRITICAL_DEFICIT,0
SH-UTT-4717,Uttarkashi Sector-8 Relief Center,Uttarkashi,Uttarakhand,earthquake,30.53355,78.11894,150,144,0.315,3.76,1,11.7,136.8,406.4,3.7,99.2,86.48,CRITICAL_DEFICIT,0
SH-DAR-4718,Darbhanga Sector-15 Relief Center,Darbhanga,Bihar,flood,26.05921,86.1196,1200,930,0.426,0.38,1,53.7,9880.5,28591.7,289.4,4084.8,9.94,SURPLUS,3
SH-BAL-4719,Balasore Sector-3 Relief Center,Balasore,Odisha,cyclone,21.4237,86.70288,500,412,0.225,2.49,1,18.6,1733.8,4891.9,24.1,1538.0,51.57,DEFICIT,1
SH-PUR-4720,Puri Sector-9 Relief Center,Puri,Odisha,cyclone,19.4404,85.66126,1200,500,0.151,2.45,1,29.3,726.2,2140.9,10.0,614.0,87.47,CRITICAL_DEFICIT,0
SH-SOU-4721,South 24 Parganas Sector-6 Relief Center,South 24 Parganas,West Bengal,cyclone,22.32779,88.40225,500,383,0.119,2.93,1,0.8,306.3,736.8,4.8,242.0,83.65,CRITICAL_DEFICIT,0
SH-BAL-4722,Balasore Sector-4 Relief Center,Balasore,Odisha,cyclone,21.75908,86.80679,150,42,0.073,0.26,1,39.1,71.5,172.2,0.6,44.4,81.25,CRITICAL_DEFICIT,0
SH-KAT-4723,Katihar Sector-10 Relief Center,Katihar,Bihar,flood,25.39676,87.33464,500,457,0.625,4.82,0,15.7,421.2,947.4,12.6,391.7,100.0,CRITICAL_DEFICIT,0
SH-KAZ-4724,Kaziranga Sector-6 Relief Center,Kaziranga,Assam,flood,26.30705,93.256,300,259,0.294,5.83,1,29.3,262.5,661.2,6.1,255.3,89.28,CRITICAL_DEFICIT,0
SH-IDU-4725,Idukki Sector-18 Relief Center,Idukki,Kerala,flood,9.96875,77.31453,300,350,0.303,4.23,1,6.5,314.7,843.9,4.4,294.4,95.44,CRITICAL_DEFICIT,0
SH-SOU-4726,South 24 Parganas Sector-3 Relief Center,South 24 Parganas,West Bengal,cyclone,22.08622,88.6826,500,510,0.337,2.96,1,41.2,4034.7,12171.9,93.5,2853.6,3.08,SURPLUS,3
SH-UTT-4727,Uttarkashi Sector-15 Relief Center,Uttarkashi,Uttarakhand,earthquake,30.87305,78.04569,500,170,0.182,0.02,1,0.0,531.2,1500.5,7.6,456.0,62.72,DEFICIT,1
SH-DHU-4728,Dhubri Sector-16 Relief Center,Dhubri,Assam,flood,26.12668,89.72063,300,71,0.392,4.91,0,45.1,25.5,55.3,0.7,16.3,100.0,CRITICAL_DEFICIT,0
SH-BAL-4729,Balasore Sector-5 Relief Center,Balasore,Odisha,cyclone,21.90184,86.55394,150,114,0.126,2.44,0,21.5,114.1,240.0,1.3,48.7,100.0,CRITICAL_DEFICIT,0
SH-VIS-4730,Visakhapatnam Sector-16 Relief Center,Visakhapatnam,Andhra Pradesh,cyclone,17.85513,82.91302,2000,1780,0.32,1.03,1,45.4,1905.3,3510.8,36.7,1811.5,87.76,CRITICAL_DEFICIT,0
SH-CHA-4731,Chamoli Sector-5 Relief Center,Chamoli,Uttarakhand,earthquake,30.73669,79.20968,300,136,0.05,0.09,1,0.0,197.1,501.2,1.8,139.6,81.92,CRITICAL_DEFICIT,0
SH-SOU-4732,South 24 Parganas Sector-15 Relief Center,South 24 Parganas,West Bengal,cyclone,22.32787,88.4086,800,346,0.089,5.54,0,32.5,251.8,642.0,4.0,200.0,100.0,CRITICAL_DEFICIT,0
SH-CHA-4733,Chamoli Sector-13 Relief Center,Chamoli,Uttarakhand,earthquake,30.57753,79.67064,300,205,0.492,0.55,1,19.7,51.4,112.2,1.4,40.2,98.84,CRITICAL_DEFICIT,0
SH-VIS-4734,Visakhapatnam Sector-15 Relief Center,Visakhapatnam,Andhra Pradesh,cyclone,17.61009,83.12098,500,200,0.311,3.03,0,15.7,787.7,2268.6,13.6,707.5,64.55,DEFICIT,1
SH-CHA-4735,Chamoli Sector-19 Relief Center,Chamoli,Uttarakhand,earthquake,30.73115,79.06377,300,116,0.208,1.85,1,42.0,89.3,239.2,1.5,33.2,89.06,CRITICAL_DEFICIT,0
SH-UTT-4736,Uttarkashi Sector-10 Relief Center,Uttarkashi,Uttarakhand,earthquake,30.87883,78.384,150,155,0.512,1.24,1,0.0,167.1,409.4,4.6,73.2,90.67,CRITICAL_DEFICIT,0
SH-CHA-4737,Chamoli Sector-1 Relief Center,Chamoli,Uttarakhand,earthquake,30.61793,79.13347,300,255,0.247,0.67,0,25.6,1724.5,4265.0,43.9,1003.9,31.04,BALANCED,2
SH-SOU-4738,South 24 Parganas Sector-15 Relief Center,South 24 Parganas,West Bengal,cyclone,22.50281,88.17329,1200,1073,0.05,0.03,1,30.1,1098.8,2420.7,14.1,843.7,91.78,CRITICAL_DEFICIT,0
SH-KAT-4739,Katihar Sector-6 Relief Center,Katihar,Bihar,flood,25.40749,87.78089,500,470,0.509,0.43,1,28.5,766.8,1804.8,12.9,553.6,75.92,CRITICAL_DEFICIT,0
SH-KAN-4740,Kangra Sector-14 Relief Center,Kangra,Himachal Pradesh,earthquake,32.26124,76.06601,500,254,0.37,1.9,1,29.9,87.2,205.7,2.3,74.4,100.0,CRITICAL_DEFICIT,0
SH-KAN-4741,Kangra Sector-5 Relief Center,Kangra,Himachal Pradesh,earthquake,31.9312,76.21739,500,569,0.419,3.54,1,38.1,2499.7,6187.2,48.0,1204.3,45.71,DEFICIT,1
SH-DHU-4742,Dhubri Sector-18 Relief Center,Dhubri,Assam,flood,26.07343,90.04805,500,502,0.485,1.85,1,10.4,396.5,707.7,9.1,214.5,96.95,CRITICAL_DEFICIT,0
SH-BAL-4743,Balasore Sector-5 Relief Center,Balasore,Odisha,cyclone,21.41065,86.78866,500,565,0.352,2.28,0,36.5,202.5,580.3,2.6,101.6,100.0,CRITICAL_DEFICIT,0
SH-UTT-4744,Uttarkashi Sector-17 Relief Center,Uttarkashi,Uttarakhand,earthquake,31.03048,78.27101,300,183,0.099,0.44,0,8.2,759.3,1651.6,11.1,490.8,71.67,CRITICAL_DEFICIT,0
SH-CHA-4745,Chamoli Sector-2 Relief Center,Chamoli,Uttarakhand,earthquake,30.38356,78.96906,150,102,0.177,0.14,1,9.5,718.9,1663.0,8.4,302.2,10.94,BALANCED,2
SH-KAZ-4746,Kaziranga Sector-6 Relief Center,Kaziranga,Assam,flood,26.67109,93.77612,150,160,0.09,0.06,0,26.2,169.2,383.9,1.8,139.6,100.0,CRITICAL_DEFICIT,0
SH-KAZ-4747,Kaziranga Sector-16 Relief Center,Kaziranga,Assam,flood,26.6206,92.95655,500,327,0.125,0.71,1,44.5,100.6,262.8,1.2,45.3,99.08,CRITICAL_DEFICIT,0
SH-KUT-4748,Kutch Sector-8 Relief Center,Kutch,Gujarat,earthquake,23.34837,69.69055,300,184,0.497,1.49,1,10.4,657.2,1204.6,9.3,499.6,71.91,CRITICAL_DEFICIT,0
SH-WAY-4749,Wayanad Sector-17 Relief Center,Wayanad,Kerala,flood,11.85469,76.22607,1200,1103,0.228,1.26,1,30.3,959.2,2120.3,20.8,682.3,89.15,CRITICAL_DEFICIT,0
SH-KAN-4750,Kangra Sector-16 Relief Center,Kangra,Himachal Pradesh,earthquake,32.0145,76.06626,500,188,0.426,3.37,0,31.6,1151.1,2598.7,34.8,395.3,42.75,DEFICIT,1
SH-IDU-4751,Idukki Sector-10 Relief Center,Idukki,Kerala,flood,10.20531,77.15956,300,216,0.642,2.01,1,42.7,451.3,1082.2,10.7,398.4,77.61,CRITICAL_DEFICIT,0
SH-KAZ-4752,Kaziranga Sector-9 Relief Center,Kaziranga,Assam,flood,26.30282,92.80915,300,223,0.358,0.51,1,44.1,1639.4,3021.5,39.6,567.3,22.19,BALANCED,2
SH-DAR-4753,Darbhanga Sector-10 Relief Center,Darbhanga,Bihar,flood,26.07563,86.11192,800,574,0.226,0.83,1,30.7,990.1,1986.5,11.2,983.7,83.97,CRITICAL_DEFICIT,0
SH-DHU-4754,Dhubri Sector-5 Relief Center,Dhubri,Assam,flood,25.93373,90.41036,150,86,0.132,1.05,0,0.0,23.9,44.1,0.5,12.2,100.0,CRITICAL_DEFICIT,0
SH-UTT-4755,Uttarkashi Sector-16 Relief Center,Uttarkashi,Uttarakhand,earthquake,31.02284,78.41099,300,296,0.403,11.83,0,0.0,222.4,441.7,4.1,198.8,100.0,CRITICAL_DEFICIT,0
SH-PUR-4756,Puri Sector-5 Relief Center,Puri,Odisha,cyclone,19.8095,85.8176,300,237,0.241,1.1,1,19.1,209.7,438.7,4.1,191.0,88.27,CRITICAL_DEFICIT,0
SH-IDU-4757,Idukki Sector-4 Relief Center,Idukki,Kerala,flood,9.67567,77.39436,300,173,0.492,2.5,1,40.0,1328.9,2450.1,34.3,978.2,28.24,BALANCED,2
SH-CHA-4758,Chamoli Sector-16 Relief Center,Chamoli,Uttarakhand,earthquake,30.40795,79.37399,500,133,0.235,5.78,0,7.3,466.0,1406.8,7.0,164.3,67.22,DEFICIT,1
SH-CHA-4759,Chamoli Sector-9 Relief Center,Chamoli,Uttarakhand,earthquake,29.85707,79.47985,300,144,0.452,0.4,1,58.9,275.1,453.7,4.7,245.2,89.57,CRITICAL_DEFICIT,0
SH-SOU-4760,South 24 Parganas Sector-2 Relief Center,South 24 Parganas,West Bengal,cyclone,22.32369,89.0673,1200,650,0.22,1.67,0,21.7,1104.2,3162.8,18.9,372.2,97.62,CRITICAL_DEFICIT,0
SH-CHA-4761,Chamoli Sector-2 Relief Center,Chamoli,Uttarakhand,earthquake,30.06361,79.32922,800,748,0.247,1.67,1,29.5,1168.7,2692.6,23.7,863.7,81.55,CRITICAL_DEFICIT,0
SH-KAZ-4762,Kaziranga Sector-6 Relief Center,Kaziranga,Assam,flood,26.74642,93.06644,500,434,0.066,0.69,1,1.1,835.9,2088.4,9.0,769.8,79.91,CRITICAL_DEFICIT,0
SH-VIS-4763,Visakhapatnam Sector-14 Relief Center,Visakhapatnam,Andhra Pradesh,cyclone,18.0727,83.4072,300,309,0.05,0.09,1,42.6,292.5,594.9,2.6,239.3,86.24,CRITICAL_DEFICIT,0
SH-IDU-4764,Idukki Sector-11 Relief Center,Idukki,Kerala,flood,9.6875,76.3631,150,149,0.363,2.72,1,14.1,128.3,312.9,2.0,70.3,93.86,CRITICAL_DEFICIT,0
SH-KAT-4765,Katihar Sector-4 Relief Center,Katihar,Bihar,flood,25.43512,87.80327,300,243,0.192,0.43,0,34.3,856.8,2452.6,20.5,518.9,65.13,DEFICIT,1
SH-UTT-4766,Uttarkashi Sector-5 Relief Center,Uttarkashi,Uttarakhand,earthquake,30.56068,79.12614,500,385,0.35,4.96,1,54.2,780.8,2218.1,17.5,549.5,74.11,CRITICAL_DEFICIT,0
SH-KUT-4767,Kutch Sector-2 Relief Center,Kutch,Gujarat,earthquake,23.69441,69.78058,500,359,0.375,4.76,0,25.7,4481.0,12795.8,85.5,4457.4,21.04,SURPLUS,3
SH-BAL-4768,Balasore Sector-8 Relief Center,Balasore,Odisha,cyclone,21.5956,87.16028,500,467,0.136,0.46,1,43.9,429.7,992.4,5.7,374.2,86.12,CRITICAL_DEFICIT,0
SH-WAY-4769,Wayanad Sector-4 Relief Center,Wayanad,Kerala,flood,11.54757,75.91909,150,29,0.642,0.08,0,30.7,98.0,295.2,2.5,85.2,77.65,CRITICAL_DEFICIT,0
SH-PUR-4770,Puri Sector-18 Relief Center,Puri,Odisha,cyclone,20.00442,85.91235,150,51,0.145,3.27,0,6.6,52.1,128.1,0.8,45.6,100.0,CRITICAL_DEFICIT,0
SH-IDU-4771,Idukki Sector-12 Relief Center,Idukki,Kerala,flood,9.93488,77.00933,300,207,0.293,4.7,0,20.3,187.8,480.4,4.2,122.9,100.0,CRITICAL_DEFICIT,0
SH-KUT-4772,Kutch Sector-4 Relief Center,Kutch,Gujarat,earthquake,23.69661,69.98322,150,61,0.382,0.63,1,51.4,90.4,173.7,2.5,39.4,89.84,CRITICAL_DEFICIT,0
SH-BAL-4773,Balasore Sector-8 Relief Center,Balasore,Odisha,cyclone,21.29841,87.06908,150,76,0.335,0.27,1,1.2,60.6,170.5,0.9,23.0,92.66,CRITICAL_DEFICIT,0
SH-PUR-4774,Puri Sector-8 Relief Center,Puri,Odisha,cyclone,19.64647,85.66103,1200,205,0.441,12.68,1,0.0,1833.7,3507.8,38.5,1078.9,7.09,BALANCED,2
SH-KAT-4775,Katihar Sector-13 Relief Center,Katihar,Bihar,flood,25.16455,87.80772,500,246,0.236,1.27,1,36.0,1458.0,3110.3,19.7,739.9,35.3,BALANCED,2
SH-SOU-4776,South 24 Parganas Sector-10 Relief Center,South 24 Parganas,West Bengal,cyclone,21.92061,88.43817,500,430,0.229,2.6,1,0.0,1710.6,4814.6,27.4,704.1,49.4,DEFICIT,1
SH-KAN-4777,Kangra Sector-7 Relief Center,Kangra,Himachal Pradesh,earthquake,31.517,76.37321,150,81,0.193,11.27,0,20.6,161.2,352.3,1.7,76.6,92.3,CRITICAL_DEFICIT,0
SH-KUT-4778,Kutch Sector-8 Relief Center,Kutch,Gujarat,earthquake,23.37003,69.62705,150,99,0.118,0.11,0,0.0,24.2,49.8,0.5,16.0,100.0,CRITICAL_DEFICIT,0
SH-KUT-4779,Kutch Sector-4 Relief Center,Kutch,Gujarat,earthquake,23.79127,70.11867,800,844,0.25,0.36,0,35.1,1564.5,2874.0,32.8,1231.9,97.71,CRITICAL_DEFICIT,0
SH-SOU-4780,South 24 Parganas Sector-2 Relief Center,South 24 Parganas,West Bengal,cyclone,22.26508,88.88574,500,543,0.168,3.18,0,0.0,5311.2,10999.0,108.5,2330.5,19.71,SURPLUS,3
SH-KAT-4781,Katihar Sector-14 Relief Center,Katihar,Bihar,flood,25.74203,87.76793,300,68,0.228,2.28,0,2.8,63.7,166.4,0.7,48.2,100.0,CRITICAL_DEFICIT,0
SH-WAY-4782,Wayanad Sector-8 Relief Center,Wayanad,Kerala,flood,11.90404,75.78661,300,247,0.096,3.94,1,14.9,239.0,423.3,3.2,91.7,89.96,CRITICAL_DEFICIT,0
SH-IDU-4783,Idukki Sector-10 Relief Center,Idukki,Kerala,flood,9.74855,76.88443,300,246,0.558,5.06,1,39.4,445.2,1112.0,13.5,184.5,79.14,CRITICAL_DEFICIT,0
SH-CHA-4784,Chamoli Sector-16 Relief Center,Chamoli,Uttarakhand,earthquake,30.45145,79.26892,300,275,0.299,0.2,1,32.6,92.9,227.9,2.3,54.5,100.0,CRITICAL_DEFICIT,0
SH-WAY-4785,Wayanad Sector-6 Relief Center,Wayanad,Kerala,flood,11.65675,75.90989,150,20,0.464,1.65,1,32.2,20.8,62.0,0.5,9.1,86.02,CRITICAL_DEFICIT,0
SH-IDU-4786,Idukki Sector-9 Relief Center,Idukki,Kerala,flood,9.93163,77.214,500,348,0.631,2.63,1,0.0,1525.5,2951.0,47.1,745.0,59.19,DEFICIT,1
SH-WAY-4787,Wayanad Sector-2 Relief Center,Wayanad,Kerala,flood,11.98965,76.33062,300,166,0.434,0.68,1,24.7,139.6,406.4,4.3,73.1,92.78,CRITICAL_DEFICIT,0
SH-KAZ-4788,Kaziranga Sector-15 Relief Center,Kaziranga,Assam,flood,26.67222,92.93657,500,365,0.201,0.15,1,32.5,2212.4,5232.5,24.6,1151.4,17.07,BALANCED,2
SH-VIS-4789,Visakhapatnam Sector-11 Relief Center,Visakhapatnam,Andhra Pradesh,cyclone,17.68788,83.06017,150,21,0.13,1.44,1,21.8,22.0,59.9,0.3,12.0,88.98,CRITICAL_DEFICIT,0
SH-SOU-4790,South 24 Parganas Sector-15 Relief Center,South 24 Parganas,West Bengal,cyclone,22.29453,88.74089,150,155,0.07,1.21,1,44.7,304.1,849.0,5.4,292.7,78.12,CRITICAL_DEFICIT,0
SH-BAL-4791,Balasore Sector-9 Relief Center,Balasore,Odisha,cyclone,21.5369,87.145,300,63,0.375,2.7,1,41.8,49.2,83.7,0.8,34.8,96.54,CRITICAL_DEFICIT,0
SH-VIS-4792,Visakhapatnam Sector-2 Relief Center,Visakhapatnam,Andhra Pradesh,cyclone,17.62455,83.33395,300,193,0.229,3.43,1,32.1,806.7,1742.1,15.1,572.5,47.02,DEFICIT,1
SH-SOU-4793,South 24 Parganas Sector-14 Relief Center,South 24 Parganas,West Bengal,cyclone,22.19986,88.88536,300,259,0.56,1.82,0,33.7,432.8,1008.9,13.1,221.6,100.0,CRITICAL_DEFICIT,0
SH-BAL-4794,Balasore Sector-19 Relief Center,Balasore,Odisha,cyclone,21.73018,86.7848,800,417,0.515,0.5,1,27.5,301.8,798.7,6.0,275.7,100.0,CRITICAL_DEFICIT,0
SH-DAR-4795,Darbhanga Sector-4 Relief Center,Darbhanga,Bihar,flood,26.14411,85.74676,300,129,0.112,5.15,0,20.7,134.8,356.4,2.5,85.3,100.0,CRITICAL_DEFICIT,0
SH-BAL-4796,Balasore Sector-10 Relief Center,Balasore,Odisha,cyclone,21.85073,86.43046,150,93,0.281,2.9,1,19.0,26.1,61.5,0.3,14.0,99.52,CRITICAL_DEFICIT,0
SH-CHA-4797,Chamoli Sector-1 Relief Center,Chamoli,Uttarakhand,earthquake,30.52425,79.44035,2000,1329,0.187,1.56,1,0.0,5088.0,10188.2,64.0,4293.4,60.19,DEFICIT,1
SH-WAY-4798,Wayanad Sector-6 Relief Center,Wayanad,Kerala,flood,11.67571,75.89723,300,141,0.219,3.96,1,19.9,136.5,342.3,2.7,79.6,90.04,CRITICAL_DEFICIT,0
SH-VIS-4799,Visakhapatnam Sector-9 Relief Center,Visakhapatnam,Andhra Pradesh,cyclone,17.80911,83.1406,150,110,0.171,1.95,0,31.9,174.3,297.1,4.0,78.3,100.0,CRITICAL_DEFICIT,0
SH-BAL-4800,Balasore Sector-7 Relief Center,Balasore,Odisha,cyclone,21.73906,86.64492,150,158,0.084,7.19,0,22.7,664.7,1769.1,7.3,631.5,56.31,DEFICIT,1
SH-KAN-4801,Kangra Sector-17 Relief Center,Kangra,Himachal Pradesh,earthquake,31.97454,76.07343,500,122,0.634,1.36,1,35.4,195.4,366.8,5.0,94.1,84.46,CRITICAL_DEFICIT,0
SH-WAY-4802,Wayanad Sector-12 Relief Center,Wayanad,Kerala,flood,11.69324,76.36597,1200,724,0.248,4.05,1,24.4,529.4,1174.1,10.2,442.0,92.24,CRITICAL_DEFICIT,0
SH-UTT-4803,Uttarkashi Sector-19 Relief Center,Uttarkashi,Uttarakhand,earthquake,30.70432,78.63307,300,267,0.182,6.46,0,55.0,254.1,445.3,5.6,206.9,100.0,CRITICAL_DEFICIT,0
SH-KAT-4804,Katihar Sector-12 Relief Center,Katihar,Bihar,flood,25.47663,87.67135,150,91,0.06,0.66,0,14.5,184.1,304.9,2.2,180.4,100.0,CRITICAL_DEFICIT,0
SH-VIS-4805,Visakhapatnam Sector-13 Relief Center,Visakhapatnam,Andhra Pradesh,cyclone,17.29712,83.31245,300,101,0.446,0.72,1,10.6,147.0,260.9,2.5,101.6,92.27,CRITICAL_DEFICIT,0
SH-WAY-4806,Wayanad Sector-15 Relief Center,Wayanad,Kerala,flood,11.52803,76.08634,300,300,0.102,0.76,1,38.7,2546.9,4844.4,46.9,989.6,7.28,BALANCED,2
SH-CHA-4807,Chamoli Sector-17 Relief Center,Chamoli,Uttarakhand,earthquake,30.10839,79.49206,150,108,0.338,0.87,1,83.0,1192.5,2835.0,15.1,834.8,5.71,SURPLUS,3
SH-CHA-4808,Chamoli Sector-16 Relief Center,Chamoli,Uttarakhand,earthquake,30.51392,79.22474,300,320,0.428,5.78,0,25.2,2871.1,8417.0,67.3,2663.1,23.86,SURPLUS,3
SH-IDU-4809,Idukki Sector-16 Relief Center,Idukki,Kerala,flood,10.01819,76.82934,300,247,0.294,0.39,1,32.0,1381.8,2708.7,25.6,984.9,40.47,DEFICIT,1
SH-PUR-4810,Puri Sector-2 Relief Center,Puri,Odisha,cyclone,19.67937,86.1438,300,224,0.577,3.77,0,35.0,832.8,2392.6,25.0,500.8,69.73,DEFICIT,1
SH-UTT-4811,Uttarkashi Sector-9 Relief Center,Uttarkashi,Uttarakhand,earthquake,30.48951,78.24628,300,86,0.05,0.17,1,31.3,991.1,1750.8,12.8,547.8,3.98,SURPLUS,3
SH-DAR-4812,Darbhanga Sector-10 Relief Center,Darbhanga,Bihar,flood,25.89452,86.06234,500,293,0.65,8.53,0,23.9,907.5,2515.9,32.4,891.7,84.87,CRITICAL_DEFICIT,0
SH-WAY-4813,Wayanad Sector-8 Relief Center,Wayanad,Kerala,flood,11.94033,76.22811,800,546,0.105,0.2,0,9.2,1667.2,3495.0,34.4,781.5,74.88,CRITICAL_DEFICIT,0
SH-KAN-4814,Kangra Sector-5 Relief Center,Kangra,Himachal Pradesh,earthquake,32.39103,75.97592,800,693,0.226,0.74,0,0.0,2724.7,7135.3,61.5,1203.4,67.18,DEFICIT,1
SH-KAT-4815,Katihar Sector-10 Relief Center,Katihar,Bihar,flood,25.45351,87.15313,500,412,0.228,3.39,0,14.1,401.9,913.2,7.8,141.0,100.0,CRITICAL_DEFICIT,0
SH-DAR-4816,Darbhanga Sector-6 Relief Center,Darbhanga,Bihar,flood,26.01504,85.82369,1200,886,0.626,2.05,1,3.4,6955.9,14264.1,165.7,4104.1,15.59,BALANCED,2
SH-CHA-4817,Chamoli Sector-17 Relief Center,Chamoli,Uttarakhand,earthquake,30.65291,79.26405,300,180,0.053,3.79,1,22.8,138.0,304.9,1.6,85.8,94.81,CRITICAL_DEFICIT,0
SH-KAT-4818,Katihar Sector-6 Relief Center,Katihar,Bihar,flood,25.52839,87.77109,150,131,0.07,8.09,0,47.3,243.8,457.1,4.3,164.2,92.17,CRITICAL_DEFICIT,0
SH-KAT-4819,Katihar Sector-15 Relief Center,Katihar,Bihar,flood,25.50302,88.13442,150,66,0.111,1.99,1,0.0,55.4,139.8,1.2,48.9,91.78,CRITICAL_DEFICIT,0
SH-KAN-4820,Kangra Sector-19 Relief Center,Kangra,Himachal Pradesh,earthquake,32.15813,75.94662,150,51,0.073,0.03,1,37.5,180.8,460.7,2.8,178.4,50.5,DEFICIT,1
SH-KAN-4821,Kangra Sector-14 Relief Center,Kangra,Himachal Pradesh,earthquake,31.79175,76.1088,300,43,0.443,0.17,1,7.7,149.9,426.6,3.8,71.8,62.05,DEFICIT,1
SH-WAY-4822,Wayanad Sector-11 Relief Center,Wayanad,Kerala,flood,11.79975,75.81496,150,74,0.134,0.13,1,38.4,132.5,340.5,1.7,44.3,75.79,CRITICAL_DEFICIT,0
SH-KUT-4823,Kutch Sector-11 Relief Center,Kutch,Gujarat,earthquake,23.74765,69.90367,300,94,0.298,6.0,0,54.8,142.3,390.3,2.9,71.9,99.58,CRITICAL_DEFICIT,0
SH-KAZ-4824,Kaziranga Sector-10 Relief Center,Kaziranga,Assam,flood,26.29247,93.23394,300,266,0.157,0.91,1,17.3,554.8,1383.9,8.7,377.1,72.62,CRITICAL_DEFICIT,0
SH-KAT-4825,Katihar Sector-4 Relief Center,Katihar,Bihar,flood,25.7692,87.61999,300,79,0.264,0.28,1,15.3,25.6,44.4,0.5,20.3,100.0,CRITICAL_DEFICIT,0
SH-DHU-4826,Dhubri Sector-1 Relief Center,Dhubri,Assam,flood,26.39077,90.07377,150,127,0.204,1.38,1,39.2,250.5,451.7,4.2,215.7,81.15,CRITICAL_DEFICIT,0
SH-IDU-4827,Idukki Sector-5 Relief Center,Idukki,Kerala,flood,9.48555,76.85305,300,227,0.204,0.04,1,11.0,1009.5,2332.6,18.5,735.3,42.18,DEFICIT,1
SH-CHA-4828,Chamoli Sector-18 Relief Center,Chamoli,Uttarakhand,earthquake,30.80306,79.36232,1200,1211,0.347,5.08,0,21.6,1964.8,3262.8,53.1,752.1,100.0,CRITICAL_DEFICIT,0
SH-BAL-4829,Balasore Sector-16 Relief Center,Balasore,Odisha,cyclone,21.58276,86.98712,150,80,0.175,5.3,1,47.9,79.1,175.9,1.2,37.6,90.94,CRITICAL_DEFICIT,0
SH-VIS-4830,Visakhapatnam Sector-17 Relief Center,Visakhapatnam,Andhra Pradesh,cyclone,17.43752,83.28793,150,156,0.076,10.79,0,5.1,163.0,303.3,2.2,134.8,100.0,CRITICAL_DEFICIT,0
SH-DHU-4831,Dhubri Sector-7 Relief Center,Dhubri,Assam,flood,25.84299,90.11404,800,248,0.312,2.96,1,37.7,75.9,175.4,1.4,34.9,99.35,CRITICAL_DEFICIT,0
SH-PUR-4832,Puri Sector-5 Relief Center,Puri,Odisha,cyclone,19.86377,85.61696,300,85,0.332,0.97,1,40.1,22.1,47.6,0.3,17.9,100.0,CRITICAL_DEFICIT,0
SH-DAR-4833,Darbhanga Sector-9 Relief Center,Darbhanga,Bihar,flood,26.22172,86.05452,300,255,0.116,5.14,0,12.3,1526.7,4341.4,17.0,665.8,36.26,BALANCED,2
SH-IDU-4834,Idukki Sector-11 Relief Center,Idukki,Kerala,flood,9.90632,77.27919,800,88,0.07,2.2,1,44.0,712.0,1325.5,6.9,319.7,18.2,BALANCED,2
SH-KAN-4835,Kangra Sector-17 Relief Center,Kangra,Himachal Pradesh,earthquake,31.84945,76.51835,150,140,0.182,6.06,1,22.6,248.5,753.4,4.2,196.7,77.31,CRITICAL_DEFICIT,0
SH-DHU-4836,Dhubri Sector-13 Relief Center,Dhubri,Assam,flood,25.93763,89.56598,800,762,0.402,1.54,1,49.9,588.7,1721.2,14.8,566.6,92.75,CRITICAL_DEFICIT,0
SH-VIS-4837,Visakhapatnam Sector-11 Relief Center,Visakhapatnam,Andhra Pradesh,cyclone,17.85433,83.14653,800,570,0.116,4.51,0,44.1,1057.1,1813.8,14.4,587.4,92.75,CRITICAL_DEFICIT,0
SH-BAL-4838,Balasore Sector-5 Relief Center,Balasore,Odisha,cyclone,21.67498,87.03365,300,146,0.355,0.2,1,37.6,157.6,385.6,3.1,132.6,89.86,CRITICAL_DEFICIT,0
SH-SOU-4839,South 24 Parganas Sector-15 Relief Center,South 24 Parganas,West Bengal,cyclone,22.24082,88.61284,500,366,0.245,0.83,1,26.9,274.2,516.8,6.5,188.2,92.45,CRITICAL_DEFICIT,0
SH-KAT-4840,Katihar Sector-10 Relief Center,Katihar,Bihar,flood,25.5854,87.13002,800,755,0.359,4.03,0,42.7,5487.8,11164.6,137.1,3031.6,35.92,BALANCED,2
SH-UTT-4841,Uttarkashi Sector-5 Relief Center,Uttarkashi,Uttarakhand,earthquake,30.89413,78.50432,150,20,0.281,1.83,1,3.4,66.2,198.9,1.6,30.1,60.19,DEFICIT,1
SH-DAR-4842,Darbhanga Sector-4 Relief Center,Darbhanga,Bihar,flood,25.82355,86.35468,500,408,0.115,5.54,1,19.4,146.4,391.6,2.3,87.2,98.24,CRITICAL_DEFICIT,0
SH-SOU-4843,South 24 Parganas Sector-9 Relief Center,South 24 Parganas,West Bengal,cyclone,22.30676,88.51892,300,248,0.515,0.4,1,47.5,72.7,213.6,1.7,27.5,96.07,CRITICAL_DEFICIT,0
SH-BAL-4844,Balasore Sector-13 Relief Center,Balasore,Odisha,cyclone,21.08609,87.11376,800,941,0.14,0.59,1,28.0,4197.6,9451.9,60.2,3639.5,40.38,DEFICIT,1
SH-UTT-4845,Uttarkashi Sector-8 Relief Center,Uttarkashi,Uttarakhand,earthquake,30.71498,78.46612,500,493,0.337,0.22,1,30.6,415.4,915.7,5.2,329.1,93.69,CRITICAL_DEFICIT,0
SH-VIS-4846,Visakhapatnam Sector-10 Relief Center,Visakhapatnam,Andhra Pradesh,cyclone,17.44548,83.18552,800,542,0.092,5.7,0,45.1,935.6,2088.8,10.0,748.0,89.72,CRITICAL_DEFICIT,0
SH-BAL-4847,Balasore Sector-18 Relief Center,Balasore,Odisha,cyclone,21.63365,86.95186,300,130,0.412,3.59,1,29.7,94.3,212.1,2.3,89.1,93.02,CRITICAL_DEFICIT,0
SH-KAN-4848,Kangra Sector-14 Relief Center,Kangra,Himachal Pradesh,earthquake,31.60901,75.87608,500,531,0.392,3.39,0,52.5,5514.1,14194.6,111.7,4468.9,20.28,SURPLUS,3
SH-VIS-4849,Visakhapatnam Sector-18 Relief Center,Visakhapatnam,Andhra Pradesh,cyclone,17.87295,83.23289,500,563,0.15,0.49,1,56.9,2448.6,5734.6,31.0,2123.0,42.48,DEFICIT,1
SH-SOU-4850,South 24 Parganas Sector-10 Relief Center,South 24 Parganas,West Bengal,cyclone,22.39468,88.42207,150,99,0.065,0.66,0,54.5,92.8,236.8,0.9,85.6,100.0,CRITICAL_DEFICIT,0
SH-WAY-4851,Wayanad Sector-2 Relief Center,Wayanad,Kerala,flood,11.12434,76.1957,300,207,0.262,0.43,1,0.0,71.3,119.4,1.2,50.4,100.0,CRITICAL_DEFICIT,0
SH-KUT-4852,Kutch Sector-17 Relief Center,Kutch,Gujarat,earthquake,23.38036,69.85721,500,298,0.65,2.0,1,32.0,277.8,662.8,6.7,154.8,96.42,CRITICAL_DEFICIT,0
SH-IDU-4853,Idukki Sector-3 Relief Center,Idukki,Kerala,flood,9.98125,76.90332,150,167,0.05,5.53,0,22.5,166.5,276.3,2.4,82.9,99.16,CRITICAL_DEFICIT,0
SH-KAZ-4854,Kaziranga Sector-10 Relief Center,Kaziranga,Assam,flood,26.58337,92.83228,150,165,0.218,7.44,0,30.8,1899.3,4839.3,28.7,945.8,19.46,SURPLUS,3
SH-KAT-4855,Katihar Sector-2 Relief Center,Katihar,Bihar,flood,25.47456,88.00171,300,84,0.138,1.77,0,43.9,279.6,523.9,5.7,261.0,85.69,CRITICAL_DEFICIT,0
SH-UTT-4856,Uttarkashi Sector-11 Relief Center,Uttarkashi,Uttarakhand,earthquake,30.40827,78.46541,300,44,0.217,0.61,1,53.5,13.3,22.3,0.2,11.6,100.0,CRITICAL_DEFICIT,0
SH-CHA-4857,Chamoli Sector-8 Relief Center,Chamoli,Uttarakhand,earthquake,30.60604,79.26722,300,109,0.354,0.81,1,30.5,83.9,224.3,1.1,71.5,93.36,CRITICAL_DEFICIT,0
SH-CHA-4858,Chamoli Sector-2 Relief Center,Chamoli,Uttarakhand,earthquake,30.32802,79.51883,1200,1233,0.072,3.99,1,28.1,2224.9,5809.9,37.6,1593.2,71.74,CRITICAL_DEFICIT,0
SH-KAT-4859,Katihar Sector-18 Relief Center,Katihar,Bihar,flood,25.29308,87.64171,300,276,0.09,8.62,1,23.5,298.0,657.6,4.3,142.9,82.63,CRITICAL_DEFICIT,0
SH-KAT-4860,Katihar Sector-2 Relief Center,Katihar,Bihar,flood,25.89825,87.64898,2000,626,0.286,0.5,1,9.0,1238.5,3317.9,26.3,505.7,71.7,CRITICAL_DEFICIT,0
SH-KAZ-4861,Kaziranga Sector-1 Relief Center,Kaziranga,Assam,flood,26.43424,93.47367,150,41,0.086,0.17,0,2.9,298.3,610.9,5.2,279.1,28.56,BALANCED,2
SH-DAR-4862,Darbhanga Sector-7 Relief Center,Darbhanga,Bihar,flood,26.14634,85.65676,800,151,0.354,2.55,1,21.9,255.6,492.2,6.5,220.3,87.99,CRITICAL_DEFICIT,0
SH-KAN-4863,Kangra Sector-11 Relief Center,Kangra,Himachal Pradesh,earthquake,32.36682,76.01433,300,149,0.208,0.76,1,25.7,664.0,1697.7,10.7,390.9,44.47,DEFICIT,1
SH-IDU-4864,Idukki Sector-4 Relief Center,Idukki,Kerala,flood,10.21247,77.05794,300,59,0.391,2.02,1,16.8,16.8,43.2,0.4,9.7,98.81,CRITICAL_DEFICIT,0
SH-VIS-4865,Visakhapatnam Sector-8 Relief Center,Visakhapatnam,Andhra Pradesh,cyclone,17.54152,83.3681,300,162,0.144,5.38,1,57.8,116.8,281.3,1.8,53.5,93.55,CRITICAL_DEFICIT,0
SH-KAT-4866,Katihar Sector-16 Relief Center,Katihar,Bihar,flood,25.88313,87.66657,300,276,0.439,4.05,0,45.6,453.1,1272.1,8.4,409.6,98.87,CRITICAL_DEFICIT,0
SH-IDU-4867,Idukki Sector-19 Relief Center,Idukki,Kerala,flood,10.07084,76.62352,1200,822,0.159,3.22,0,0.0,786.4,1416.9,15.1,575.7,100.0,CRITICAL_DEFICIT,0
SH-BAL-4868,Balasore Sector-17 Relief Center,Balasore,Odisha,cyclone,21.84826,87.17907,300,193,0.436,1.04,1,34.7,360.8,900.2,6.1,343.2,77.86,CRITICAL_DEFICIT,0
SH-BAL-4869,Balasore Sector-3 Relief Center,Balasore,Odisha,cyclone,21.18927,86.94607,300,274,0.333,9.2,1,11.3,3027.5,5296.0,50.2,2807.6,4.39,SURPLUS,3
SH-CHA-4870,Chamoli Sector-8 Relief Center,Chamoli,Uttarakhand,earthquake,30.49988,79.00457,150,104,0.174,0.76,1,29.7,328.7,609.8,5.9,151.3,70.58,CRITICAL_DEFICIT,0
SH-KAN-4871,Kangra Sector-1 Relief Center,Kangra,Himachal Pradesh,earthquake,32.23882,76.42205,300,222,0.491,3.92,1,8.3,66.2,140.5,1.1,27.5,100.0,CRITICAL_DEFICIT,0
SH-DHU-4872,Dhubri Sector-18 Relief Center,Dhubri,Assam,flood,26.08412,90.14911,500,289,0.394,1.78,1,18.7,310.5,904.8,5.0,146.3,92.93,CRITICAL_DEFICIT,0
SH-KAN-4873,Kangra Sector-8 Relief Center,Kangra,Himachal Pradesh,earthquake,32.41548,76.66282,500,335,0.121,0.49,1,55.4,1266.8,2320.6,12.8,450.3,65.79,DEFICIT,1
SH-SOU-4874,South 24 Parganas Sector-1 Relief Center,South 24 Parganas,West Bengal,cyclone,22.12138,88.28123,150,84,0.525,0.54,1,52.3,514.4,1509.0,8.6,203.3,23.52,BALANCED,2
SH-SOU-4875,South 24 Parganas Sector-9 Relief Center,South 24 Parganas,West Bengal,cyclone,21.84788,88.72624,300,242,0.258,3.41,1,0.0,66.0,158.9,0.9,37.7,100.0,CRITICAL_DEFICIT,0
SH-DAR-4876,Darbhanga Sector-3 Relief Center,Darbhanga,Bihar,flood,26.20378,86.21625,150,155,0.325,8.41,0,0.0,50.5,148.6,1.3,17.7,100.0,CRITICAL_DEFICIT,0
SH-KUT-4877,Kutch Sector-8 Relief Center,Kutch,Gujarat,earthquake,24.07639,69.56059,150,176,0.061,0.63,1,40.0,177.1,408.5,2.7,125.2,90.31,CRITICAL_DEFICIT,0
SH-IDU-4878,Idukki Sector-16 Relief Center,Idukki,Kerala,flood,10.10818,77.02543,500,173,0.298,0.46,1,37.5,42.7,75.4,0.7,26.9,100.0,CRITICAL_DEFICIT,0
SH-DHU-4879,Dhubri Sector-18 Relief Center,Dhubri,Assam,flood,26.75803,90.14667,500,216,0.351,0.05,1,12.1,384.3,715.0,8.0,363.3,90.93,CRITICAL_DEFICIT,0
SH-KAZ-4880,Kaziranga Sector-6 Relief Center,Kaziranga,Assam,flood,26.60413,93.53276,150,132,0.47,3.21,0,1.9,261.4,499.4,5.7,203.6,99.8,CRITICAL_DEFICIT,0
SH-IDU-4881,Idukki Sector-1 Relief Center,Idukki,Kerala,flood,9.41893,76.85038,300,242,0.354,2.18,1,46.6,1723.3,4868.3,35.8,1263.0,6.8,BALANCED,2
SH-KAT-4882,Katihar Sector-15 Relief Center,Katihar,Bihar,flood,25.64781,87.74611,300,126,0.391,2.18,1,30.9,1009.3,2000.5,20.4,385.0,13.57,BALANCED,2
SH-DAR-4883,Darbhanga Sector-4 Relief Center,Darbhanga,Bihar,flood,26.28422,85.91065,300,121,0.406,3.33,0,0.0,1487.6,4482.0,37.7,1271.1,18.81,SURPLUS,3
SH-WAY-4884,Wayanad Sector-19 Relief Center,Wayanad,Kerala,flood,10.98512,76.32391,300,291,0.389,2.75,0,26.4,548.2,1267.8,9.3,431.8,85.91,CRITICAL_DEFICIT,0
SH-UTT-4885,Uttarkashi Sector-18 Relief Center,Uttarkashi,Uttarakhand,earthquake,30.40221,78.48324,500,397,0.138,1.13,1,51.5,1763.1,4499.0,22.0,730.2,42.83,DEFICIT,1
SH-KAN-4886,Kangra Sector-11 Relief Center,Kangra,Himachal Pradesh,earthquake,31.89516,75.99204,300,62,0.309,3.74,0,24.7,343.4,736.5,7.6,180.4,51.27,DEFICIT,1
SH-BAL-4887,Balasore Sector-5 Relief Center,Balasore,Odisha,cyclone,21.54861,87.22937,500,131,0.34,13.59,1,32.5,251.4,464.8,3.2,103.7,84.94,CRITICAL_DEFICIT,0
SH-KAT-4888,Katihar Sector-15 Relief Center,Katihar,Bihar,flood,25.31037,87.48242,150,104,0.215,1.12,1,32.8,161.7,299.2,3.2,83.2,82.04,CRITICAL_DEFICIT,0
SH-DHU-4889,Dhubri Sector-17 Relief Center,Dhubri,Assam,flood,26.06949,90.2563,300,347,0.343,4.79,0,35.3,3993.9,11173.7,68.3,2559.0,19.09,SURPLUS,3
SH-CHA-4890,Chamoli Sector-16 Relief Center,Chamoli,Uttarakhand,earthquake,30.45079,79.17205,300,166,0.274,6.04,1,26.7,300.3,785.6,5.5,112.7,82.72,CRITICAL_DEFICIT,0
SH-KAN-4891,Kangra Sector-13 Relief Center,Kangra,Himachal Pradesh,earthquake,31.71092,76.28528,800,261,0.436,3.23,0,0.0,246.2,737.1,5.3,198.4,100.0,CRITICAL_DEFICIT,0
SH-DHU-4892,Dhubri Sector-18 Relief Center,Dhubri,Assam,flood,26.07907,89.84585,150,142,0.076,0.47,0,12.7,127.6,248.5,1.7,101.5,100.0,CRITICAL_DEFICIT,0
SH-BAL-4893,Balasore Sector-5 Relief Center,Balasore,Odisha,cyclone,21.70773,86.73918,300,308,0.352,4.27,0,33.9,1736.0,4425.4,31.7,1258.8,41.91,DEFICIT,1
SH-DAR-4894,Darbhanga Sector-2 Relief Center,Darbhanga,Bihar,flood,26.11464,86.13132,150,23,0.321,0.27,1,0.0,44.2,78.5,0.7,16.0,84.3,CRITICAL_DEFICIT,0
SH-DHU-4895,Dhubri Sector-6 Relief Center,Dhubri,Assam,flood,25.72453,90.08787,500,235,0.075,1.09,0,21.6,63.8,186.2,0.6,40.9,100.0,CRITICAL_DEFICIT,0
SH-KAN-4896,Kangra Sector-2 Relief Center,Kangra,Himachal Pradesh,earthquake,31.92845,76.27819,800,470,0.08,2.45,0,35.4,494.3,1027.7,8.2,401.3,100.0,CRITICAL_DEFICIT,0
SH-DAR-4897,Darbhanga Sector-18 Relief Center,Darbhanga,Bihar,flood,26.35061,86.0649,500,253,0.299,5.23,1,24.9,1132.2,2714.1,27.0,774.5,44.67,DEFICIT,1
SH-KAT-4898,Katihar Sector-3 Relief Center,Katihar,Bihar,flood,25.81093,87.53959,300,219,0.429,7.18,1,9.8,74.3,158.0,1.9,67.6,99.82,CRITICAL_DEFICIT,0
SH-DHU-4899,Dhubri Sector-1 Relief Center,Dhubri,Assam,flood,25.88391,89.99599,800,702,0.502,1.51,0,43.6,246.3,698.2,4.7,137.8,100.0,CRITICAL_DEFICIT,0
SH-CHA-4900,Chamoli Sector-18 Relief Center,Chamoli,Uttarakhand,earthquake,30.20801,79.06862,300,180,0.354,1.32,1,52.8,162.9,430.8,3.4,114.8,88.03,CRITICAL_DEFICIT,0
SH-KUT-4901,Kutch Sector-1 Relief Center,Kutch,Gujarat,earthquake,23.63424,69.99235,500,92,0.115,5.88,0,44.3,352.1,736.8,5.4,312.4,71.37,CRITICAL_DEFICIT,0
SH-CHA-4902,Chamoli Sector-7 Relief Center,Chamoli,Uttarakhand,earthquake,30.06677,79.51519,150,134,0.283,3.05,0,3.4,256.9,490.6,4.2,111.9,97.06,CRITICAL_DEFICIT,0
SH-SOU-4903,South 24 Parganas Sector-9 Relief Center,South 24 Parganas,West Bengal,cyclone,21.7678,87.96826,150,105,0.394,15.8,0,10.8,101.3,256.8,1.3,42.1,100.0,CRITICAL_DEFICIT,0
SH-DHU-4904,Dhubri Sector-12 Relief Center,Dhubri,Assam,flood,26.08124,90.19546,150,151,0.188,0.33,1,0.0,238.2,409.7,4.2,185.2,85.07,CRITICAL_DEFICIT,0
SH-UTT-4905,Uttarkashi Sector-1 Relief Center,Uttarkashi,Uttarakhand,earthquake,30.38259,78.09875,300,154,0.139,2.75,1,16.5,48.4,122.9,0.7,32.5,96.02,CRITICAL_DEFICIT,0
SH-KAZ-4906,Kaziranga Sector-7 Relief Center,Kaziranga,Assam,flood,26.82532,93.26607,800,853,0.276,0.09,1,0.5,261.7,664.0,3.1,143.9,97.62,CRITICAL_DEFICIT,0
SH-UTT-4907,Uttarkashi Sector-5 Relief Center,Uttarkashi,Uttarakhand,earthquake,30.82777,78.0641,150,39,0.214,2.85,1,16.9,31.5,88.2,0.7,26.5,86.13,CRITICAL_DEFICIT,0
SH-DHU-4908,Dhubri Sector-6 Relief Center,Dhubri,Assam,flood,25.91049,89.82132,300,174,0.577,3.02,1,11.6,278.0,703.3,7.2,222.5,84.16,CRITICAL_DEFICIT,0
SH-BAL-4909,Balasore Sector-17 Relief Center,Balasore,Odisha,cyclone,21.72857,86.96578,500,219,0.47,0.58,0,36.4,467.0,1292.3,11.2,399.5,90.84,CRITICAL_DEFICIT,0
SH-UTT-4910,Uttarkashi Sector-6 Relief Center,Uttarkashi,Uttarakhand,earthquake,30.61813,78.25516,150,20,0.225,0.62,1,27.2,15.6,44.7,0.2,12.5,88.44,CRITICAL_DEFICIT,0
SH-WAY-4911,Wayanad Sector-4 Relief Center,Wayanad,Kerala,flood,11.48795,76.27475,300,131,0.429,1.17,1,38.2,451.4,953.3,9.9,284.6,63.29,DEFICIT,1
SH-DAR-4912,Darbhanga Sector-5 Relief Center,Darbhanga,Bihar,flood,26.00557,85.9231,1200,120,0.507,0.39,1,29.2,194.5,577.4,5.7,125.8,85.87,CRITICAL_DEFICIT,0
SH-KAN-4913,Kangra Sector-10 Relief Center,Kangra,Himachal Pradesh,earthquake,31.88121,76.34463,800,252,0.166,3.99,0,33.5,379.8,887.1,4.3,132.3,98.25,CRITICAL_DEFICIT,0
SH-BAL-4914,Balasore Sector-11 Relief Center,Balasore,Odisha,cyclone,21.47687,86.94313,150,113,0.141,4.63,0,37.9,848.5,2533.2,16.3,418.3,10.22,SURPLUS,3
SH-BAL-4915,Balasore Sector-1 Relief Center,Balasore,Odisha,cyclone,21.55814,86.94827,500,351,0.523,3.8,0,23.7,709.9,2010.1,13.0,435.4,96.84,CRITICAL_DEFICIT,0
SH-PUR-4916,Puri Sector-8 Relief Center,Puri,Odisha,cyclone,20.39013,86.13103,150,76,0.204,4.24,1,50.7,58.2,99.0,1.2,32.2,100.0,CRITICAL_DEFICIT,0
SH-UTT-4917,Uttarkashi Sector-5 Relief Center,Uttarkashi,Uttarakhand,earthquake,30.81735,78.4991,1200,915,0.159,1.52,1,27.6,2755.5,5029.0,40.2,1647.3,63.88,DEFICIT,1
SH-KAN-4918,Kangra Sector-2 Relief Center,Kangra,Himachal Pradesh,earthquake,32.05401,76.92099,300,183,0.183,2.35,1,28.0,65.4,134.8,0.7,25.2,93.34,CRITICAL_DEFICIT,0
SH-SOU-4919,South 24 Parganas Sector-9 Relief Center,South 24 Parganas,West Bengal,cyclone,22.17768,88.46344,500,548,0.357,0.26,1,5.2,1137.2,3336.6,20.2,1108.0,80.32,CRITICAL_DEFICIT,0
SH-KAT-4920,Katihar Sector-6 Relief Center,Katihar,Bihar,flood,25.53195,87.27628,300,170,0.142,5.98,0,29.0,180.7,482.1,2.0,130.2,100.0,CRITICAL_DEFICIT,0
SH-BAL-4921,Balasore Sector-19 Relief Center,Balasore,Odisha,cyclone,21.92634,86.77014,1200,1160,0.369,2.65,1,30.7,2141.7,4778.1,32.0,1874.2,84.94,CRITICAL_DEFICIT,0
SH-UTT-4922,Uttarkashi Sector-15 Relief Center,Uttarkashi,Uttarakhand,earthquake,31.06572,78.24118,500,406,0.376,2.25,0,37.4,295.2,728.8,6.8,288.4,100.0,CRITICAL_DEFICIT,0
SH-IDU-4923,Idukki Sector-1 Relief Center,Idukki,Kerala,flood,9.63308,77.28924,150,78,0.625,2.33,0,7.8,20.2,57.2,0.3,7.3,100.0,CRITICAL_DEFICIT,0
SH-BAL-4924,Balasore Sector-8 Relief Center,Balasore,Odisha,cyclone,21.55807,86.95435,300,37,0.061,0.75,1,0.0,139.9,362.4,1.8,122.5,55.87,DEFICIT,1
SH-KUT-4925,Kutch Sector-8 Relief Center,Kutch,Gujarat,earthquake,23.51216,69.68632,500,268,0.108,1.02,1,31.7,2140.9,4584.2,36.6,1714.9,4.34,BALANCED,2
SH-WAY-4926,Wayanad Sector-10 Relief Center,Wayanad,Kerala,flood,11.79729,76.0899,2000,1015,0.163,0.38,1,42.1,336.6,886.2,7.2,258.1,100.0,CRITICAL_DEFICIT,0
SH-WAY-4927,Wayanad Sector-5 Relief Center,Wayanad,Kerala,flood,11.63059,76.09384,800,507,0.303,1.03,0,39.3,372.8,943.2,6.3,305.6,100.0,CRITICAL_DEFICIT,0
SH-KUT-4928,Kutch Sector-17 Relief Center,Kutch,Gujarat,earthquake,23.31668,69.93933,500,435,0.05,0.57,1,10.4,410.2,1119.3,3.6,234.0,90.27,CRITICAL_DEFICIT,0
SH-KAZ-4929,Kaziranga Sector-5 Relief Center,Kaziranga,Assam,flood,26.50785,93.20941,300,26,0.359,0.14,1,38.6,116.1,254.9,1.9,106.1,48.75,DEFICIT,1
SH-BAL-4930,Balasore Sector-14 Relief Center,Balasore,Odisha,cyclone,21.79635,86.88495,150,20,0.187,1.67,0,19.7,14.8,26.7,0.2,12.6,100.0,CRITICAL_DEFICIT,0
SH-PUR-4931,Puri Sector-5 Relief Center,Puri,Odisha,cyclone,19.93983,85.85001,300,68,0.198,0.34,1,0.0,55.7,161.3,0.6,39.2,97.09,CRITICAL_DEFICIT,0
SH-UTT-4932,Uttarkashi Sector-12 Relief Center,Uttarkashi,Uttarakhand,earthquake,30.54633,78.24551,150,100,0.14,8.82,0,52.0,25.7,66.0,0.4,9.5,100.0,CRITICAL_DEFICIT,0
SH-DAR-4933,Darbhanga Sector-15 Relief Center,Darbhanga,Bihar,flood,25.94911,86.09054,300,161,0.644,2.11,1,20.1,133.3,365.2,2.1,71.5,97.08,CRITICAL_DEFICIT,0
SH-KAN-4934,Kangra Sector-3 Relief Center,Kangra,Himachal Pradesh,earthquake,32.23118,76.46782,150,46,0.498,2.59,0,29.0,11.9,27.3,0.2,6.0,100.0,CRITICAL_DEFICIT,0
SH-PUR-4935,Puri Sector-5 Relief Center,Puri,Odisha,cyclone,19.60544,86.04003,300,43,0.191,1.71,0,48.5,11.6,19.5,0.2,7.5,100.0,CRITICAL_DEFICIT,0
SH-UTT-4936,Uttarkashi Sector-1 Relief Center,Uttarkashi,Uttarakhand,earthquake,30.80101,78.21701,150,141,0.176,0.28,0,15.6,46.1,98.7,0.6,21.8,100.0,CRITICAL_DEFICIT,0
SH-KAN-4937,Kangra Sector-13 Relief Center,Kangra,Himachal Pradesh,earthquake,31.77323,76.3164,300,144,0.275,5.38,1,1.0,141.0,292.6,2.6,141.0,82.38,CRITICAL_DEFICIT,0
SH-UTT-4938,Uttarkashi Sector-1 Relief Center,Uttarkashi,Uttarakhand,earthquake,30.52182,78.40506,150,73,0.273,0.76,1,7.5,902.1,2708.9,10.9,664.5,2.37,SURPLUS,3
SH-DHU-4939,Dhubri Sector-3 Relief Center,Dhubri,Assam,flood,26.01872,89.96157,150,102,0.403,1.34,1,0.0,1101.2,2901.1,16.1,741.1,5.76,SURPLUS,3
SH-SOU-4940,South 24 Parganas Sector-16 Relief Center,South 24 Parganas,West Bengal,cyclone,22.27835,88.55033,2000,867,0.446,0.52,1,19.2,3636.6,10218.6,58.1,1228.7,49.35,DEFICIT,1
SH-IDU-4941,Idukki Sector-17 Relief Center,Idukki,Kerala,flood,9.56974,76.74142,150,133,0.181,1.81,1,33.0,272.6,481.5,5.8,115.9,84.06,CRITICAL_DEFICIT,0
SH-DAR-4942,Darbhanga Sector-12 Relief Center,Darbhanga,Bihar,flood,26.23641,86.10879,500,136,0.274,0.85,1,3.2,455.3,887.2,7.4,349.1,59.68,DEFICIT,1
SH-CHA-4943,Chamoli Sector-5 Relief Center,Chamoli,Uttarakhand,earthquake,30.80147,79.36831,300,289,0.057,0.91,0,33.9,2145.7,6452.8,19.3,2128.8,22.33,BALANCED,2
SH-KAN-4944,Kangra Sector-9 Relief Center,Kangra,Himachal Pradesh,earthquake,31.97036,76.34763,150,164,0.199,2.66,1,9.5,49.8,125.4,0.9,25.1,98.13,CRITICAL_DEFICIT,0
SH-BAL-4945,Balasore Sector-17 Relief Center,Balasore,Odisha,cyclone,21.39136,86.59726,500,121,0.31,0.68,1,34.7,129.4,217.3,3.3,98.1,93.23,CRITICAL_DEFICIT,0
SH-SOU-4946,South 24 Parganas Sector-17 Relief Center,South 24 Parganas,West Bengal,cyclone,21.95928,88.39128,300,174,0.356,1.21,0,7.3,335.4,901.4,6.0,268.6,93.61,CRITICAL_DEFICIT,0
SH-DAR-4947,Darbhanga Sector-6 Relief Center,Darbhanga,Bihar,flood,25.96369,85.72006,800,728,0.445,5.15,1,34.1,2450.7,4281.3,34.0,856.1,73.03,CRITICAL_DEFICIT,0
SH-BAL-4948,Balasore Sector-1 Relief Center,Balasore,Odisha,cyclone,21.47832,86.6354,1200,1275,0.252,1.09,1,52.5,1315.3,3332.1,30.1,938.9,94.87,CRITICAL_DEFICIT,0
SH-PUR-4949,Puri Sector-8 Relief Center,Puri,Odisha,cyclone,19.87764,86.19996,800,517,0.196,1.2,1,23.6,485.6,1309.7,5.1,226.8,96.33,CRITICAL_DEFICIT,0
SH-CHA-4950,Chamoli Sector-7 Relief Center,Chamoli,Uttarakhand,earthquake,30.34613,78.99474,500,255,0.319,2.24,1,14.4,1945.7,4819.2,49.2,1776.4,3.97,SURPLUS,3
SH-PUR-4951,Puri Sector-14 Relief Center,Puri,Odisha,cyclone,19.93688,86.24706,300,124,0.217,1.43,1,44.4,101.2,305.2,1.2,80.6,95.84,CRITICAL_DEFICIT,0
SH-KAT-4952,Katihar Sector-16 Relief Center,Katihar,Bihar,flood,25.05625,87.62669,800,394,0.062,1.5,1,20.9,608.7,1748.3,8.0,547.1,78.11,CRITICAL_DEFICIT,0
SH-DAR-4953,Darbhanga Sector-16 Relief Center,Darbhanga,Bihar,flood,26.24017,85.9551,500,303,0.423,9.11,0,12.3,1018.6,2621.1,30.5,577.1,78.01,CRITICAL_DEFICIT,0
SH-DAR-4954,Darbhanga Sector-5 Relief Center,Darbhanga,Bihar,flood,26.11955,85.72873,1200,938,0.141,0.17,1,40.3,969.3,2182.5,13.8,349.4,85.95,CRITICAL_DEFICIT,0
SH-KAZ-4955,Kaziranga Sector-2 Relief Center,Kaziranga,Assam,flood,26.46571,93.30612,300,172,0.411,0.31,1,48.0,301.8,871.5,4.1,277.1,87.38,CRITICAL_DEFICIT,0
SH-KAN-4956,Kangra Sector-1 Relief Center,Kangra,Himachal Pradesh,earthquake,32.19279,76.12804,150,105,0.65,0.38,0,0.0,717.8,1426.9,16.2,508.1,43.96,DEFICIT,1
SH-BAL-4957,Balasore Sector-7 Relief Center,Balasore,Odisha,cyclone,21.16786,86.86083,800,324,0.266,2.08,1,22.8,1435.9,2813.5,33.6,1330.1,55.63,DEFICIT,1
SH-KAN-4958,Kangra Sector-2 Relief Center,Kangra,Himachal Pradesh,earthquake,32.24239,76.5819,300,311,0.408,2.29,1,17.9,77.5,181.8,1.2,44.3,99.41,CRITICAL_DEFICIT,0
SH-KAT-4959,Katihar Sector-3 Relief Center,Katihar,Bihar,flood,25.47571,87.74208,1200,672,0.18,1.8,1,11.9,220.0,416.5,5.2,131.5,99.09,CRITICAL_DEFICIT,0
SH-PUR-4960,Puri Sector-9 Relief Center,Puri,Odisha,cyclone,20.3592,85.66068,800,438,0.169,4.28,0,31.8,435.9,836.8,8.1,170.2,100.0,CRITICAL_DEFICIT,0
SH-DAR-4961,Darbhanga Sector-5 Relief Center,Darbhanga,Bihar,flood,26.15379,85.94866,300,177,0.065,1.26,1,5.2,161.7,290.4,2.7,117.6,94.35,CRITICAL_DEFICIT,0
SH-KAN-4962,Kangra Sector-1 Relief Center,Kangra,Himachal Pradesh,earthquake,32.53521,76.30977,300,110,0.159,3.55,1,39.3,118.3,229.7,1.7,76.3,90.66,CRITICAL_DEFICIT,0
SH-SOU-4963,South 24 Parganas Sector-2 Relief Center,South 24 Parganas,West Bengal,cyclone,22.31237,88.64657,150,159,0.358,0.16,1,30.0,123.9,267.8,1.7,98.4,99.09,CRITICAL_DEFICIT,0
SH-WAY-4964,Wayanad Sector-9 Relief Center,Wayanad,Kerala,flood,11.24465,76.04453,150,74,0.153,3.53,1,18.3,25.7,59.7,0.3,11.0,93.51,CRITICAL_DEFICIT,0
SH-PUR-4965,Puri Sector-17 Relief Center,Puri,Odisha,cyclone,19.76796,85.78946,300,301,0.325,4.92,0,15.8,2687.9,4928.7,44.5,1082.6,29.38,BALANCED,2
SH-KAZ-4966,Kaziranga Sector-10 Relief Center,Kaziranga,Assam,flood,26.80764,93.15528,300,136,0.397,0.49,1,48.9,133.6,363.2,2.1,104.5,91.09,CRITICAL_DEFICIT,0
SH-KAN-4967,Kangra Sector-19 Relief Center,Kangra,Himachal Pradesh,earthquake,32.34507,76.88755,500,54,0.412,1.09,1,33.4,17.8,52.0,0.3,11.7,100.0,CRITICAL_DEFICIT,0
SH-UTT-4968,Uttarkashi Sector-8 Relief Center,Uttarkashi,Uttarakhand,earthquake,30.7315,78.81792,300,285,0.531,1.6,1,26.6,102.4,171.5,2.7,58.8,100.0,CRITICAL_DEFICIT,0
SH-DAR-4969,Darbhanga Sector-19 Relief Center,Darbhanga,Bihar,flood,25.84772,85.89849,500,207,0.285,3.5,1,11.7,196.6,403.5,2.8,124.4,99.19,CRITICAL_DEFICIT,0
SH-UTT-4970,Uttarkashi Sector-13 Relief Center,Uttarkashi,Uttarakhand,earthquake,30.69691,78.43078,1200,524,0.295,0.02,1,62.7,933.4,1956.1,17.3,829.8,81.32,CRITICAL_DEFICIT,0
SH-WAY-4971,Wayanad Sector-7 Relief Center,Wayanad,Kerala,flood,12.00356,76.15691,500,265,0.246,3.59,0,0.0,558.0,1319.3,10.3,322.3,84.48,CRITICAL_DEFICIT,0
SH-KAZ-4972,Kaziranga Sector-3 Relief Center,Kaziranga,Assam,flood,26.84522,92.95366,1200,772,0.346,1.61,1,46.9,776.4,2140.1,19.2,269.3,94.9,CRITICAL_DEFICIT,0
SH-KUT-4973,Kutch Sector-17 Relief Center,Kutch,Gujarat,earthquake,23.75368,69.86212,300,118,0.228,0.05,1,24.6,195.1,358.8,2.9,99.4,85.75,CRITICAL_DEFICIT,0
SH-WAY-4974,Wayanad Sector-1 Relief Center,Wayanad,Kerala,flood,11.54099,76.32026,300,286,0.086,6.33,0,59.6,1075.6,2042.5,15.3,519.2,77.88,CRITICAL_DEFICIT,0
SH-BAL-4975,Balasore Sector-8 Relief Center,Balasore,Odisha,cyclone,21.19864,86.9115,300,149,0.577,1.54,1,7.3,40.0,81.5,0.9,15.9,100.0,CRITICAL_DEFICIT,0
SH-UTT-4976,Uttarkashi Sector-9 Relief Center,Uttarkashi,Uttarakhand,earthquake,30.55912,78.43495,300,68,0.132,1.52,1,0.0,283.3,782.6,4.7,224.4,43.24,DEFICIT,1
SH-KAN-4977,Kangra Sector-8 Relief Center,Kangra,Himachal Pradesh,earthquake,31.99853,76.29611,500,199,0.385,2.27,1,12.3,834.7,2037.8,13.5,767.1,51.32,DEFICIT,1
SH-BAL-4978,Balasore Sector-11 Relief Center,Balasore,Odisha,cyclone,21.29904,87.04652,800,823,0.147,4.84,0,0.0,3534.5,8294.3,75.2,2580.9,59.26,DEFICIT,1
SH-UTT-4979,Uttarkashi Sector-17 Relief Center,Uttarkashi,Uttarakhand,earthquake,30.85883,78.21779,150,123,0.401,5.22,0,26.0,209.3,444.7,4.2,162.0,100.0,CRITICAL_DEFICIT,0
SH-VIS-4980,Visakhapatnam Sector-9 Relief Center,Visakhapatnam,Andhra Pradesh,cyclone,17.59762,83.15446,500,384,0.057,0.1,1,0.0,2089.9,5113.7,31.1,2062.0,29.29,BALANCED,2
SH-KUT-4981,Kutch Sector-7 Relief Center,Kutch,Gujarat,earthquake,23.71933,69.7211,150,58,0.223,4.97,0,0.0,253.6,736.5,5.5,144.4,54.63,DEFICIT,1
SH-DHU-4982,Dhubri Sector-10 Relief Center,Dhubri,Assam,flood,26.48274,90.22354,1200,295,0.096,6.8,0,35.4,99.9,186.0,1.2,66.7,100.0,CRITICAL_DEFICIT,0
SH-KUT-4983,Kutch Sector-5 Relief Center,Kutch,Gujarat,earthquake,23.71137,69.94923,300,98,0.405,1.19,1,10.0,378.7,1135.3,7.6,352.1,55.77,DEFICIT,1
SH-SOU-4984,South 24 Parganas Sector-3 Relief Center,South 24 Parganas,West Bengal,cyclone,22.32807,88.80581,500,595,0.05,0.15,1,14.4,183.6,509.9,2.6,67.1,96.0,CRITICAL_DEFICIT,0
SH-SOU-4985,South 24 Parganas Sector-10 Relief Center,South 24 Parganas,West Bengal,cyclone,22.06275,88.45709,150,58,0.469,2.77,1,27.5,58.9,142.7,1.8,55.4,92.11,CRITICAL_DEFICIT,0
SH-BAL-4986,Balasore Sector-17 Relief Center,Balasore,Odisha,cyclone,21.03185,86.93321,800,347,0.65,4.85,0,12.8,1270.7,3393.3,44.9,1042.8,74.96,CRITICAL_DEFICIT,0
SH-KUT-4987,Kutch Sector-15 Relief Center,Kutch,Gujarat,earthquake,23.9898,70.07997,500,453,0.393,2.13,1,13.5,353.0,694.9,10.4,316.4,94.47,CRITICAL_DEFICIT,0
SH-VIS-4988,Visakhapatnam Sector-3 Relief Center,Visakhapatnam,Andhra Pradesh,cyclone,17.58628,82.728,150,95,0.224,5.95,0,36.8,186.6,436.6,4.4,75.6,89.63,CRITICAL_DEFICIT,0
SH-IDU-4989,Idukki Sector-5 Relief Center,Idukki,Kerala,flood,9.96671,77.18436,300,42,0.122,2.87,1,29.0,44.5,113.5,0.6,19.0,84.49,CRITICAL_DEFICIT,0
SH-KAT-4990,Katihar Sector-6 Relief Center,Katihar,Bihar,flood,25.43344,87.51004,500,370,0.304,2.78,0,25.9,345.2,653.9,4.7,170.4,100.0,CRITICAL_DEFICIT,0
SH-IDU-4991,Idukki Sector-14 Relief Center,Idukki,Kerala,flood,9.41098,76.94949,150,100,0.373,0.22,1,11.6,25.8,63.2,0.6,18.3,98.28,CRITICAL_DEFICIT,0
SH-DAR-4992,Darbhanga Sector-6 Relief Center,Darbhanga,Bihar,flood,25.90223,85.74128,150,162,0.149,0.48,1,32.1,1160.4,2516.8,11.9,398.2,16.72,BALANCED,2
SH-KAZ-4993,Kaziranga Sector-6 Relief Center,Kaziranga,Assam,flood,26.24625,93.09723,300,233,0.345,0.54,1,20.8,877.5,1807.9,12.6,594.5,64.98,DEFICIT,1
SH-SOU-4994,South 24 Parganas Sector-12 Relief Center,South 24 Parganas,West Bengal,cyclone,22.35904,88.64944,150,134,0.238,0.47,0,4.9,38.9,86.6,0.7,22.2,100.0,CRITICAL_DEFICIT,0
SH-WAY-4995,Wayanad Sector-8 Relief Center,Wayanad,Kerala,flood,11.7255,76.12218,1200,660,0.112,2.8,1,19.4,2240.3,4282.3,46.2,1596.8,61.84,DEFICIT,1
SH-KUT-4996,Kutch Sector-16 Relief Center,Kutch,Gujarat,earthquake,23.6758,69.73947,150,97,0.24,0.6,1,13.9,300.2,717.9,6.1,257.7,64.28,DEFICIT,1
SH-UTT-4997,Uttarkashi Sector-10 Relief Center,Uttarkashi,Uttarakhand,earthquake,31.20853,78.59466,150,99,0.57,3.25,0,56.6,30.5,81.0,0.8,27.4,100.0,CRITICAL_DEFICIT,0
SH-KAT-4998,Katihar Sector-1 Relief Center,Katihar,Bihar,flood,25.82956,87.63447,800,629,0.329,7.48,1,33.9,559.5,1510.3,14.3,441.0,93.93,CRITICAL_DEFICIT,0
SH-KAZ-4999,Kaziranga Sector-12 Relief Center,Kaziranga,Assam,flood,26.52117,93.0672,800,259,0.309,3.34,1,0.0,524.4,1147.9,11.3,464.5,75.14,CRITICAL_DEFICIT,0
SH-SOU-5000,South 24 Parganas Sector-9 Relief Center,South 24 Parganas,West Bengal,cyclone,22.13814,88.40844,500,99,0.32,2.63,1,33.5,72.4,179.8,0.9,50.1,91.47,CRITICAL_DEFICIT,0
